rollout/ep_rew_mean,time/total_timesteps,time/episodes,time/fps,rollout/ep_len_mean,time/time_elapsed,train/critic_loss,train/n_updates,train/actor_loss,train/learning_rate,eval/mean_ep_length,eval/mean_reward
13.02575275,96,4,3882,24.0,0,,,,,,
23.53482225,181,8,525,22.625,0,0.010822768586323313,64,-1.1596158842245738,0.001,,
28.78383616666667,270,12,319,22.5,0,0.02966479847038334,152,-1.6925086216493086,0.001,,
31.374418187499998,359,16,258,22.4375,1,0.043561212295158344,241,-2.1209079135547984,0.001,,
32.92670995,448,20,229,22.4,1,0.07154410267653673,330,-2.5042938590049744,0.001,,
33.896621,536,24,216,22.333333333333332,2,0.08963225256990302,418,-2.9097447395324707,0.001,,
35.08447875,631,28,215,22.535714285714285,2,0.11004237593574957,507,-3.263562419197776,0.001,,
36.09815021875001,735,32,211,22.96875,3,0.2063329477722828,612,-3.7771931061377892,0.001,,
36.35582283333335,823,36,208,22.86111111111111,3,0.2605999115515839,705,-4.181974324313077,0.001,,
36.528138925,910,40,206,22.75,4,0.48162560029463336,792,-4.665699612010609,0.001,,
,1000,,,,,0.4173751974105835,882,-5.063825680659368,0.001,45.4,82.16699965000153
37.75587025,1023,44,199,23.25,5,,,,,,
40.08569364583334,1177,48,200,24.520833333333332,5,0.4990349154580723,1039,-5.627174680883234,0.001,,
42.69673521153847,1344,52,200,25.846153846153847,6,0.4762250442057848,1206,-6.42858772277832,0.001,,
45.209243464285706,1519,56,200,27.125,7,0.6061924210888274,1378,-7.190518756707509,0.001,,
44.81050701666666,1608,60,198,26.8,8,0.6369145492261107,1490,-7.601617986505682,0.001,,
44.5184925625,1699,64,199,26.546875,8,1.1227745901454578,1581,-7.935325969349254,0.001,,
44.181768,1787,68,199,26.279411764705884,8,0.8408635705709457,1669,-8.352834961631082,0.001,,
45.0166235,1918,72,200,26.63888888888889,9,0.9626998346427391,1793,-8.717557413824673,0.001,,
,2000,,,,,0.8489154088497162,1877,-9.173426946004232,0.001,69.1,136.7697208881378
47.559345789473674,2119,76,194,27.88157894736842,10,0.7847116401140717,1964,-9.301568486473776,0.001,,
52.519551037499994,2424,80,197,30.3,12,1.2088416846508676,2242,-10.094727555910746,0.001,,
55.02796932142856,2653,84,194,31.583333333333332,13,1.2281559886885625,2509,-11.138684349060059,0.001,,
59.23572035227273,2968,88,195,33.72727272727273,15,1.5382158296017707,2793,-12.085359279926006,0.001,,
,3000,,,,,1.4684500007689754,2872,-12.412118077278137,0.001,47.5,85.78558928370475
61.76443485869565,3223,92,192,35.03260869565217,16,1.6719087686719774,3049,-12.983524444775703,0.001,,
65.17344661458334,3533,96,193,36.802083333333336,18,2.1542432278017456,3358,-14.022633743286132,0.001,,
68.46235071,3847,100,193,38.47,19,2.1708376847016506,3674,-15.10652153308575,0.001,,
,4000,,,,,2.2163418040999883,3830,-15.465263080596923,0.001,77.8,145.86426100730895
73.72101645,4157,104,189,40.61,21,2.516666540189793,3985,-16.114707043296413,0.001,,
78.17418033000001,4468,108,189,42.87,23,2.522085427855834,4295,-17.03526844122471,0.001,,
82.38114604,4781,112,190,45.11,25,2.742749424357163,4601,-17.896069878026058,0.001,,
,5000,,,,,2.560429543643803,4840,-18.794094330225235,0.001,77.8,145.38389284610747
86.58839047000001,5091,116,187,47.32,27,2.9085899132948656,4918,-19.00120133620042,0.001,,
90.76910225000003,5401,120,187,49.53,28,2.8127381592601925,5228,-19.87788351988181,0.001,,
95.00064472000003,5711,124,187,51.75,30,3.3342712895992475,5539,-20.78666735918094,0.001,,
,6000,,,,,2.423767913471569,5847,-21.58093055925871,0.001,77.1,142.742142444849
99.00334946,6020,128,185,53.89,32,,,,,,
102.91780539999999,6326,132,185,55.91,34,2.8366119326689305,6155,-22.462142455272186,0.001,,
107.27866768,6640,136,186,58.17,35,3.3701469991114235,6460,-23.268934298784306,0.001,,
112.44226367999998,6983,140,186,60.73,37,3.288689605718435,6803,-24.264239776966182,0.001,,
,7000,,,,,3.352808114318621,6887,-24.33995146978469,0.001,85.0,165.82064179182052
117.23314358999998,7330,144,184,63.07,39,2.982045666422955,7147,-24.910734753276028,0.001,,
121.31974356999999,7674,148,184,64.97,41,3.416810636719068,7492,-25.73617272149949,0.001,,
,8000,,,,,4.523029532925836,7832,-26.59721677953547,0.001,85.9,168.2809611260891
124.96644742999997,8013,152,182,66.69,43,,,,,,
128.55710757999998,8356,156,183,68.37,45,3.926925476255088,8173,-27.142588371454284,0.001,,
133.67810809,8699,160,184,70.91,47,4.352231227803505,8516,-27.935742594979025,0.001,,
,9000,,,,,3.330443015043763,8860,-28.7683648629622,0.001,85.8,168.3810308456421
138.79983782,9043,164,182,73.44,49,,,,,,
143.85025468,9382,168,183,75.95,51,4.0453851743676195,9203,-29.56156894772552,0.001,,
148.17918519,9726,172,183,78.08,52,5.014314040888188,9543,-30.22601318359375,0.001,,
,10000,,,,,4.833834921204766,9888,-30.779757033946904,0.001,85.9,169.42021017670632
151.16824382,10071,176,182,79.52,55,,,,,,
152.07556064,10416,180,182,79.92,57,3.9484652143785324,10234,-31.393617846749045,0.001,,
154.63126806999998,10765,184,183,81.12,58,4.322912843748071,10583,-31.84198552508687,0.001,,
,11000,,,,,5.070861565655675,10842,-31.9950365153226,0.001,85.8,168.29901316165925
155.51695214,11111,188,182,81.43,60,5.022125458994577,10928,-32.14151644152264,0.001,,
157.42183183999998,11451,192,182,82.28,62,6.283220296882721,11268,-32.704772722153436,0.001,,
158.37313727999998,11794,196,182,82.61,64,6.644114302186405,11613,-33.35203874678839,0.001,,
,12000,,,,,5.166131636675666,11867,-33.92576998756046,0.001,84.7,164.95901229977608
159.04484418,12132,200,182,82.85,66,5.36230774529009,11950,-33.461500803629555,0.001,,
159.85244260000002,12472,204,182,83.15,68,5.806746805415434,12291,-34.13237113044376,0.001,,
160.52163684,12807,208,182,83.39,70,4.593475158725466,12629,-34.56583522614979,0.001,,
,13000,,,,,5.89105784332051,12883,-34.824001948038735,0.001,85.6,168.24955083727838
161.30325120999998,13144,212,181,83.63,72,6.082406553221338,12964,-35.174157863709986,0.001,,
162.15460979000002,13484,216,181,83.93,74,5.626424261893349,13308,-35.16718144850297,0.001,,
162.96420591999998,13821,220,182,84.2,75,4.417105851350008,13640,-36.00514621269412,0.001,,
,14000,,,,,5.725678224896276,13898,-36.39356852686682,0.001,84.8,165.47105798125267
163.89462302,14165,224,181,84.54,77,5.9401963716265795,13985,-36.19814486836278,0.001,,
164.95847297999998,14510,228,181,84.9,79,4.080270941230072,14327,-36.70274104628452,0.001,,
165.78903391,14843,232,181,85.17,81,6.6898404359817505,14665,-36.98238336472284,0.001,,
,15000,,,,,5.039001380288323,14833,-36.92750540445017,0.001,84.4,164.84170908927916
166.54707293999996,15185,236,181,85.45,83,6.050236724671864,15003,-37.07185981387184,0.001,,
166.41594001,15521,240,181,85.38,85,6.354075521230698,15345,-37.18541417803083,0.001,,
166.29115908,15862,244,181,85.32,87,6.756408355956854,15683,-37.79631627992142,0.001,,
,16000,,,,,5.938007278614734,15849,-37.90567816757574,0.001,85.4,168.29776727557183
166.29909646,16205,248,180,85.31,89,4.129871860493061,16022,-37.7323876314385,0.001,,
166.39596985,16545,252,180,85.32,91,5.856282597364381,16363,-38.091105971225474,0.001,,
166.45647245,16888,256,180,85.32,93,5.193787499035106,16707,-37.79176984514509,0.001,,
,17000,,,,,5.957720586033755,16878,-38.420085197271305,0.001,85.1,166.71328615546227
166.49555694,17231,260,179,85.32,95,5.704139524347642,17050,-38.5925011745719,0.001,,
166.54731871,17574,264,180,85.31,97,5.750565119954043,17391,-38.75719487389853,0.001,,
166.63046642999998,17915,268,180,85.33,99,5.45101940493251,17735,-39.0427281579306,0.001,,
,18000,,,,,5.372543044033504,17819,-39.09054011390323,0.001,84.2,164.47804014086722
166.63866892,18258,272,179,85.32,101,5.558737693830978,18077,-39.27196325257767,0.001,,
166.58066537,18596,276,179,85.25,103,3.9347461873576757,18415,-39.40967914036342,0.001,,
166.55525071,18939,280,179,85.23,105,5.075619156970534,18758,-39.43801445184752,0.001,,
,19000,,,,,4.654914871384116,18843,-39.208793458484465,0.001,85.0,167.7852216720581
166.52718822999995,19281,284,179,85.16,107,5.296881599481716,19101,-39.45569752537927,0.001,,
166.48011805000002,19623,288,179,85.12,109,5.464314365386963,19443,-39.6323120480492,0.001,,
166.51183901000002,19963,292,179,85.12,111,5.6779692145281055,19783,-39.542982234511264,0.001,,
,20000,,,,,6.899051921708243,19867,-39.58785393124535,0.001,85.1,167.6105192065239
166.47491949,20303,296,179,85.09,113,6.105409982592561,20125,-39.67837435700173,0.001,,
166.59714395,20645,300,179,85.13,115,4.773357865356264,20463,-39.90859204246884,0.001,,
166.77945391,20989,304,179,85.17,116,4.529020553543454,20807,-39.70215570359003,0.001,,
,21000,,,,,5.733153939247131,20893,-40.19690047862918,0.001,85.8,170.45432471632958
167.08428906999998,21335,308,179,85.28,118,5.858732641428366,21152,-40.904196825894445,0.001,,
167.23181827,21676,312,179,85.32,120,4.722602347994959,21494,-39.92732762181482,0.001,,
,22000,,,,,4.4875891984895215,21839,-39.90736389160156,0.001,84.9,166.19443236589433
167.33105797,22020,316,179,85.36,123,,,,,,
167.514917,22365,320,179,85.44,124,4.591304517069529,22183,-40.36082085897756,0.001,,
167.62795482,22709,324,179,85.44,126,4.651552552400633,22527,-40.285657749619595,0.001,,
,23000,,,,,4.894263676432676,22872,-40.267397592234055,0.001,85.6,169.66741572022437
167.6485078,23054,328,178,85.44,128,,,,,,
167.98366422000004,23399,332,179,85.56,130,4.571453034877777,23218,-40.38921178773392,0.001,,
168.07765094999996,23743,336,179,85.58,132,5.890670026855907,23563,-40.086798911870915,0.001,,
,24000,,,,,4.682623317871971,23820,-40.35810427232222,0.001,85.3,168.19530215859413
168.22518667999998,24086,340,178,85.65,134,3.9008762642394665,23906,-40.40038610059162,0.001,,
168.38667746,24430,344,179,85.68,136,5.532905194648476,24248,-40.75003300156704,0.001,,
168.40031516999997,24774,348,179,85.69,138,4.410902713620385,24591,-40.32711871834688,0.001,,
,25000,,,,,4.433161409421899,24851,-40.26873743811319,0.001,85.9,170.46897310614585
168.59875333000002,25120,352,178,85.75,140,4.825372775395711,24938,-40.34851828488436,0.001,,
168.55182868,25460,356,179,85.72,142,5.192554412869846,25281,-40.29121417091007,0.001,,
168.27362559999997,25794,360,179,85.63,143,6.1951280817928085,25612,-40.14507239205496,0.001,,
,26000,,,,,6.1766778971697835,25848,-41.077853228594805,0.001,75.2,139.7021284043789
167.00364484,26093,364,178,85.19,145,3.684465094192608,25922,-39.81333335670265,0.001,,
166.25047165,26408,368,179,84.93,147,6.0606222947438555,26237,-40.62395419630894,0.001,,
165.09988883999998,26710,372,179,84.52,149,5.4195653006837174,26539,-40.27468274090741,0.001,,
,27000,,,,,5.1848393113989575,26845,-40.76252806814093,0.001,75.5,139.94790095090866
164.05103773,27016,376,178,84.2,151,,,,,,
162.99091388000002,27321,380,178,83.82,152,4.037067885398865,27146,-40.17272467362253,0.001,,
161.90597359,27626,384,178,83.45,154,3.8153340291976927,27453,-40.04978509851404,0.001,,
160.96195145000002,27935,388,179,83.12,156,4.660777228000836,27763,-39.842391478709686,0.001,,
,28000,,,,,4.331907571930635,27839,-40.37134813007555,0.001,77.7,145.83138585090637
160.19600301000003,28249,392,178,82.86,158,4.78235282681205,28074,-40.84257526886769,0.001,,
159.45710609000002,28564,396,179,82.61,159,3.5774585596926802,28387,-40.57095668190404,0.001,,
158.41428173,28869,400,179,82.24,161,3.4767408545811973,28696,-39.83839627316124,0.001,,
,29000,,,,,4.369615405797958,28849,-40.85955479270533,0.001,77.6,145.7792014360428
157.39323782,29176,404,178,81.87,163,3.8234928097480383,29004,-40.00533177302434,0.001,,
156.24651706999998,29480,408,179,81.45,164,4.912399227681913,29308,-40.20670609725149,0.001,,
155.13893989000002,29783,412,179,81.07,166,3.7479468740915,29612,-40.33255275927092,0.001,,
,30000,,,,,5.702262199238727,29841,-40.06499089692768,0.001,76.1,140.86164342164994
154.07673277,30089,416,178,80.69,168,5.264474490483602,29916,-40.46901492068642,0.001,,
152.98471521,30393,420,178,80.28,169,5.151765515277912,30222,-40.10591311332507,0.001,,
151.94763336,30701,424,179,79.92,171,4.532056573232015,30529,-40.5351163503286,0.001,,
,31000,,,,,4.5140761105637806,30832,-39.916454917506165,0.001,77.7,146.0787356853485
150.79631409,31004,428,178,79.5,173,,,,,,
149.82472374,31315,432,178,79.16,175,3.7827106788754463,31142,-39.46473388671875,0.001,,
148.93082905,31626,436,179,78.83,176,4.289309377853687,31452,-39.339991056002106,0.001,,
147.97667128,31935,440,179,78.49,178,5.2983451673859046,31761,-40.16852991204513,0.001,,
,32000,,,,,5.158643901348114,31839,-39.77061120057717,0.001,78.0,146.58582344651222
147.04092357000002,32251,444,179,78.21,180,4.234496467170262,32076,-39.49537540617443,0.001,,
146.04325481,32560,448,179,77.86,181,3.640443534790715,32388,-39.87544221878052,0.001,,
144.83946211,32869,452,179,77.49,183,5.266871693887208,32694,-40.09021518104955,0.001,,
,33000,,,,,4.525356923477559,32852,-39.79195919036865,0.001,75.9,139.62653401494026
143.98587357999997,33187,456,179,77.27,185,3.6827017954877905,33003,-39.06947883399757,0.001,,
144.17311044000004,33536,460,179,77.42,187,4.1536377477057185,33351,-39.751236820220946,0.001,,
145.93275069,33911,464,179,78.18,189,4.496956691637144,33727,-39.890757412380644,0.001,,
,34000,,,,,3.1921448463743385,33815,-39.47923963720148,0.001,99.7,199.44733409285544
147.42695270000002,34291,468,178,78.83,191,5.262828916895623,34106,-39.67779092227711,0.001,,
149.0918626,34662,472,179,79.52,193,3.8133617376172264,34472,-39.354347406431685,0.001,,
,35000,,,,,4.183086111190471,34821,-39.81498223162712,0.001,93.6,180.45689574480056
150.16646708,35012,476,178,79.96,195,,,,,,
151.36508113,35368,480,178,80.47,197,3.8512354457378386,35206,-40.01568267822265,0.001,,
152.19513006,35709,484,179,80.83,199,4.122125500791213,35535,-39.56151344662621,0.001,,
,36000,,,,,4.0530120106304395,35806,-39.682936823645306,0.001,101.9,200.22518253922462
154.185842,36110,488,178,81.75,201,3.1358817096414238,35922,-40.10819165459995,0.001,,
154.91217932,36456,492,178,82.07,203,3.8154579202334085,36273,-39.77915081448025,0.001,,
155.74873349,36810,496,179,82.46,205,5.002134016374263,36625,-39.612491142459035,0.001,,
,37000,,,,,4.390749295552571,36888,-39.56403862346303,0.001,81.9,153.21919366717339
156.53569493999998,37153,500,178,82.84,207,4.354688462687702,36970,-39.62392630228182,0.001,,
157.33517325999998,37500,504,179,83.24,209,5.364757392295571,37313,-40.14565853739894,0.001,,
158.13607797999998,37843,508,179,83.63,211,5.340259192937828,37658,-39.933728535970054,0.001,,
,38000,,,,,3.2943240536583795,37837,-39.65038104587131,0.001,92.6,177.86255275011064
159.60761274,38211,512,178,84.28,213,3.5778256441417495,38024,-40.26698223749796,0.001,,
161.19976623,38586,516,179,84.97,215,3.8655118326564413,38397,-39.830298699273,0.001,,
162.75074443,38956,520,179,85.63,217,5.792518765695633,38763,-40.14398267994756,0.001,,
,39000,,,,,3.784983037673321,38860,-40.01317526369679,0.001,93.3,181.7470547258854
164.25272749999996,39331,524,178,86.3,219,4.374600534910684,39143,-40.41410903930664,0.001,,
165.85651783999998,39710,528,179,87.06,221,3.6574878295262656,39521,-40.44808396049168,0.001,,
,40000,,,,,3.7329942223789927,39893,-40.87864329020182,0.001,84.5,165.37319558262826
167.12264483,40080,532,178,87.65,224,,,,,,
167.80122511999997,40426,536,178,88.0,225,3.9389047143103064,40242,-40.496985695578836,0.001,,
168.79803526999996,40780,540,179,88.45,227,6.014718653174008,40594,-41.098394083422285,0.001,,
,41000,,,,,5.085842436136201,40856,-40.36339844104855,0.001,90.6,173.30926486849785
169.56828263999995,41131,544,178,88.8,230,4.638344788033029,40948,-40.14418461011804,0.001,,
170.41449426,41476,548,178,89.16,232,4.612518184156303,41295,-40.570924712390436,0.001,,
170.89360069000003,41802,552,178,89.33,233,3.2287965746486886,41640,-41.125288674997726,0.001,,
,42000,,,,,4.517078233616693,41876,-41.28414726257324,0.001,89.8,171.8730918645859
171.62720948999998,42147,556,178,89.6,236,4.059573846301813,41963,-41.208601663278976,0.001,,
172.23649343,42523,560,178,89.87,237,3.9061720620144853,42337,-40.81410912407769,0.001,,
171.52524449999999,42861,564,178,89.5,239,4.096683035840045,42668,-40.94398432192595,0.001,,
,43000,,,,,5.20840238897424,42860,-40.68904519081116,0.001,95.0,185.35091441869736
171.44628247000003,43234,568,178,89.43,242,4.334302844824614,43040,-41.07325577154392,0.001,,
171.75530154,43619,572,178,89.57,244,4.759840729285259,43427,-41.50828606741769,0.001,,
,44000,,,,,4.094421741541694,43819,-40.72918446858724,0.001,97.4,191.6491528213024
173.33788109,44027,576,178,90.15,246,,,,,,
174.48919392000005,44432,580,178,90.64,248,4.051139172819472,44240,-41.63334959380481,0.001,,
175.26861500000004,44784,584,178,90.75,250,3.9597214691100584,44622,-41.329467404273245,0.001,,
,45000,,,,,5.593099674425627,44861,-41.669014545197186,0.001,101.8,203.46003596186637
175.16966787,45171,588,178,90.61,253,3.8785379037116336,44964,-41.82611399430495,0.001,,
177.01482332999996,45584,592,178,91.28,255,3.517614967011391,45375,-41.63273117390085,0.001,,
,46000,,,,,4.549465045562157,45818,-41.7750605069674,0.001,109.6,223.53526012897493
179.38712101,46018,596,178,92.08,258,,,,,,
181.0314621,46405,600,178,92.52,260,4.170819914163048,46192,-41.838357364430145,0.001,,
184.32633526,46841,604,178,93.41,262,3.8836100603404797,46603,-41.80789244802374,0.001,,
,47000,,,,,3.7193015371401286,46842,-42.45080963446169,0.001,109.3,242.9622269511223
187.28703595000002,47264,608,178,94.21,265,4.233834447531865,47065,-42.32373770352068,0.001,,
191.00945451999996,47724,612,178,95.13,267,5.1437607956867595,47504,-42.548534617704505,0.001,,
,48000,,,,,6.865997525863349,47859,-42.85012763738632,0.001,157.2,422.984049898386
196.25188787,48235,616,177,96.49,271,4.04075638094256,48014,-43.19066316653521,0.001,,
200.33938012000002,48723,620,177,97.67,273,4.904681121649808,48517,-43.663423512079945,0.001,,
,49000,,,,,5.31062448117882,48868,-43.86639779806137,0.001,108.1,235.93245196938514
204.23593934999997,49199,624,177,98.68,277,4.941224145037787,48980,-43.844609464917866,0.001,,
212.14175717,49797,628,177,100.87,279,5.036827980655513,49551,-45.2331137461205,0.001,,
,50000,,,,,5.7581909205637825,49848,-45.329230695157435,0.001,167.4,462.3443570971489
220.32229766999998,50401,632,177,103.21,284,5.938348074137054,50182,-46.209750611105086,0.001,,
226.2625203,50933,636,177,105.07,286,6.176091392356229,50717,-47.50688755081361,0.001,,
,51000,,,,,8.238808423280716,50837,-47.58979460398356,0.001,121.3,270.93636684417726
232.36268956,51464,640,177,106.84,290,7.170069067642607,51194,-48.03122776952283,0.001,,
,52000,,,,,9.245798027899957,51837,-48.51219999635374,0.001,174.4,440.2514906585217
242.36933167999993,52112,644,177,109.81,294,,,,,,
252.49383918999996,52738,648,177,112.62,297,9.205498388835363,52469,-49.67840581621442,0.001,,
,53000,,,,,8.26058242550004,52819,-49.71967701478438,0.001,149.5,392.182670545578
263.69515737,53392,652,176,115.9,301,9.382006165457934,53142,-50.14476376045041,0.001,,
269.33240885,53883,656,177,117.36,304,9.022894819577536,53635,-51.31491924467541,0.001,,
,54000,,,,,9.549731380061099,53787,-51.351521692777936,0.001,137.6,344.23750153779986
276.93307282999996,54469,660,176,119.46,307,9.69461757615702,54238,-51.646993687278346,0.001,,
277.39000278,54775,664,177,119.14,309,11.592813676403415,54533,-52.009440358479814,0.001,,
,55000,,,,,10.986533855987808,54797,-51.67564489073673,0.001,112.7,260.02953058481216
280.09506487,55203,668,176,119.69,312,9.546162287394205,54975,-51.90045738220215,0.001,,
285.16340741999994,55711,672,176,120.92,314,11.214674711227417,55462,-52.39715623855591,0.001,,
278.73027985,55821,676,176,117.94,315,9.756441612243652,55700,-52.456163553091194,0.001,,
272.38530785,55924,680,176,114.92,316,12.195113544464112,55801,-52.32248465220133,0.001,,
,56000,,,,,10.196348175406456,55886,-52.54093098640442,0.001,32.8,56.30916319489479
267.01703108,56037,684,176,112.53,317,13.04758596420288,55914,-51.668586186000276,0.001,,
262.78606342,56225,688,176,110.54,317,15.745868520303206,56041,-51.71443644436923,0.001,,
259.5745662,56451,692,176,108.67,319,8.260056972503662,56330,-52.14211419912485,0.001,,
254.26697055999998,56643,696,177,106.25,319,24.374498060771398,56436,-52.0041435786656,0.001,,
248.81338614999996,56795,700,176,103.9,321,16.364452256096733,56677,-51.65712444598858,0.001,,
241.67004136999995,56949,704,176,101.08,321,10.99181395310622,56807,-52.786006927490234,0.001,,
,57000,,,,,24.337413946787517,56883,-52.41915613810222,0.001,24.3,39.771403312683105
233.95723148999997,57051,708,176,97.87,322,18.773526191711426,56930,-53.53242874145508,0.001,,
224.33868281000002,57129,712,176,94.05,323,7.639952993392944,57022,-51.39962539672852,0.001,,
214.72736267999997,57272,716,177,90.37,323,17.978766918182373,57066,-52.129499435424805,0.001,,
203.89770778,57313,720,176,85.9,324,41.755411529541014,57207,-51.521271514892575,0.001,,
193.20238712,57356,724,176,81.57,324,14.846110387281938,57250,-53.60863367716471,0.001,,
178.52621283,57397,728,176,76.0,324,12.911746835708618,57290,-53.02505187988281,0.001,,
164.00600394,57453,732,176,70.52,324,21.875613649686176,57336,-52.113402684529625,0.001,,
161.59117767,57904,736,177,69.71,326,16.642417074620038,57723,-52.53076535601949,0.001,,
,58000,,,,,17.652752332126393,57808,-52.70333019522734,0.001,121.2,275.48100167512894
157.95567888999997,58327,740,176,68.63,329,18.488920864105225,58146,-52.34596997215634,0.001,,
152.99828688000002,58814,744,177,67.02,331,14.046399501062208,58558,-52.48200010484265,0.001,,
,59000,,,,,16.394039303267082,58865,-52.49673566426316,0.001,112.2,257.1320534825325
149.62152799999998,59351,748,176,66.13,335,14.684671772413017,59114,-52.25966450425445,0.001,,
148.55734850000002,59973,752,177,65.81,338,16.251024472562573,59742,-52.361969863312154,0.001,,
,60000,,,,,14.901599149350767,59877,-52.107234613219305,0.001,140.6,359.91698400378226
149.35479444,60500,756,176,66.17,341,14.813110618755735,60236,-52.84768933263318,0.001,,
,61000,,,,,16.87989862097634,60894,-52.65329954359267,0.001,166.9,446.6891888797283
151.87792825999998,61157,760,176,66.88,346,,,,,,
159.18390632,61726,764,176,69.51,349,16.18586389176146,61485,-52.76974344828043,0.001,,
,62000,,,,,15.988111931756633,61781,-52.79778895060221,0.001,158.6,396.79346200823784
164.52971896,62345,768,176,71.42,353,16.16109168454536,62088,-53.18727521896362,0.001,,
167.34132516000003,62958,772,176,72.47,356,13.034395740456777,62719,-53.75069113953473,0.001,,
,63000,,,,,17.73215540972623,62862,-53.83270374933878,0.001,167.9,436.04354897737505
181.78003628000002,63592,776,176,77.71,360,13.712072083353997,63334,-54.422930002212524,0.001,,
,64000,,,,,15.920903725538425,63831,-54.25214289469891,0.001,181.8,473.0515698373318
198.24881918000005,64315,780,176,83.91,365,13.653657939552602,64012,-54.45099363222227,0.001,,
,65000,,,,,14.237292542641992,64724,-55.08362139188326,0.001,170.9,445.2942592263222
214.69044641,65003,784,175,89.66,369,,,,,,
229.49435505000002,65677,788,175,94.52,373,14.828182011842728,65392,-55.48653719160292,0.001,,
,66000,,,,,18.809818332393963,65773,-56.06426767508189,0.001,163.9,401.10480536818505
241.49790869,66359,792,175,99.08,377,16.911241226079987,66104,-55.701167595095754,0.001,,
253.93456638000004,66998,796,175,103.55,380,16.17329774540701,66738,-56.06699279592007,0.001,,
,67000,,,,,14.342182563572395,66902,-56.48239996375107,0.001,165.9,451.42978639006617
269.29615871999994,67673,800,175,108.78,385,16.64973720435888,67427,-56.680280496785926,0.001,,
,68000,,,,,15.300057417080726,67739,-56.810390331127024,0.001,167.8,460.3471200346947
283.90405559,68327,804,175,113.78,389,15.119417433057512,68089,-56.80741794630029,0.001,,
299.62289031999995,68999,808,175,119.48,392,17.568246293635596,68731,-56.68082736787342,0.001,,
,69000,,,,,16.127379833265792,68903,-56.998388024263605,0.001,174.6,470.51920478343965
317.42462058999996,69708,812,175,125.79,397,15.721519561524087,69442,-57.23348528273562,0.001,,
,70000,,,,,15.977762579917908,69780,-56.88019166673933,0.001,182.4,511.684541785717
333.56586836,70389,816,175,131.17,402,17.31900737976887,70127,-57.591860589526945,0.001,,
,71000,,,,,15.691981982186203,70849,-57.6694993671618,0.001,169.7,465.0170813679695
353.16429795,71117,820,174,138.04,406,,,,,,
370.44930321999993,71793,824,174,144.37,410,17.965601065851025,71534,-58.16744422912598,0.001,,
,72000,,,,,15.156412782724837,71868,-58.22472993717637,0.001,173.6,476.36514777541163
390.23028692,72540,828,174,151.43,415,15.784213282080257,72218,-58.07621778600356,0.001,,
,73000,,,,,16.462872034490363,72811,-59.02660652686809,0.001,169.4,460.1178111672401
409.17262539999996,73257,832,174,158.04,419,17.9572228206383,72993,-58.79943487146399,0.001,,
412.81232044000006,73806,836,174,159.02,422,19.309021132891296,73564,-59.09010608860704,0.001,,
,74000,,,,,17.11999457467816,73877,-59.45826546542616,0.001,171.1,463.95593308210374
422.73673183999995,74522,840,174,161.95,427,15.311154285707085,74248,-59.868094710616376,0.001,,
,75000,,,,,19.13349298330454,74821,-60.234807786487394,0.001,190.9,537.1476500689984
431.11288236000007,75260,844,174,164.46,432,16.17902384247891,74993,-60.62203105660372,0.001,,
433.3006816799999,75868,848,174,165.17,435,16.515518429802686,75617,-61.15611439216428,0.001,,
,76000,,,,,16.66204309055948,75889,-60.742703602231785,0.001,157.0,416.1709247112274
432.32956995999996,76466,852,174,164.93,439,14.24281807001247,76240,-60.964221865631814,0.001,,
,77000,,,,,18.036904967108438,76863,-61.33939436979072,0.001,168.7,454.7079143702984
436.97871889000004,77118,856,173,166.18,443,,,,,,
435.93797407,77745,860,174,165.88,446,18.953140367479886,77470,-61.715772572685694,0.001,,
,78000,,,,,16.225756018416686,77808,-61.90477290153503,0.001,167.0,445.72701089978216
438.8527242,78393,864,173,166.67,450,20.14788911927421,78125,-61.649089716657805,0.001,,
,79000,,,,,19.011155360522753,78788,-61.39977816317944,0.001,164.9,434.61628130078316
439.96184324,79030,868,173,166.85,455,,,,,,
441.58069398,79684,872,173,167.26,458,16.01556039467836,79463,-61.53621653920597,0.001,,
,80000,,,,,19.434314164684046,79787,-61.84884909427527,0.001,173.3,474.35634605288504
442.81182398,80351,876,173,167.59,462,17.15628034826638,80093,-61.83354070912237,0.001,,
,81000,,,,,18.004362883530263,80746,-61.79204595088959,0.001,149.2,369.07126305103304
441.63051887,81009,880,173,166.94,467,,,,,,
438.47025995999996,81614,884,173,166.11,470,19.770098547677737,81347,-62.33454693974675,0.001,,
,82000,,,,,16.32220929009574,81808,-62.14059457661193,0.001,131.5,310.0991101741791
434.70736363000003,82192,888,173,165.15,474,17.62094475530809,81963,-62.0740774575766,0.001,,
433.0994018200001,82802,892,173,164.43,477,17.63372249678364,82551,-61.311753227597194,0.001,,
,83000,,,,,17.81894194654056,82818,-62.06913423538208,0.001,145.4,354.2278319120407
432.26376371,83418,896,173,164.2,481,19.023521213208216,83154,-61.89434162954266,0.001,,
,84000,,,,,16.970655593775252,83714,-61.735660437381625,0.001,175.3,475.7564416885376
434.5564348799999,84168,900,173,164.95,485,17.83645047163352,83909,-62.08022272955511,0.001,,
,85000,,,,,19.626681321693436,84678,-61.7243480030288,0.001,207.8,577.4263466477394
442.92065102999993,85186,904,173,168.59,492,18.42247321101145,84919,-61.695242436726886,0.001,,
438.94092194000007,85751,908,173,167.52,495,17.167619661184457,85491,-61.8145997267503,0.001,,
,86000,,,,,18.17986686081536,85832,-61.38964800888233,0.001,137.8,303.84245079755783
433.8088885399999,86346,912,172,166.38,499,18.425685094097467,86087,-61.426725054544114,0.001,,
,87000,,,,,18.412090790392174,86783,-61.49595329978249,0.001,157.7,375.1294186353683
432.01957879,87034,916,172,166.45,503,,,,,,
428.10711695000003,87675,920,172,165.58,507,18.89205045934104,87398,-61.69258587534835,0.001,,
,88000,,,,,20.786863624669945,87736,-61.80258482920973,0.001,162.3,407.2356261730194
427.15857188999996,88339,924,172,165.46,511,20.432941652793254,88094,-61.42667229620965,0.001,,
,89000,,,,,18.582954779125394,88746,-61.04255338396345,0.001,158.3,406.3768399834633
424.5132259800001,89018,928,172,164.78,515,,,,,,
421.4709786,89671,932,172,164.14,519,18.741944677689496,89435,-60.97634299783146,0.001,,
,90000,,,,,21.87075997696442,89890,-61.5234783791207,0.001,161.0,398.65744546055794
424.33287731999997,90332,936,172,165.26,523,19.45285181294788,90066,-60.98245776783336,0.001,,
419.72758218999996,90928,940,172,164.06,526,21.945400248936245,90703,-60.963344003962376,0.001,,
,91000,,,,,22.073471453762792,90832,-61.13982702401968,0.001,131.3,311.2389096021652
412.62460934,91467,944,172,162.07,530,22.738880541897558,91226,-60.66825491098257,0.001,,
409.08119204,91981,948,172,161.13,533,21.871653527479907,91751,-60.67113365760216,0.001,,
,92000,,,,,19.271015313134264,91885,-60.70319007759664,0.001,122.2,282.4963280260563
404.1526432100001,92441,952,172,159.75,536,19.32670932533467,92250,-60.87272403114721,0.001,,
386.51577098,92528,956,172,154.1,537,21.69444515591576,92410,-60.19496848366477,0.001,,
370.23529624,92616,960,172,148.71,537,21.451762290227983,92496,-60.22392481023615,0.001,,
353.0310318599999,92701,964,172,143.08,537,22.165685892105103,92582,-59.97416000366211,0.001,,
336.55325815,92784,968,172,137.54,538,17.886020565032958,92666,-59.71004524230957,0.001,,
319.54016062000005,92868,972,172,131.84,538,19.242054893856956,92751,-61.15168762207031,0.001,,
,93000,,,,,22.650265550613405,92792,-60.76595916748047,0.001,39.6,53.72578241846058
304.71835711,93048,976,172,126.97,539,18.751647449675062,92930,-60.404663432728164,0.001,,
287.76618492,93131,980,172,121.22,540,21.248702096939088,93014,-59.98446426391602,0.001,,
275.11464636999995,93330,984,172,117.16,541,16.455435434977215,93213,-59.449658203125,0.001,,
260.67891043,93416,988,172,112.24,541,17.03002997807094,93298,-60.24985954978249,0.001,,
245.08702301999998,93501,992,172,106.99,542,19.377610388256254,93384,-59.46323914961381,0.001,,
229.71715978,93590,996,172,101.72,542,20.340795213525947,93472,-59.4105339050293,0.001,,
209.48315727999997,93678,1000,172,95.1,543,19.05389469320124,93560,-59.180109544233844,0.001,,
183.85620783000002,93766,1004,172,85.8,543,24.446906219829213,93648,-58.568504333496094,0.001,,
172.73048959000005,93955,1008,172,82.04,544,17.85706331749924,93836,-59.817062314351396,0.001,,
,94000,,,,,20.86511962890625,93884,-59.795127575214096,0.001,63.5,105.6227944303304
158.98050992,94054,1012,172,77.08,545,23.485589483509894,93932,-58.40392176310221,0.001,,
150.14808893,94491,1016,172,74.57,547,20.98270189385665,94256,-59.26272424062093,0.001,,
144.37324264,94984,1020,172,73.09,549,18.61353033438496,94771,-59.27492061881132,0.001,,
,95000,,,,,20.26532599457309,94888,-58.9427938299664,0.001,104.7,228.90435932278632
136.85881166,95415,1024,172,70.76,552,19.597698942307503,95201,-58.30669064675608,0.001,,
128.04694659,95831,1028,172,68.13,554,22.84498225318061,95615,-58.586181216769745,0.001,,
,96000,,,,,22.06620709614087,95828,-58.7512146970059,0.001,107.7,237.44558661580086
119.28228232,96213,1032,172,65.42,557,21.309065557661512,96030,-58.0151739574614,0.001,,
111.29528190999997,96610,1036,172,62.78,559,20.48912298009637,96385,-58.194974725896664,0.001,,
,97000,,,,,19.03690388671353,96814,-57.93346734774315,0.001,104.2,216.8846426665783
105.19585589,97007,1040,172,60.79,562,,,,,,
100.17566598999998,97390,1044,172,59.23,564,21.1354680952135,97203,-57.244330681694876,0.001,,
97.59901226999999,97818,1048,172,58.37,566,24.839307453672763,97629,-57.218249822067,0.001,,
,98000,,,,,21.37740527306284,97834,-57.137282030923025,0.001,108.9,244.7856907427311
96.04612760999998,98233,1052,172,57.92,569,21.02624933907155,98039,-56.870785453102805,0.001,,
103.76146187,98614,1056,172,60.86,571,22.32722062865893,98422,-56.67442496617635,0.001,,
111.38152532999999,98988,1060,172,63.72,573,21.276577508577738,98793,-56.04623612113621,0.001,,
,99000,,,,,24.025754976754236,98892,-55.726739959716795,0.001,102.9,227.02540472745895
123.26280433999999,99460,1064,172,67.59,575,20.492698417663576,99224,-55.546783326164125,0.001,,
132.35079235999999,99862,1068,172,70.78,578,24.05213311585513,99677,-54.97481987693093,0.001,,
,100000,,,,,24.36971666646558,99852,-54.90999479072038,0.001,108.3,254.54228322505952
141.89660548,100270,1072,172,74.02,580,21.521416210959142,100085,-54.89037737165179,0.001,,
152.80761477,100802,1076,172,77.54,583,20.969172813152444,100576,-54.581308965813626,0.001,,
,101000,,,,,23.210990966634547,100847,-54.29592688424247,0.001,147.5,359.8522047698498
170.31857071000002,101453,1080,172,83.22,587,21.050699145416093,101167,-53.5740472982218,0.001,,
,102000,,,,,21.506694878617377,101829,-53.23783409432189,0.001,201.6,520.731346809864
184.02571022000004,102085,1084,172,87.55,592,,,,,,
204.09309761,102862,1088,172,94.46,596,21.910217884608677,102637,-52.51687916069274,0.001,,
,103000,,,,,21.729426576185595,102766,-52.61488747229943,0.001,155.0,380.566975659132
222.53662569,103589,1092,172,100.88,600,21.7814724445343,103366,-51.974628570231985,0.001,,
,104000,,,,,20.644788486331535,103816,-51.937651273939345,0.001,182.6,473.0726057708263
238.68349143,104231,1096,172,106.41,604,21.068669092087518,103963,-51.501699839552785,0.001,,
256.03919622,104886,1100,172,112.08,608,21.321741110889626,104606,-51.32844779860805,0.001,,
,105000,,,,,20.65781877351844,104790,-51.339090139969535,0.001,149.0,359.7795648336411
271.26008456000005,105503,1104,172,117.37,612,19.251436935152327,105253,-51.613767514910016,0.001,,
,106000,,,,,19.527096957185844,105868,-50.62303023407425,0.001,147.2,364.48846607804296
285.27627023,106126,1108,172,121.71,616,,,,,,
301.2750609000001,106753,1112,172,126.99,619,21.176726386788186,106500,-50.295175488075515,0.001,,
,107000,,,,,20.03687251030982,106800,-50.333142121632896,0.001,154.2,400.40034661889075
308.34029661,107343,1116,172,128.52,623,21.195237322056546,107091,-50.23104901994978,0.001,,
,108000,,,,,21.490679707246667,107770,-49.44465507058536,0.001,156.0,405.82362843155863
315.58135961,108032,1120,172,130.48,627,,,,,,
322.66914115000003,108643,1124,172,132.28,631,19.878553736741377,108398,-49.407876316505146,0.001,,
,109000,,,,,20.886364624935126,108843,-49.02169963981532,0.001,153.7,396.7393584489822
329.51574,109257,1128,171,134.26,636,18.865988419272682,109008,-48.69319874407297,0.001,,
338.37113424,109894,1132,171,136.81,639,20.836946347864664,109646,-48.48708371418278,0.001,,
,110000,,,,,20.39946939443287,109798,-48.69428664759586,0.001,151.3,383.3013949275017
342.5885134,110413,1136,171,138.03,643,18.960617409538976,110138,-48.4577084755411,0.001,,
347.55093178000004,110956,1140,171,139.49,646,19.509062154449687,110716,-48.32177972102511,0.001,,
,111000,,,,,18.73936367034912,110860,-48.20499234729343,0.001,134.1,383.456238424778
354.51960159000004,111527,1144,171,141.37,651,21.58474604545101,111269,-47.95676016038464,0.001,,
,112000,,,,,19.638544188605415,111809,-47.77313408019051,0.001,134.1,332.70985572338105
357.77563623000003,112036,1148,171,142.18,654,,,,,,
359.56373886,112501,1152,171,142.68,657,20.465472133071334,112276,-48.10041731375235,0.001,,
362.13138336000003,112973,1156,171,143.59,660,21.551853777998584,112761,-47.95029934382035,0.001,,
,113000,,,,,19.134403187653113,112877,-47.75809018365268,0.001,137.4,395.68734123706815
370.8727598599999,113545,1160,171,145.57,663,20.948748903510012,113317,-47.38481992556725,0.001,,
,114000,,,,,22.47764492034912,113867,-47.914807985906734,0.001,147.7,431.77443289756775
374.2986601199999,114117,1164,170,146.57,667,,,,,,
384.22407438999994,114756,1168,171,148.94,670,20.460745908776108,114461,-47.3229140190229,0.001,,
,115000,,,,,19.878095222844017,114804,-47.4592907693651,0.001,164.7,451.75024216771124
392.1035834699999,115405,1172,170,151.35,675,19.055406894323962,115122,-47.10037503242493,0.001,,
,116000,,,,,20.039253332676033,115724,-47.411019276764435,0.001,195.0,450.61850402355196
393.47679208,116114,1176,170,153.12,679,,,,,,
390.9979022700001,116749,1180,170,152.96,683,20.67776377150353,116492,-47.30774364065617,0.001,,
,117000,,,,,21.633962283899756,116815,-47.391986375973545,0.001,163.5,403.15881711244583
389.53691402000004,117361,1184,170,152.76,687,19.84774228273812,117106,-47.15630107814983,0.001,,
382.90492329999995,117889,1188,170,150.27,690,19.816639011928014,117632,-47.255565253171056,0.001,,
,118000,,,,,19.525972034620203,117793,-47.13849272727966,0.001,157.1,395.920176166296
379.18206601,118487,1192,170,148.98,694,19.19251129316247,118217,-46.97965849491588,0.001,,
,119000,,,,,17.60135488510132,118732,-47.021846771240234,0.001,139.6,324.95482016801833
374.79969759000005,119024,1196,170,147.93,697,,,,,,
370.62737488,119578,1200,170,146.92,700,19.002466375931448,119306,-46.86579441202098,0.001,,
,120000,,,,,17.697177220506276,119823,-46.965995294907515,0.001,125.1,274.348793387413
371.17858341999994,120189,1204,170,146.86,704,20.740848803738935,119932,-46.63773332075639,0.001,,
360.29947496000005,120477,1208,170,143.51,706,18.26006573930793,120350,-46.81400444724343,0.001,,
346.15494382,120608,1212,170,138.55,706,19.079712480306625,120479,-47.496541261672974,0.001,,
332.68035491,120740,1216,170,133.97,707,16.68373705359066,120613,-46.868646285113165,0.001,,
316.98806208999997,120866,1220,170,128.34,708,20.839791133485992,120738,-46.78829498291016,0.001,,
,121000,,,,,18.047233283519745,120882,-46.98849678039551,0.001,127.8,314.2864056110382
311.47571577,121344,1224,170,127.01,711,18.688016571044923,121136,-46.730741288926865,0.001,,
306.68484456000004,121816,1228,170,125.59,713,19.134551827724163,121605,-46.96767711639404,0.001,,
,122000,,,,,21.129308341948455,121841,-47.00346024831136,0.001,119.9,274.68401928544046
300.45181408,122291,1232,170,123.97,716,19.66597513321343,122074,-47.100163269042966,0.001,,
300.23548973,122816,1236,170,124.03,719,19.669796499046118,122595,-47.51234229835304,0.001,,
,123000,,,,,20.970679951362868,122867,-46.81858026164852,0.001,161.0,416.2608933031559
302.97046163999994,123443,1240,170,124.87,724,18.848945317729825,123201,-46.696319908224126,0.001,,
,124000,,,,,17.644127484025628,123788,-47.23799122849556,0.001,137.6,328.3775549173355
302.32375479999996,124017,1244,170,124.9,727,,,,,,
302.94216775999996,124558,1248,170,125.22,730,18.83211599754182,124330,-47.45135794187847,0.001,,
,125000,,,,,17.477194599338343,124775,-47.29860133856115,0.001,150.3,367.2138223409653
308.00037137999993,125176,1252,170,126.75,734,18.465659796786145,124922,-47.095004055951094,0.001,,
313.82108876,125801,1256,170,128.28,737,18.536283344692656,125551,-47.21836340162489,0.001,,
,126000,,,,,18.720640422535592,125852,-47.286508199330925,0.001,173.4,455.73888037204745
315.09273458,126479,1260,170,129.34,742,18.482900359179524,126190,-47.555630017352364,0.001,,
,127000,,,,,18.02479191864429,126887,-47.53965565929674,0.001,157.9,401.008489716053
316.77997571,127141,1264,170,130.24,746,,,,,,
315.58313155,127839,1268,170,130.83,750,18.040888692966845,127596,-47.94169624730161,0.001,,
,128000,,,,,17.300724572605557,127887,-47.752894242604576,0.001,146.7,378.4389988899231
314.28802099,128473,1272,170,130.68,754,19.062182626862455,128202,-47.880173448203266,0.001,,
,129000,,,,,19.707795565468924,128834,-48.09374640328544,0.001,159.2,403.4856115341187
315.37048013,129100,1276,170,129.86,758,,,,,,
312.77860923000003,129621,1280,170,128.72,761,17.310083351735994,129392,-48.25809121131897,0.001,,
,130000,,,,,17.39739738702774,129839,-48.4293876171112,0.001,156.4,390.5487253427506
312.94875787,130225,1284,170,128.64,765,17.89810233797346,129979,-48.67926041739327,0.001,,
315.10077873,130848,1288,170,129.59,768,20.297948426008226,130598,-48.32737693786621,0.001,,
,131000,,,,,19.084558236134516,130752,-48.48332140043184,0.001,162.4,395.68801748752594
314.92567348000006,131456,1292,170,129.69,772,17.651953290490543,131201,-48.353391142452466,0.001,,
,132000,,,,,17.396980441591275,131842,-48.667712116241454,0.001,144.9,344.3784512400627
318.71136478000005,132071,1296,170,130.47,776,,,,,,
321.86648164999997,132723,1300,170,131.45,779,18.426077757941353,132459,-49.01303753323025,0.001,,
,133000,,,,,18.389550613634515,132792,-48.95195682939276,0.001,163.6,409.68631381988524
324.02943524,133393,1304,170,132.04,784,17.933515293998006,133109,-49.227461862564084,0.001,,
,134000,,,,,19.130768183299473,133705,-49.300396801176525,0.001,180.1,476.00228633880613
338.5506633000001,134156,1308,169,136.79,790,18.48941008563112,133908,-49.458695430381624,0.001,,
355.39516289,134933,1312,169,143.25,793,18.275171546708968,134562,-49.344164939153764,0.001,,
,135000,,,,,17.377030629244718,134837,-49.27942660255154,0.001,157.7,395.8260237216949
369.1575968799999,135567,1316,169,148.27,798,17.536417254441076,135310,-49.97987158639091,0.001,,
,136000,,,,,17.61199872030152,135787,-49.73601579666138,0.001,166.7,433.021609377861
383.22474482000007,136204,1320,169,153.38,803,17.098262771886056,135978,-49.683970053990684,0.001,,
389.12276984999994,136868,1324,169,155.24,807,17.484900922723156,136600,-50.02202825960906,0.001,,
,137000,,,,,16.430183163909025,136772,-50.34999479249466,0.001,156.5,400.6511734724045
395.8497987900001,137550,1328,169,157.34,812,17.660689070745168,137264,-50.48692591503413,0.001,,
,138000,,,,,15.636108528483998,137843,-51.06173393943093,0.001,133.3,338.88250986337664
400.10739043000007,138145,1332,169,158.54,816,,,,,,
392.27118784000004,138393,1336,169,155.77,818,20.342843410580656,138177,-50.74786104474749,0.001,,
381.71667193999997,138663,1340,169,152.2,819,14.22642101412234,138431,-50.98643526823624,0.001,,
,139000,,,,,17.840182198060525,138772,-50.69538972184465,0.001,178.0,448.5612545609474
379.50662943000003,139164,1344,168,151.47,823,18.96923470756282,138956,-50.54777692711872,0.001,,
371.15337351,139422,1348,168,148.64,825,18.227255363464355,139210,-50.61713882446289,0.001,,
364.11506612,139827,1352,168,146.51,827,18.219996054967243,139604,-51.03158187866211,0.001,,
,140000,,,,,19.211771937211356,139851,-51.28100865681966,0.001,117.2,258.4004965782166
358.41319221,140305,1356,168,145.04,830,18.776677147954956,140090,-51.07096177440579,0.001,,
350.89973391,140770,1360,168,142.91,833,19.780687517824425,140558,-51.080763498942055,0.001,,
,141000,,,,,17.50235616763433,140794,-51.01494572957357,0.001,121.2,263.4059940457344
344.3517563799999,141252,1364,168,141.11,837,19.4597909450531,141031,-51.48984514202988,0.001,,
337.04248157,141737,1368,168,138.98,839,20.08451088000152,141521,-51.6416847746251,0.001,,
,142000,,,,,18.868325186169837,141881,-51.86521555582682,0.001,119.2,259.49016071558
331.25662751,142213,1372,168,137.4,843,19.983203260307636,141998,-51.80009356999801,0.001,,
326.74210305,142724,1376,168,136.24,846,16.646041544074688,142515,-52.170634762994176,0.001,,
,143000,,,,,17.393122680851672,142866,-52.00869306970815,0.001,119.3,262.50133858919145
324.62983219,143202,1380,168,135.81,849,21.085153603754122,142985,-52.079390897589214,0.001,,
319.6679220600001,143658,1384,168,134.33,852,20.572684314034202,143449,-51.84096749045632,0.001,,
,144000,,,,,17.174209395698878,143795,-52.000819892214054,0.001,111.8,242.73696792721748
313.99407127,144115,1388,168,132.67,855,16.799596917738608,143904,-52.64290806163441,0.001,,
309.79378727000005,144592,1392,168,131.36,858,20.258207459735054,144377,-52.30516736260776,0.001,,
,145000,,,,,20.305980185831874,144848,-52.83775442154681,0.001,116.6,253.1817221045494
304.39343875,145063,1396,168,129.92,861,,,,,,
298.23060527,145531,1400,168,128.08,864,19.591121539596685,145321,-52.57441158294678,0.001,,
,146000,,,,,19.473430194685946,145796,-52.4848508332905,0.001,119.6,260.3630928993225
290.62798415,146009,1404,168,126.16,868,,,,,,
281.08799475999996,146490,1408,168,123.34,870,18.84625806013743,146276,-53.11545314788818,0.001,,
272.62831582000007,146966,1412,168,120.33,873,19.009135270118712,146751,-52.8273962020874,0.001,,
,147000,,,,,16.791216585816457,146870,-53.08596261342367,0.001,120.7,261.65560922622683
267.36583745,147450,1416,168,118.83,877,18.36607401488257,147234,-52.98603839561587,0.001,,
261.64160716000004,147920,1420,168,117.16,879,18.04402127912489,147708,-53.38528060913086,0.001,,
,148000,,,,,19.09111671201114,147824,-53.2979929693814,0.001,119.4,259.9943536520004
255.15095220999999,148394,1424,168,115.26,883,17.964288954077094,148178,-53.03461896962133,0.001,,
248.03787908,148873,1428,168,113.23,885,16.997057161411316,148657,-53.28581890817416,0.001,,
,149000,,,,,20.395804437540345,148895,-53.47598150220968,0.001,119.5,259.8314196228981
243.66349145999996,149350,1432,167,112.05,889,19.287537825309624,149135,-53.6211582119182,0.001,,
249.18288156000003,149823,1436,167,114.3,892,22.029735350608824,149615,-53.64943504333496,0.001,,
,150000,,,,,16.629968404769897,149845,-53.44866762322894,0.001,119.1,258.16971586942674
253.97746036,150300,1440,167,116.37,895,18.19288763506659,150083,-53.895611730115164,0.001,,
252.36807332000004,150781,1444,167,116.17,898,17.458518739474023,150565,-53.62158597525904,0.001,,
,151000,,,,,17.39251072804133,150805,-53.561258506774905,0.001,119.4,259.5470015883446
257.96952437,151266,1448,167,118.44,902,18.980714328827396,151050,-54.09881222632624,0.001,,
259.80552647999997,151750,1452,167,119.23,904,17.29246317855711,151534,-54.00131625513877,0.001,,
,152000,,,,,18.91485178268562,151889,-54.003802994550284,0.001,120.4,262.07985163927077
259.71165492999995,152225,1456,167,119.2,908,18.291386447969032,152011,-54.126594793601114,0.001,,
259.90667322,152701,1460,167,119.31,910,20.440789408602956,152485,-54.04052850755595,0.001,,
,153000,,,,,20.724850993511104,152844,-54.098244463811156,0.001,117.8,257.47898279428483
259.82094637,153179,1464,167,119.27,914,16.592414278944,152963,-54.115415088200976,0.001,,
259.71578045,153660,1468,167,119.23,917,19.476403524895677,153445,-54.61469656734143,0.001,,
,154000,,,,,18.37918354117352,153797,-54.24294227466249,0.001,118.8,258.2134722471237
259.63867057999994,154132,1472,167,119.19,920,19.021531957920974,153920,-54.321787126602665,0.001,,
258.34158590999994,154601,1476,167,118.77,923,18.58471950434022,154389,-54.584330348645224,0.001,,
,155000,,,,,16.652791740480534,154866,-54.15761134663566,0.001,114.3,249.4242678642273
258.29546784999997,155076,1480,167,118.74,926,,,,,,
258.46105603,155540,1484,167,118.82,929,18.208203439054817,155327,-54.90535644005085,0.001,,
,156000,,,,,17.4786781838962,155796,-54.42071901048933,0.001,118.9,259.5562595963478
258.75983968,156012,1488,167,118.97,932,,,,,,
258.6093946,156482,1492,167,118.9,935,18.508317762407763,156267,-55.001495098245556,0.001,,
258.62765441000005,156952,1496,167,118.89,937,18.101045934563007,156739,-55.07256165866194,0.001,,
,157000,,,,,21.37968458681025,156856,-54.88999169559802,0.001,116.9,254.91376248598098
256.79478467999996,157346,1500,167,118.15,941,17.97225186699315,157203,-54.5307627226177,0.001,,
254.89984397,157734,1504,167,117.25,943,20.637169546551174,157528,-54.85360180890119,0.001,,
,158000,,,,,19.253370778035308,157879,-54.49637422723285,0.001,118.7,259.648614025116
259.15960156,158320,1508,167,118.3,946,20.319730896595097,158000,-55.075855380198995,0.001,,
259.0477731099999,158766,1512,167,118.0,949,17.978389978408813,158567,-54.66495874949864,0.001,,
,159000,,,,,18.773975348272245,158789,-54.729627512269104,0.001,118.9,281.98475815057753
263.07580155,159338,1516,167,118.88,953,17.238820245049215,159118,-55.032182728160514,0.001,,
267.99767982000003,159933,1520,167,120.13,957,18.607739997141568,159719,-54.55345090847571,0.001,,
,160000,,,,,17.741490727764067,159837,-54.94752308473749,0.001,142.5,347.0207833349705
273.79674426,160569,1524,166,121.75,961,17.896344539338507,160353,-54.72509963171823,0.001,,
,161000,,,,,16.883389461040498,160829,-54.81057211558024,0.001,142.3,321.0729295015335
273.71111227,161046,1528,166,121.73,965,,,,,,
273.76150829,161530,1532,166,121.8,967,16.071030620544676,161307,-55.16628144279359,0.001,,
,162000,,,,,18.952523788452147,161808,-54.84752073742094,0.001,122.9,266.2233201384544
274.18430835,162027,1536,166,122.04,971,,,,,,
274.45837200000005,162518,1540,166,122.18,974,19.102492099855006,162298,-54.70119482471097,0.001,,
,163000,,,,,19.533291452512966,162792,-55.036625146865845,0.001,121.8,262.74473222494123
274.73543728,163017,1544,166,122.36,977,,,,,,
274.86022489999993,163508,1548,166,122.42,980,19.232837791285238,163290,-55.09317498128922,0.001,,
,164000,,,,,19.500097546151014,163784,-55.29028129577637,0.001,123.4,266.9620240211487
275.01629234,164003,1552,166,122.53,983,,,,,,
275.46766476,164506,1556,166,122.81,986,17.265155573360257,164283,-55.094792037713724,0.001,,
275.65760038,164996,1560,166,122.95,989,16.94085730402923,164779,-55.368997955322264,0.001,,
,165000,,,,,18.06810976454049,164900,-55.49045568997742,0.001,201.4,547.8172498703003
279.46002274,165583,1564,166,124.04,993,16.02666928729073,165373,-55.7311746566022,0.001,,
,166000,,,,,18.99731536027862,165843,-55.76350746780145,0.001,123.1,266.72923691272734
279.44246968,166060,1568,166,124.0,997,,,,,,
279.6909438100001,166546,1572,166,124.14,1000,17.96984796524048,166330,-55.97776470184326,0.001,,
,167000,,,,,17.32209436558495,166813,-55.92702299753825,0.001,121.6,263.289585006237
279.94677962000003,167030,1576,166,124.29,1004,,,,,,
279.92266823,167503,1580,166,124.27,1007,18.766109330313547,167290,-55.558817291259764,0.001,,
280.30277151999996,167987,1584,166,124.47,1009,16.796730949032693,167769,-55.59445701106902,0.001,,
,168000,,,,,18.101842125908274,167891,-55.588396103655704,0.001,120.0,260.6360717177391
280.32710262000006,168460,1588,166,124.48,1013,16.964286197315563,168246,-55.930498154436954,0.001,,
,169000,,,,,17.112943844000498,168723,-55.8803352355957,0.001,180.5,449.290202152729
284.20984754000006,169055,1592,166,125.73,1017,,,,,,
290.93743350000005,169723,1596,166,127.71,1021,17.81845221437257,169430,-56.181423285911826,0.001,,
,170000,,,,,17.584045862849756,169864,-56.07653116178112,0.001,215.6,521.1110066145659
304.83365055,170577,1600,165,132.31,1027,15.980040708534148,170297,-55.859479919681704,0.001,,
,171000,,,,,17.12668954659693,170803,-56.034426481827445,0.001,195.3,539.2037327289581
324.61596796999993,171584,1604,165,138.5,1034,17.247546044003915,171263,-56.39044372558594,0.001,,
,172000,,,,,18.672006039115473,171734,-56.172034752078176,0.001,218.1,478.8018434435129
331.9017219400001,172558,1608,165,142.38,1041,18.733401998203604,172127,-56.52984592168018,0.001,,
,173000,,,,,16.08013637431033,172684,-56.45750654065931,0.001,223.7,584.4417796194554
346.94423812,173475,1612,165,147.09,1048,16.871023054655435,173151,-56.781872924493285,0.001,,
,174000,,,,,17.444281587729584,173727,-56.24549102783203,0.001,203.1,587.9664611935616
351.30731966999986,174172,1616,165,148.34,1054,17.654700534228972,173914,-56.50777865470724,0.001,,
354.96954016,174871,1620,165,149.38,1058,17.473752873106154,174632,-56.56889935334524,0.001,,
,175000,,,,,17.402008496798,174775,-56.681306704668934,0.001,167.5,448.70028121471404
360.83532318,175638,1624,165,150.69,1064,18.10867882276836,175377,-57.026763835706205,0.001,,
,176000,,,,,18.066257104823727,175887,-56.498968786942335,0.001,176.7,470.24319115877154
369.06468557,176336,1628,164,152.9,1069,19.603510288482017,176075,-56.58102802520103,0.001,,
375.00465410000004,176962,1632,165,154.32,1072,16.760577436755685,176700,-56.918233534869024,0.001,,
,177000,,,,,18.018300254660918,176866,-56.938685359725035,0.001,158.0,407.1236295700073
380.19257385000003,177591,1636,164,155.64,1077,19.0371851090462,177351,-57.33047411039278,0.001,,
,178000,,,,,18.011344400071007,177767,-57.07563951932467,0.001,147.1,376.43228843212125
382.92319268,178137,1640,164,156.19,1081,19.190469095672388,177905,-57.142681011255235,0.001,,
384.44495948,178655,1644,164,156.38,1083,18.373118175296334,178422,-56.70613384246826,0.001,,
,179000,,,,,18.440330391838437,178852,-56.82251414737186,0.001,143.5,350.5976648747921
385.2964560599999,179124,1648,164,156.16,1087,18.25298867906843,178999,-57.34477615356445,0.001,,
388.32606813999996,179686,1652,164,156.83,1090,18.07578281922774,179447,-57.35040132927172,0.001,,
,180000,,,,,18.009840287102595,179881,-57.07807871121079,0.001,150.0,383.51750260591507
392.6040192699999,180285,1656,164,157.79,1094,16.02356601690317,180035,-56.995400614552686,0.001,,
397.67614925999993,180890,1660,164,158.94,1097,18.54752464570861,180637,-57.079142750173375,0.001,,
,181000,,,,,16.626465168728192,180794,-57.15386127520211,0.001,167.8,446.82074535489085
400.81408757,181539,1664,164,159.56,1102,18.69222951209408,181282,-57.1696338434329,0.001,,
,182000,,,,,18.30501913274609,181784,-57.396619367599484,0.001,168.0,434.80343676805495
408.08230236,182218,1668,164,161.58,1107,18.64525258688279,181946,-57.72192071985315,0.001,,
414.21123095999997,182872,1672,164,163.26,1110,15.787450968790397,182573,-57.29322765184485,0.001,,
,183000,,,,,18.06661010375751,182776,-57.72940044777066,0.001,164.4,446.2532096385956
422.0212545499999,183543,1676,164,165.13,1115,18.7808902511349,183277,-57.612907013335786,0.001,,
,184000,,,,,17.684218607753156,183782,-57.706077253962135,0.001,187.4,534.6958804249764
430.98409723000003,184238,1680,164,167.35,1120,18.655684086271954,183979,-58.09554699489048,0.001,,
436.67777704,184866,1684,164,168.79,1123,18.338465896963378,184602,-57.55592834117801,0.001,,
,185000,,,,,17.815662718954542,184770,-57.56552046821231,0.001,173.2,468.6539930820465
444.2947994299999,185542,1688,164,170.82,1128,18.566960981228206,185282,-57.82639836629232,0.001,,
,186000,,,,,16.797247395103362,185750,-57.72601068755727,0.001,160.7,408.4172991514206
445.84637223,186167,1692,164,171.12,1132,17.582622356531097,185914,-57.91186993296554,0.001,,
444.17897121999994,186766,1696,164,170.43,1135,20.072818768569846,186518,-57.8590906811999,0.001,,
,187000,,,,,18.658956202907838,186808,-57.41274200660595,0.001,155.0,388.7180567443371
436.3106825699999,187350,1700,164,167.73,1139,18.118648345174353,187106,-57.595906740659245,0.001,,
422.6849843900001,187949,1704,164,163.65,1142,19.38399520310216,187711,-58.008108501192886,0.001,,
,188000,,,,,18.41989414792665,187853,-57.84100180612484,0.001,145.2,356.84942175745965
417.31338459,188590,1708,164,160.32,1147,19.14565408931059,188318,-57.895689679430674,0.001,,
,189000,,,,,18.755473089742136,188840,-57.70658719408643,0.001,165.1,432.54208010435104
409.1456289200001,189254,1712,164,157.79,1151,18.11770856973216,189021,-57.8210632748074,0.001,,
404.8769952200001,189844,1716,164,156.72,1155,18.72446872110236,189585,-57.855540967967414,0.001,,
,190000,,,,,16.93739941006615,189874,-58.17884311978779,0.001,144.9,363.6576611161232
400.7146232500001,190430,1720,164,155.59,1159,20.521649197528237,190180,-57.850373017160514,0.001,,
,191000,,,,,18.377260400144845,190787,-58.275614764239336,0.001,155.6,398.9143533408642
394.40885499,191049,1724,164,154.11,1163,,,,,,
393.26149709000003,191708,1728,164,153.72,1167,17.268973279394498,191462,-58.065181229140734,0.001,,
,192000,,,,,17.03346746245776,191775,-58.26148760760272,0.001,153.5,398.637095618248
393.84542518999996,192343,1732,164,153.81,1171,18.664072046474534,192067,-58.63335450054848,0.001,,
394.4865712499999,192990,1736,164,153.99,1175,19.63546019110061,192741,-58.1288695702186,0.001,,
,193000,,,,,19.226982786764506,192894,-58.12841167697659,0.001,156.5,410.9147653400898
396.63728962,193597,1740,163,154.6,1181,18.427076895544133,193367,-58.19313915864921,0.001,,
,194000,,,,,20.44131222091803,193859,-58.15790790622517,0.001,118.3,257.2609730064869
394.71688453,194074,1744,163,154.19,1185,,,,,,
397.69558786,194650,1748,163,155.26,1189,18.61750673585468,194393,-58.73585409588284,0.001,,
,195000,,,,,19.394467085349458,194797,-58.24171829223633,0.001,118.5,256.74615334272386
394.39945205,195130,1752,163,154.44,1193,19.263467465550445,194918,-58.281817264244204,0.001,,
391.94420512000005,195657,1756,163,153.72,1197,19.059603645376963,195442,-58.30920666211272,0.001,,
,196000,,,,,17.741930190722147,195798,-58.772955958048506,0.001,118.6,257.75650411844254
386.69053285999996,196135,1760,163,152.45,1203,20.715442306975014,195915,-58.30798925202468,0.001,,
379.6094126800001,196604,1764,162,150.65,1206,19.667058716472397,196391,-58.50702752738163,0.001,,
,197000,,,,,23.78940631866455,196790,-58.12580411396329,0.001,117.7,256.9987790465355
373.89144357,197120,1768,162,149.02,1212,19.951165963863506,196906,-58.30022404111665,0.001,,
369.5337629499999,197641,1772,162,147.69,1216,18.996493092898664,197429,-58.18377626353297,0.001,,
,198000,,,,,21.749574332678016,197785,-58.194207724878346,0.001,118.6,258.5246937394142
361.67978267,198125,1776,162,145.82,1222,18.441686536444994,197907,-58.48256195568648,0.001,,
352.79464794,198603,1780,161,143.65,1226,21.085408186508438,198385,-58.259858923443296,0.001,,
,199000,,,,,18.646645776296065,198861,-58.80922382160769,0.001,119.7,259.87472025156023
346.88617337000005,199075,1784,161,142.09,1232,,,,,,
339.3751175600001,199554,1788,161,140.12,1236,20.961454621950786,199337,-58.472779273986816,0.001,,
,200000,,,,,18.605662446681077,199820,-58.62431913806546,0.001,120.1,261.4455896258354
334.20859461,200039,1792,161,138.72,1242,,,,,,
