rollout/ep_rew_mean,time/time_elapsed,rollout/ep_len_mean,time/episodes,time/total_timesteps,time/fps,train/learning_rate,train/actor_loss,train/n_updates,train/critic_loss,eval/mean_reward,eval/mean_ep_length
17.67479525,0,26.0,4,104,3367,,,,,,
9.146378499999999,0,17.5,8,140,517,0.001,-0.4334065243601799,55,0.023812573817041185,,
7.862146333333333,0,15.0,12,180,402,0.001,-0.5970073223114014,94,0.01686560660600662,,
7.2508871875,0,13.75,16,220,351,0.001,-0.6522996068000794,134,0.015804228326305746,,
6.884070799999999,0,13.0,20,260,319,0.001,-0.7611273407936097,174,0.013707310333848,,
6.641378458333333,0,12.5,24,300,306,0.001,-0.8684047102928162,214,0.013917671283707023,,
6.4663061428571424,1,12.142857142857142,28,340,291,0.001,-0.8390899538993836,254,0.017813706956803798,,
6.3336635,1,11.875,32,380,277,0.001,-0.8937521815299988,294,0.012552274391055107,,
6.229750694444444,1,11.666666666666666,36,420,267,0.001,-0.9620200634002686,334,0.011030659871175885,,
6.147712725,1,11.5,40,460,258,0.001,-0.9596800804138184,374,0.015227458160370588,,
6.079630863636364,1,11.363636363636363,44,500,253,0.001,-0.9654156923294067,414,0.014994034357368947,,
6.024135333333334,2,11.25,48,540,247,0.001,-1.05355064868927,454,0.014180790074169636,,
5.976576307692308,2,11.153846153846153,52,580,243,0.001,-1.0393214225769043,494,0.009512430196627975,,
5.935351196428571,2,11.071428571428571,56,620,239,0.001,-1.0950379252433777,534,0.0073705201502889395,,
5.899248683333332,2,11.0,60,660,237,0.001,-1.1191016912460328,574,0.013968841591849922,,
5.869013921875,2,10.9375,64,700,235,0.001,-1.2173965215682983,614,0.00690273279324174,,
5.8436900147058815,3,10.882352941176471,68,740,235,0.001,-1.185250997543335,654,0.010721915145404637,,
5.820574958333334,3,10.833333333333334,72,780,234,0.001,-1.1333324670791627,694,0.01070534884929657,,
5.7997132763157895,3,10.789473684210526,76,820,233,0.001,-1.2422497987747192,734,0.012060506828129291,,
5.784261262500001,3,10.75,80,860,233,0.001,-1.2425561428070069,774,0.011257572704926134,,
7.358725202380954,4,11.285714285714286,84,948,235,0.001,-2.1705850037661465,850,0.079382437704639,,
,,,,1000,,0.001,-2.3330291618000376,917,0.16266088881953197,46.62414175271988,27.7
8.567729295454546,4,12.045454545454545,88,1060,225,0.001,-2.570152163505554,945,0.17796182233308042,,
12.463536358695654,6,14.717391304347826,92,1354,222,0.001,-3.5759290998632256,1250,0.23816355470229278,,
12.189483052083332,6,14.395833333333334,96,1382,219,0.001,-3.918654282887777,1299,0.2645233614104135,,
13.833300229999997,6,15.05,100,1505,229,0.001,-4.108905613422394,1345,0.3496411392092705,,
18.59066006,8,16.85,104,1789,223,0.001,-5.370243582614632,1664,0.42346715095431303,,
,,,,2000,,0.001,-6.183540802735549,1875,0.4315979407643372,95.32521881461143,51.5
22.543253930000002,9,18.62,108,2002,215,,,,,,
26.435013350000006,10,20.43,112,2223,216,0.001,-7.061209449061641,2087,0.4002863366018843,,
31.13967621,11,22.68,116,2488,217,0.001,-8.082585280282157,2340,0.5735509683904441,,
37.14653171,12,25.44,120,2804,218,0.001,-9.3359672965073,2648,0.8526840368058624,,
,,,,3000,,0.001,-10.426832036274236,2897,1.1630826020022718,155.81745792031288,79.2
43.40310033000001,14,28.32,124,3132,211,0.001,-10.749554711419183,2970,1.1729853757440227,,
49.74158208,16,31.22,128,3462,211,0.001,-12.07440329706946,3310,1.6722902548174525,,
55.04594396,17,33.73,132,3753,213,0.001,-13.140853274952281,3591,1.8300807218660007,,
,,,,4000,,0.001,-14.372536803736832,3885,2.2833957929502833,159.92085359096527,80.7
60.431617720000006,19,36.26,136,4046,208,,,,,,
65.10851432999999,20,38.52,140,4312,207,0.001,-15.43638698032924,4172,2.8664827549803085,,
70.58070572,22,41.06,144,4606,208,0.001,-16.502770991552445,4469,2.2992060230058784,,
76.21837194999999,23,43.68,148,4908,211,0.001,-17.66453626078944,4746,2.4808657638362197,,
,,,,5000,,0.001,-17.96098451053395,4901,3.656624832878942,168.83998115062712,85.7
81.98741343999998,25,46.38,152,5218,207,0.001,-18.58831400190081,5057,3.2834769240447454,,
88.36003249999997,26,49.32,156,5552,208,0.001,-19.65809608641125,5391,3.728353064200457,,
95.01877121,28,52.36,160,5896,209,0.001,-20.87710109976835,5734,3.6167204109735267,,
,,,,6000,,0.001,-21.36803112473599,5906,4.131586511467779,169.0539934337139,85.9
101.55939717,30,55.41,164,6241,206,0.001,-22.035693862221457,6078,3.894281374997106,,
108.22122886999999,31,58.47,168,6587,206,0.001,-23.061105381358754,6424,3.6477712968300127,,
114.90215619,33,61.55,172,6935,207,0.001,-24.43483131582087,6772,4.263172153768869,,
,,,,7000,,0.001,-24.515443225239597,6859,4.080752291898618,170.29497310519218,86.1
121.40830289000002,35,64.59,176,7279,205,0.001,-25.232075713401617,7117,4.137293489866479,,
127.85451542999999,37,67.6,180,7620,205,0.001,-26.38503819420224,7459,3.757025224321029,,
133.04864016,38,70.14,184,7962,206,0.001,-27.514690887096318,7799,3.85014654869257,,
,,,,8000,,0.001,-27.64158535003662,7886,4.451061974996808,168.94041393399237,86.0
138.39542806999998,40,72.45,188,8305,204,0.001,-28.331286896106807,8143,3.8812784594158796,,
141.18043195,42,72.95,192,8649,204,0.001,-29.566871007283527,8487,4.0035728328368245,,
147.54629622000002,43,76.08,196,8990,205,0.001,-30.382790747142973,8829,4.313605261700494,,
,,,,9000,,0.001,-30.661278613778048,8914,4.288962681153241,166.05703455209732,85.2
152.12378907999997,45,78.26,200,9331,203,0.001,-30.929826827276322,9169,4.689185564658221,,
153.32461841,47,78.85,204,9674,204,0.001,-32.154884870662244,9514,4.209711383941562,,
,,,,10000,,0.001,-32.867779266002564,9852,4.616892039074617,168.9134488940239,85.8
155.98439575000003,49,80.12,208,10014,203,,,,,,
160.15579646,50,82.51,212,10474,205,0.001,-33.419611553813134,10196,3.8616201822147813,,
156.30202034,51,80.76,216,10564,203,0.001,-33.56398344039917,10451,12.285568153156953,,
156.7634505,53,81.03,220,10907,204,0.001,-34.93542604668196,10747,6.255314536478328,,
,,,,11000,,0.001,-35.12868395718661,10918,5.714196809406938,168.07946944236755,85.9
157.10559648999998,55,81.23,224,11255,203,0.001,-35.87915732643821,11092,5.325271661254181,,
157.12636749,56,81.32,228,11594,204,0.001,-36.33300590515137,11433,5.472267392135802,,
158.21792428999998,58,81.82,232,11935,204,0.001,-36.915880839029946,11773,6.41078979344595,,
,,,,12000,,0.001,-37.14110254686932,11859,5.551089121851811,167.26895761489868,86.0
159.11286843999997,60,82.25,236,12271,203,0.001,-37.366248061017295,12111,5.545349802912735,,
160.95206026000002,62,83.05,240,12617,203,0.001,-38.243825247121414,12454,4.436639383259942,,
161.95038562,63,83.56,244,12962,203,0.001,-38.79796715669854,12798,4.47083554688622,,
,,,,13000,,0.001,-38.84178898551247,12886,6.2418446215716274,166.67223030924796,85.9
162.77686682999996,65,83.98,248,13306,202,0.001,-39.026896650140934,13145,5.2675829909064555,,
163.58074950999998,67,84.35,252,13653,202,0.001,-39.83147696561591,13489,5.959010795615185,,
,,,,14000,,0.001,-39.873269687999375,13838,5.229666209768975,169.30867372155188,86.6
163.81434982,69,84.49,256,14001,200,,,,,,
163.68076676,71,84.5,260,14346,201,0.001,-40.63697451636905,14184,4.46634132172688,,
163.58326203000001,72,84.44,264,14685,201,0.001,-41.17990811665853,14521,7.072407826071694,,
,,,,15000,,0.001,-41.31036807329227,14891,5.707417559929383,156.2619282901287,78.5
163.82831388,74,84.59,268,15046,200,,,,,,
163.22033907000002,76,84.27,272,15362,201,0.001,-41.909510001158104,15207,7.227730233458024,,
162.62216411,77,83.95,276,15674,201,0.001,-41.96242024348332,15520,4.549933311266777,,
,,,,16000,,0.001,-42.949779882663634,15843,3.7036859029676856,197.9471340894699,90.9
162.8576599,79,83.9,280,16010,200,,,,,,
163.25655847,81,83.91,284,16353,200,0.001,-43.33218719845726,16189,6.408466361550724,,
165.79695477999996,83,85.01,288,16806,200,0.001,-44.14163166543712,16619,4.943456115261201,,
,,,,17000,,0.001,-44.51083198547363,16830,7.0898893404006955,255.87573407888414,136.2
168.75888846,87,86.52,292,17301,198,0.001,-44.72250865055965,17137,4.99751972922912,,
172.37417076000003,89,88.52,296,17842,199,0.001,-45.11425887213813,17592,6.135694914764458,,
,,,,18000,,0.001,-45.64629579201723,17923,5.71610195090057,288.964608502388,168.2
175.82228809999998,93,90.73,300,18404,197,0.001,-46.08874958439877,18239,5.935403104675443,,
177.42795719000003,95,91.62,304,18836,198,0.001,-46.59795820448134,18672,6.536734002359798,,
,,,,19000,,0.001,-46.98508461661961,18852,5.397120097409124,188.75373224020004,95.0
179.31340756000006,97,92.56,308,19270,197,0.001,-47.21054258800688,19102,6.192780856575284,,
178.93122527000003,99,91.7,312,19644,198,0.001,-47.234157805747174,19474,7.017018247157969,,
,,,,20000,,0.001,-48.19953893578571,19849,5.715368760529385,199.6311986207962,93.6
185.70646756999994,101,94.55,316,20019,197,,,,,,
187.14868244000002,102,94.95,320,20402,198,0.001,-48.07504544939314,20230,4.606514107320726,,
188.91004834999995,104,95.38,324,20793,198,0.001,-48.340779207190685,20618,6.127084734513588,,
,,,,21000,,0.001,-48.33891034126282,20911,5.079265510913023,216.98658539056777,99.5
191.04214412999994,107,95.96,328,21190,197,0.001,-49.13831871032715,21011,6.472294661998749,,
192.64623296000005,108,96.45,332,21580,198,0.001,-48.634222666422524,21408,5.482564303749486,,
195.1287448500001,110,97.13,336,21984,198,0.001,-48.83396713256836,21804,6.735144612789154,,
,,,,22000,,0.001,-48.87429053966816,21908,7.381617485330655,213.90948211550713,98.4
197.50559800000002,113,97.76,340,22393,197,0.001,-49.81715261019193,22213,6.166664774601276,,
201.39602047999998,115,98.7,344,22832,198,0.001,-49.528907775878906,22640,6.366510274275294,,
,,,,23000,,0.001,-49.324781904033586,22858,6.360235106711294,270.7000573992729,111.9
204.60586506000007,117,99.51,348,23257,197,0.001,-49.15198228944023,23075,7.203051292671348,,
207.62269256,119,100.28,352,23681,197,0.001,-49.39853007976826,23495,7.118051492250883,,
,,,,24000,,0.001,-49.57230796813965,23878,6.902552214690617,111.69962680935859,65.6
208.94177836999998,122,100.59,356,24060,196,0.001,-50.43655512883113,23930,8.11856515590961,,
216.02800485000003,124,103.4,360,24686,197,0.001,-50.04237302144369,24438,8.100502411524454,,
,,,,25000,,0.001,-50.278629420353816,24868,9.656806903619033,307.4596638143063,128.1
221.61979297000005,128,105.17,364,25202,196,0.001,-50.775355471097505,24999,10.54781907569361,,
230.24771278000003,130,107.63,368,25809,197,0.001,-51.311920048640324,25556,11.181347553546612,,
,,,,26000,,0.001,-51.46200519137912,25858,11.455372463226318,317.76441949009893,131.3
236.4125803,134,109.72,372,26334,196,0.001,-51.67684148973034,26113,10.219786191940308,,
244.86283981999998,136,112.83,376,26957,196,0.001,-52.35206814816124,26729,9.896484736523597,,
,,,,27000,,0.001,-52.41288345738461,26881,12.126094010315443,358.6873984456062,147.1
252.01286266,140,115.33,380,27543,195,0.001,-52.94258343731916,27336,11.362755759162193,,
,,,,28000,,0.001,-53.84164424564528,27804,12.204032293434352,432.4348185539246,170.1
260.16762557,144,118.42,384,28195,194,0.001,-53.40020011192144,27977,12.300468047919301,,
267.53756850999997,147,120.93,388,28899,195,0.001,-54.81632514621901,28631,12.276577444334288,,
,,,,29000,,0.001,-54.4024703502655,28823,14.108382612466812,397.52019145488737,186.8
276.14469822,152,123.66,392,29667,195,0.001,-55.2618093685228,29398,11.136921079791321,,
,,,,30000,,0.001,-55.43285616961393,29766,13.971259790148054,362.4770490169525,168.4
280.54481862,156,125.31,396,30373,194,0.001,-56.04921955781825,30104,13.947697966761844,,
283.11976864,159,125.22,400,30926,194,0.001,-56.6565934383508,30723,13.09427085428527,,
,,,,31000,,0.001,-56.9725986123085,30850,18.15479069807398,337.44901527166365,155.3
288.57516121000003,162,127.47,404,31583,193,0.001,-57.47982377272386,31341,15.315739368781065,,
,,,,32000,,0.001,-57.936891751411636,31809,17.193921921359507,359.6142551600933,178.5
293.72881835,166,129.42,408,32212,192,0.001,-57.78024020140199,31983,15.617084229129484,,
298.82999051999997,169,131.46,412,32790,193,0.001,-58.0723708805285,32573,16.71783152065779,,
,,,,33000,,0.001,-58.128787464565704,32859,14.900175656943485,335.6363776862621,135.6
304.44893752999997,172,133.22,416,33341,192,0.001,-58.396257041157156,33134,16.3010103771652,,
309.56356470000003,175,134.98,420,33900,193,0.001,-58.28452826237333,33683,14.568580838217251,,
,,,,34000,,0.001,-58.47224555217044,33824,17.657491061704377,337.27476288080214,137.0
314.33225518,178,136.67,424,34460,192,0.001,-58.201682390485495,34249,15.399720492937886,,
,,,,35000,,0.001,-58.83417959774242,34799,17.47004959863775,312.662149310112,131.5
319.28472889000005,182,138.17,428,35007,192,,,,,,
323.56896264000005,184,139.83,432,35563,192,0.001,-58.46234113519842,35354,17.275803242020935,,
,,,,36000,,0.001,-58.31249925825331,35888,18.26725582309536,308.4275801062584,141.5
326.77936385,188,141.23,436,36107,191,,,,,,
329.83118384999995,190,142.4,440,36633,192,0.001,-58.484364677877984,36426,17.62157119021696,,
,,,,37000,,0.001,-58.44863134271958,36838,19.30032517468488,298.9666898429394,129.6
331.40970705,193,143.39,444,37171,191,0.001,-58.59815353155136,36966,18.92131381109357,,
333.41880913999995,196,144.22,448,37679,192,0.001,-58.57551495991056,37475,19.04305424277238,,
,,,,38000,,0.001,-58.02319590250651,37858,20.719228078448584,316.32773783802986,134.6
335.86270426000004,199,145.15,452,38196,191,0.001,-58.3682918548584,37994,17.813100134625156,,
340.32788509000005,201,146.51,456,38711,191,0.001,-57.35548553466797,38501,18.511643719673156,,
,,,,39000,,0.001,-57.45717650651932,38895,19.502431285473726,288.4412437260151,124.6
338.9500081099999,205,145.43,460,39229,191,0.001,-57.751217123178336,39024,20.223378011422565,,
341.92669782999997,207,145.98,464,39800,191,0.001,-56.75857228040695,39568,19.081812986238734,,
,,,,40000,,0.001,-56.945088627826735,39890,20.406841846833746,394.1308483481407,144.5
343.47549851,211,146.25,468,40434,191,0.001,-56.811172349112375,40203,18.19937246085624,,
344.92618337,214,146.28,472,40962,191,0.001,-57.37985002426874,40806,21.53391308443887,,
,,,,41000,,0.001,-56.38707418441773,40886,22.661426055431367,359.1198066234589,142.9
343.0963516,217,145.03,476,41460,190,0.001,-56.90416622161865,41304,22.055639291111426,,
,,,,42000,,0.001,-56.707511620772515,41780,19.46306280336882,398.1276446580887,147.9
344.64537397999993,220,144.95,480,42038,190,,,,,,
341.56695559,223,143.39,484,42534,190,0.001,-56.824535567184974,42334,21.78546566798769,,
,,,,43000,,0.001,-56.57625725690056,42848,24.35262681456173,573.3952508985997,178.8
340.62669279,226,142.05,488,43104,190,,,,,,
342.47702221,230,141.28,492,43795,190,0.001,-56.305156180199155,43582,25.607336074910698,,
,,,,44000,,0.001,-57.12268004697912,43719,22.405048694053704,681.9621550619602,214.3
351.3036108799999,234,141.55,496,44528,189,0.001,-57.08922395802507,44299,26.100604606397223,,
,,,,45000,,0.001,-56.66301135802537,44804,19.17496485090525,711.2044837534428,221.9
365.19178741999997,239,144.37,500,45363,189,0.001,-56.852644901649626,45009,23.500992114369463,,
,,,,46000,,0.001,-57.20261618431578,45829,20.805132267322946,542.8335886955261,178.0
373.31012394,244,144.89,504,46072,188,,,,,,
379.9330506,247,145.39,508,46751,189,0.001,-57.633870250046854,46471,21.28770853774716,,
,,,,47000,,0.001,-57.75632803780692,46829,26.844689759341154,1041.8371226906777,531.0
385.69974411,254,148.01,512,47591,186,0.001,-57.641132505813445,47370,25.407354926118757,,
,,,,48000,,0.001,-57.884453979193,47865,26.360765349631215,763.9940625667572,438.9
396.26299616000006,260,150.6,516,48401,185,0.001,-58.133296966552734,48063,27.41475897605973,,
,,,,49000,,0.001,-58.25907883389306,48325,26.629996743821007,1051.5675748288631,1000.0
,,,,50000,,0.001,-58.50366877746582,49325,25.736714628219605,916.124857133627,758.4
413.8408905800001,283,169.55,520,50855,179,0.001,-58.85858410964777,50648,25.835967258772246,,
,,,,51000,,0.001,-59.03477049607497,50779,27.729442050438802,542.7049581706524,209.2
418.6888993300001,288,172.81,524,51741,179,0.001,-59.187587070465085,51513,26.03906611288237,,
,,,,52000,,0.001,-59.226912963084686,51899,29.785569667816162,1132.289795023203,412.7
426.98178595999997,295,177.28,528,52735,178,0.001,-60.19817181995937,52473,30.723672781671798,,
,,,,53000,,0.001,-59.82565178504357,52920,33.4288807282081,216.69829177856445,127.9
428.62531452,298,178.39,532,53402,178,0.001,-60.120335609682144,53045,32.66717879486084,,
425.2554718600001,302,178.09,536,53916,178,0.001,-59.601935498854694,53712,29.94578479318058,,
,,,,54000,,0.001,-59.256935238838196,53840,34.80977523326874,152.7126939892769,89.8
,,,,55000,,0.001,-59.919263172486644,54660,34.93569021478164,974.4887382507325,341.0
441.0362306999999,308,183.95,540,55028,178,,,,,,
454.7880598600001,313,187.94,544,55965,178,0.001,-60.29565518815941,55771,33.015488361643854,,
,,,,56000,,0.001,-60.3301297850528,55889,35.33652502803479,332.564328533411,156.5
461.2697387,317,190.53,548,56732,178,0.001,-60.14367669628513,56329,38.73446881103516,,
,,,,57000,,0.001,-59.97458606958389,56903,37.12063802674759,198.4455710172653,116.4
456.7107803900001,321,190.15,552,57211,177,0.001,-60.558280206495716,57026,35.293341303259375,,
455.86418604,324,190.31,556,57742,177,0.001,-59.8343194325765,57545,38.66827238930596,,
,,,,58000,,0.001,-60.22346190519111,57839,35.662666695655425,124.74599636443891,89.1
454.0392085100001,327,189.15,560,58144,177,0.001,-59.07502746582031,58039,44.17388068928438,,
440.1241892300001,328,184.81,564,58281,177,0.001,-60.14230829874675,58170,36.4269136428833,,
424.9444140199999,329,180.74,568,58508,177,0.001,-60.02845844145744,58394,37.09110163866989,,
412.46044673000006,329,177.22,572,58684,177,0.001,-59.85875930786133,58565,41.240800531899055,,
401.60161366000006,330,174.26,576,58886,178,0.001,-60.36571412927964,58741,36.3304328918457,,
,,,,59000,,0.001,-60.65071247645787,58810,45.72895495096842,70.85095593398437,74.2
388.13759352,332,170.84,580,59122,177,0.001,-60.30351489523183,59013,38.45395900892175,,
377.57841327,333,167.87,584,59321,177,0.001,-60.89449392046247,59183,40.142099949351525,,
363.30021546999996,334,164.04,588,59508,178,0.001,-60.76327102661133,59390,44.24578257969448,,
344.94557756,335,159.26,592,59721,178,0.001,-61.09506623641305,59590,44.459581706834875,,
322.76706321000006,336,153.71,596,59899,178,0.001,-61.72518179151747,59789,34.25255507391852,,
,,,,60000,,0.001,-61.20853603587431,59922,32.71960518576882,17.575888939667493,34.9
296.72301674999994,337,146.69,600,60032,178,,,,,,
275.57781624999996,337,140.98,604,60170,178,0.001,-60.75067392985026,60060,37.172083377838135,,
256.35533313999997,338,135.81,608,60332,178,0.001,-60.20775852203369,60216,36.7644121170044,,
238.29954868000002,339,128.81,612,60472,178,0.001,-60.8765027663287,60357,37.36540053231376,,
215.11822611999997,339,122.18,616,60619,178,0.001,-61.043631076812744,60511,34.58554435498787,,
184.77737601,340,98.9,620,60745,178,0.001,-61.38759657915901,60640,40.29557463702034,,
167.04048652000006,340,91.27,624,60868,178,0.001,-61.639111280441284,60762,34.6028690636158,,
145.55830022,341,82.54,628,60989,178,0.001,-61.70431950887044,60884,49.45622386932373,,
,,,,61000,,0.001,-61.06547464643206,60913,45.355497426000134,10.107048009801655,29.3
131.74602423,342,77.03,632,61105,178,0.001,-62.38788087027414,60999,33.49433977850552,,
123.40221339,342,73.13,636,61229,178,0.001,-62.41961336135864,61123,37.17159974575043,,
96.00640695,343,63.29,640,61357,178,0.001,-61.989537715911865,61251,37.30395179986954,,
70.59686113999999,344,55.18,644,61483,178,0.001,-62.04540812174479,61375,34.47065457990092,,
52.69528946,344,48.76,648,61608,178,0.001,-61.05071187019348,61500,38.19872603877898,,
45.54111094000001,345,45.24,652,61735,178,0.001,-61.37670707702637,61627,33.37965726852417,,
34.25195223,345,41.15,656,61857,178,0.001,-61.27045262654622,61751,41.35292274721207,,
24.126156539999997,346,38.38,660,61982,179,0.001,-60.6529700756073,61872,36.47399994634813,,
,,,,62000,,0.001,-61.02562175077551,61906,34.414875254911536,13.020312792630284,31.3
23.32940783,346,38.25,664,62106,179,0.001,-60.05740966796875,61998,41.39223709106445,,
21.94946681,347,37.37,668,62245,179,0.001,-60.66441120820887,62130,34.688757058345914,,
23.36677497,348,38.76,672,62560,179,0.001,-60.22757261770743,62384,39.786931603043165,,
,,,,63000,,0.001,-61.04456319564428,62562,39.88990791027363,1033.7398131608963,1000.0
,,,,64000,,0.001,-60.237411858900536,63668,36.36265405618919,845.2681520611047,815.7
44.24005065,365,58.58,676,64744,177,,,,,,
,,,,65000,,0.001,-59.31479221841563,64909,34.88812964895497,1095.803575628996,1000.0
,,,,66000,,0.001,-58.948614112854,65909,33.68443848991394,1093.6833014011384,1000.0
66.59795128,387,78.63,680,66985,172,,,,,,
,,,,67000,,0.001,-58.56304384613037,66909,30.981562037467956,270.6773702085018,122.8
71.73441647,394,79.86,684,67307,170,0.001,-58.10817680358887,67192,30.141053255866556,,
78.98945161,395,81.98,688,67706,171,0.001,-58.21857655432917,67513,28.772798607426306,,
,,,,68000,,0.001,-57.86231402693124,67867,31.16198781440998,257.55021000504496,116.1
86.11872992,398,83.95,692,68116,170,0.001,-58.15975169477792,67982,30.450753070997155,,
92.75658575,400,85.94,696,68493,171,0.001,-58.34425211760957,68340,29.21109302973343,,
102.79852166999997,402,89.55,700,68987,171,0.001,-57.82691094183153,68785,32.04266583534979,,
,,,,69000,,0.001,-58.11162779066298,68911,27.037933107406374,261.6372281551361,120.3
112.65088342000003,405,93.07,704,69477,171,0.001,-57.82216982687673,69277,31.578828704833985,,
121.92714461000003,408,96.24,708,69956,171,0.001,-57.45423482259115,69755,31.30855900446574,,
,,,,70000,,0.001,-58.02770511687748,69880,28.046764183044434,262.52730711102487,121.1
131.81519280999999,411,99.72,712,70444,171,0.001,-57.78391146659851,70246,29.958998747697965,,
141.45150495,413,103.08,716,70927,171,0.001,-57.98162002563477,70733,28.765998323758442,,
,,,,71000,,0.001,-58.22534328396038,70851,28.86683599827653,249.11920177340508,115.7
150.98442766999997,416,106.43,720,71388,171,0.001,-58.07777592173794,71201,32.025112787882485,,
160.98029637000002,418,110.02,724,71870,171,0.001,-58.020265211138806,71670,30.184723619829143,,
,,,,72000,,0.001,-58.09565836588542,71914,29.780389642715456,251.37227646112441,115.5
170.79303650000003,421,113.54,728,72343,171,0.001,-57.435550043138406,72153,28.282635792964648,,
180.82895699,423,117.15,732,72820,172,0.001,-58.25065118758405,72621,33.70957395507068,,
,,,,73000,,0.001,-58.13781330949169,72862,27.277168176941952,218.7141792356968,104.2
190.31060492,425,120.54,736,73283,172,0.001,-57.530693753560385,73091,33.47143412431081,,
200.03045321,427,123.99,740,73756,172,0.001,-56.98319301605225,73567,31.142184218099295,,
,,,,74000,,0.001,-56.94629504762847,73913,27.741182779443676,252.29185153245925,115.2
209.67801614999996,430,127.37,744,74220,172,0.001,-57.049661948464134,74023,28.705001154812898,,
218.97292915000003,433,130.65,748,74673,172,0.001,-56.5650938384387,74477,30.36024459684738,,
,,,,75000,,0.001,-57.03890200528232,74819,29.70938577737894,246.9117807030678,110.3
228.26617966,436,133.79,752,75114,172,0.001,-56.262298514626245,74928,29.34701706072606,,
237.50991696999998,438,136.91,756,75548,172,0.001,-56.23650967633283,75362,28.946628205130033,,
,,,,76000,,0.001,-56.16564511385831,75803,31.89207345086175,290.6531914651394,123.0
247.38729271000003,440,140.18,760,76000,172,,,,,,
257.34220111999997,443,143.53,764,76459,172,0.001,-56.18166060366873,76263,29.76680007101107,,
257.05542431,444,142.62,768,76507,172,0.001,-55.186628341674805,76420,25.200057203119453,,
262.3662521,445,142.85,772,76845,172,0.001,-55.3658504486084,76632,28.10624732426235,,
,,,,77000,,0.001,-54.73977279663086,76781,46.74682950973511,1235.962410366535,459.1
259.74790992,452,128.63,776,77607,171,0.001,-55.632842425642345,77411,28.605085874425953,,
244.21107826999997,453,110.13,780,77998,171,0.001,-54.19825575086806,77803,28.769241703881157,,
,,,,78000,,0.001,-54.87784881591797,77922,31.807235870040767,263.93327326774596,113.3
248.29842255000003,456,111.56,784,78463,171,0.001,-54.06437683105469,78267,28.478856418092374,,
250.94272130000002,459,112.34,788,78940,171,0.001,-54.41420299723997,78749,27.89977599392418,,
,,,,79000,,0.001,-54.15884392836998,78864,25.991802033134128,309.8748771369457,129.3
254.22782370000004,462,113.2,792,79436,171,0.001,-53.72887351864674,79240,28.354718365945107,,
257.98124373,465,114.32,796,79925,171,0.001,-53.066319942474365,79726,27.485050550528936,,
,,,,80000,,0.001,-52.815055284343785,79849,28.37617443053703,288.4636781811714,121.8
260.97767913,468,114.83,800,80470,171,0.001,-53.48470479791815,80254,27.679507479523167,,
,,,,81000,,0.001,-52.99252274457146,80822,28.375428616559063,320.075172150135,129.9
264.36766761,471,115.54,804,81031,171,,,,,,
266.4211502,474,115.91,808,81547,171,0.001,-52.814890027046204,81334,27.53757766634226,,
,,,,82000,,0.001,-52.77887538328009,81839,25.53861667342105,296.79711268544196,124.4
267.45333403,477,115.94,812,82038,171,,,,,,
269.33995365,479,116.25,816,82552,172,0.001,-51.8544806223067,82335,31.099465235011785,,
,,,,83000,,0.001,-51.57737961937399,82890,25.657802238183862,330.69754831790925,132.1
272.93619756,483,117.13,820,83101,171,,,,,,
274.77624072000003,485,117.46,824,83616,172,0.001,-51.75433502197266,83375,24.658866675694785,,
,,,,84000,,0.001,-51.4059817601764,83792,25.136663766134355,391.715861171484,162.6
278.73779468,489,118.57,828,84200,172,0.001,-51.8308529737519,83957,25.136344487739333,,
284.42921459999997,492,120.27,832,84847,172,0.001,-51.3897634379069,84604,26.462373180389406,,
,,,,85000,,0.001,-51.48373702635248,84771,25.587322006682435,415.4098821103573,171.2
290.44256266,496,122.26,836,85509,172,0.001,-51.20673345590566,85270,27.29779224769742,,
,,,,86000,,0.001,-51.32156184021856,85876,25.03729407888063,393.08279759287836,186.0
295.62673213,500,123.87,840,86143,172,,,,,,
301.61733172999993,503,125.34,844,86754,172,0.001,-51.178318618179915,86532,24.989991993099064,,
,,,,87000,,0.001,-51.397776839312385,86848,25.14230120602776,387.42428463697433,147.0
307.46545904999994,508,126.92,848,87365,171,0.001,-51.18863442825945,87141,24.80130433063118,,
312.83805636,511,128.32,852,87946,171,0.001,-51.489054881351095,87723,26.991249704694415,,
,,,,88000,,0.001,-50.818803581031595,87870,24.042212025648883,390.60479866862295,151.4
318.87910636,515,130.07,856,88555,171,0.001,-50.876349990432324,88335,26.826988002597886,,
316.81273785,517,129.27,860,88927,171,0.001,-50.7952158610026,88704,31.546459395309974,,
,,,,89000,,0.001,-50.674882888793945,88913,25.692188322544098,7.618719354056521,35.4
306.67489263999994,518,125.98,864,89057,171,0.001,-50.435940212673614,88948,22.593744659423827,,
306.45660252,519,126.75,868,89182,171,0.001,-51.132848501205444,89074,27.131398662444084,,
298.52210509,520,124.56,872,89301,171,0.001,-51.74099922180176,89196,23.297983646392822,,
278.55681359000005,520,118.09,876,89416,171,0.001,-50.70234298706055,89313,26.469185320536294,,
269.78662743000007,521,115.33,880,89531,171,0.001,-50.90605672200521,89428,26.043107096354166,,
259.04026424000006,521,111.72,884,89635,171,0.001,-51.001845359802246,89531,30.47486961364746,,
247.91418851999995,522,108.05,888,89745,171,0.001,-51.280077127309944,89641,29.577011181758,,
235.94476408000003,522,104.31,892,89867,171,0.001,-50.76387113683364,89760,26.421320481733844,,
224.50588400000004,523,100.63,896,89988,171,0.001,-50.47781575520833,89884,25.786244951445482,,
,,,,90000,,0.001,-51.37703677586147,89912,21.63974448612758,4.80601589466678,29.0
211.07685980000002,523,96.33,900,90103,171,0.001,-51.173699696858726,89998,24.023837319735822,,
197.41141263,524,91.67,904,90198,172,0.001,-51.781227405254654,90097,27.902391580434944,,
185.13523938999998,524,87.52,908,90299,172,0.001,-50.4384962717692,90198,27.008172512054443,,
173.64573918000002,525,83.63,912,90401,172,0.001,-50.699634869893394,90299,23.47236801147461,,
161.42160015000002,525,79.56,916,90508,172,0.001,-51.70584651402065,90404,31.609286274228776,,
147.97635578,526,75.18,920,90619,172,0.001,-50.86665562220982,90514,22.56062606402806,,
135.8528153,526,71.03,924,90719,172,0.001,-51.98616732083834,90619,23.603875673734226,,
121.7034391,527,66.16,928,90816,172,0.001,-51.03806363619291,90714,23.592168502807617,,
105.84950267,527,60.87,932,90934,172,0.001,-50.46042404174805,90827,27.798272286691972,,
,,,,91000,,0.001,-51.084174156188965,90922,25.156884224184097,6.209499081698391,30.5
90.12531461000002,528,55.51,936,91060,172,0.001,-50.92391738891602,90952,22.636419614156086,,
75.10050550000001,529,50.71,940,91214,172,0.001,-50.72442436218262,91092,27.304386960135567,,
,,,,92000,,0.001,-51.37856915122584,91176,24.8587037889581,704.8407441259303,713.1
,,,,93000,,0.001,-50.42087572615668,92479,25.474856792110028,994.2041152060032,1000.0
87.58083641000002,550,68.01,944,93555,170,,,,,,
,,,,94000,,0.001,-50.524497824655455,93762,26.515062638811845,867.6677941083908,686.6
,,,,95000,,0.001,-50.6682441925334,93976,24.293485227032242,998.2216222345829,1000.0
,,,,96000,,0.001,-51.01936641693115,94976,23.709343433380127,1000.4776322543621,1000.0
106.39092846,579,86.87,948,96052,165,,,,,,
,,,,97000,,0.001,-50.93115548706054,95976,23.525776190757753,991.7802407205105,1000.0
,,,,98000,,0.001,-51.216004150390624,96976,23.90949093198776,994.0580376148224,1000.0
,,,,99000,,0.001,-51.16128090667725,97976,23.247408031463625,996.2609666824341,1000.0
,,,,100000,,0.001,-51.0575113067627,98976,23.394041434288024,978.6292244255543,1000.0
130.88241489,634,121.06,952,100052,157,,,,,,
129.82563023,641,120.67,956,100622,156,0.001,-50.632768991831185,100408,24.523333388405877,,
,,,,101000,,0.001,-50.75491097394158,100892,21.83097295667611,381.98387971520424,148.9
141.56557318,646,124.21,960,101348,156,0.001,-50.55136912577861,101041,23.31879347602793,,
156.54972315,649,128.89,964,101946,156,0.001,-50.17149133551611,101712,22.94290468281713,,
,,,,102000,,0.001,-50.20986218995686,101870,22.468454222135907,398.6810150563717,157.2
174.18700965,655,134.43,968,102625,156,0.001,-50.006049092610674,102405,23.216410900297618,,
,,,,103000,,0.001,-50.25220923227807,102846,24.180412769317627,340.1748734951019,135.8
188.43107156,659,138.97,972,103198,156,0.001,-49.37804541868322,102982,23.02652396174038,,
,,,,104000,,0.001,-50.13754598617554,103804,22.19121381573211,731.4381603121758,299.2
208.18690938,666,146.04,976,104020,156,,,,,,
225.48731877000003,670,151.48,980,104679,156,0.001,-49.66185227485552,104456,20.709695881360197,,
,,,,105000,,0.001,-49.6964437406357,104603,19.928999485612728,1136.3240959525108,413.5
,,,,106000,,0.001,-50.06904728732892,105531,22.987504038348128,1078.8208789467812,369.2
270.39138587,685,166.06,984,106241,155,0.001,-49.87557890269678,105956,23.21578660179587,,
,,,,107000,,0.001,-49.60012088201742,106390,21.032034250895183,1141.5321662247181,850.9
294.26316416000003,700,179.95,988,107740,153,0.001,-49.39493086678641,107531,22.004579104430288,,
,,,,108000,,0.001,-49.99109098646376,107809,21.192597191909265,357.5211273312569,141.0
308.8997398,704,184.45,992,108312,153,0.001,-49.87861490249634,108096,20.489315655496384,,
323.04639689,707,188.85,996,108873,153,0.001,-49.753979373985615,108660,21.131301967191025,,
,,,,109000,,0.001,-50.25058168523452,108797,22.00548733063858,343.1596422314644,136.2
336.4847975300001,711,193.15,1000,109418,153,0.001,-49.69522453421977,109205,22.25142401236075,,
350.10802212000004,714,197.77,1004,109975,153,0.001,-50.2354137033656,109758,21.717030117477197,,
,,,,110000,,0.001,-49.965227890014646,109899,20.280707697496346,343.0736703455448,136.7
364.08362753,718,202.5,1008,110549,153,0.001,-50.03541172251982,110328,20.217569012112087,,
,,,,111000,,0.001,-49.780958811442055,110915,20.516750434349323,362.4536513447762,147.0
378.52590443,722,207.37,1012,111138,153,,,,,,
,,,,112000,,0.001,-49.706846546482396,111500,23.586205320293402,845.1822592735291,307.1
405.18675951,728,216.15,1016,112123,153,,,,,,
418.80600961,732,220.59,1020,112678,153,0.001,-49.815060697283066,112467,21.355978343503693,,
,,,,113000,,0.001,-49.5979254586356,112880,20.168619560680803,337.4039309322834,140.9
432.45850643000006,737,225.16,1024,113235,153,0.001,-49.35758972167969,113022,20.078429645215962,,
445.89880385,740,229.67,1028,113783,153,0.001,-49.93559010823568,113568,22.924579163392384,,
,,,,114000,,0.001,-49.72219345535057,113844,19.95213325528333,334.0031827747822,137.3
458.89774173000006,744,233.91,1032,114325,153,0.001,-49.77746294546819,114112,22.040034182750396,,
473.15488999999997,747,238.39,1036,114899,153,0.001,-49.25012860232837,114673,21.366705228204598,,
,,,,115000,,0.001,-49.955463053385415,114823,19.922769902547202,486.4279946029186,176.0
492.2270834499999,752,243.98,1040,115612,153,0.001,-49.85027175479465,115314,19.931364287932713,,
,,,,116000,,0.001,-49.598490397135414,115771,20.376423645019532,558.1588859915734,195.3
486.3249750400001,759,228.4,1044,116395,153,0.001,-49.809649730864024,116176,21.983964715685165,,
,,,,117000,,0.001,-49.792195309874835,116700,21.062791716667913,1382.5793056190014,443.4
482.27991952000013,768,213.68,1048,117420,152,0.001,-49.8109852613601,117152,21.080842098303602,,
456.23267746,771,179.17,1052,117969,152,0.001,-49.48175822987276,117756,20.374995946884155,,
,,,,118000,,0.001,-49.64427572138169,117893,19.52426167648204,533.0544090569019,191.1
456.40119279000015,776,179.3,1056,118552,152,0.001,-49.36175531659808,118343,19.064674268450055,,
,,,,119000,,0.001,-49.04085222880045,118898,20.327689083477924,342.15804863572123,132.2
450.64167558,780,177.59,1060,119107,152,,,,,,
449.6005119800001,783,177.18,1064,119664,152,0.001,-48.93895650591169,119444,21.52073598765641,,
,,,,120000,,0.001,-49.05035472261733,119889,21.94708432321963,605.9336434721947,205.2
,,,,121000,,0.001,-49.60706543435856,120085,20.638721782333995,1896.3963709175587,645.7
470.94626301999995,794,183.93,1068,121018,152,,,,,,
472.68168673,800,184.22,1072,121620,151,0.001,-49.25038261936135,121399,18.752793973805954,,
,,,,122000,,0.001,-49.17601904708348,121870,21.122320999533443,562.0414722442626,201.5
472.35719957000003,805,183.07,1076,122327,151,0.001,-49.27552721338365,122077,19.909925449297624,,
,,,,123000,,0.001,-49.39164077318632,122459,17.9803218795703,1633.5617387831212,605.2
491.03059332,817,190.23,1080,123702,151,0.001,-49.72331525201667,123485,18.821250791419043,,
,,,,124000,,0.001,-49.543847366118094,123907,19.41935365300783,361.43429630994797,138.1
460.54979757,821,180.17,1084,124258,151,0.001,-49.75952574786018,124043,18.72784442060134,,
450.44463596,824,170.71,1088,124811,151,0.001,-49.632782434162344,124598,19.952391919336822,,
,,,,125000,,0.001,-49.47158754788912,124865,20.054103191082294,375.7334443926811,145.4
449.75336159,829,170.55,1092,125367,151,0.001,-49.50097211201986,125157,18.827367874671673,,
450.87116366999993,832,170.91,1096,125964,151,0.001,-49.54451789318676,125718,19.4106122943717,,
,,,,126000,,0.001,-49.46732801549575,125888,18.80838954588946,449.3179137945175,164.3
453.5965172899999,836,171.71,1100,126589,151,0.001,-49.43473291397095,126394,18.279214506799523,,
,,,,127000,,0.001,-49.93988221691501,126910,20.389179881026106,803.7860908150673,286.5
454.85775042999995,841,172.25,1104,127200,151,,,,,,
456.6231644799999,845,172.57,1108,127806,151,0.001,-49.51739614150103,127554,17.959611170432147,,
,,,,128000,,0.001,-49.762316626471446,127878,19.226942236359054,346.632649153471,138.8
456.64835509999995,849,172.33,1112,128371,151,0.001,-49.544009820738836,128149,18.819520993019218,,
446.63425553,852,168.64,1116,128987,151,0.001,-50.11831514334973,128759,19.84227345902243,,
,,,,129000,,0.001,-49.95450827949926,128911,18.455327253592642,417.960198533535,148.3
448.4801973000001,857,168.96,1120,129574,151,0.001,-49.609705383713184,129354,17.833437365454596,,
,,,,130000,,0.001,-49.94891174525431,129788,17.122899397488297,383.3917104721069,144.3
449.91956071,861,169.15,1124,130150,151,0.001,-49.92546770307753,129932,18.726026366154354,,
450.81432505,864,169.34,1128,130717,151,0.001,-49.840569795881,130502,19.517465817842552,,
,,,,131000,,0.001,-49.675126227779664,130917,19.133798503189634,357.1670700907707,138.0
451.99582551,868,169.45,1132,131270,151,0.001,-50.247601754324776,131056,18.64766442689964,,
451.45500194999994,870,169.19,1136,131818,151,0.001,-50.14475942339216,131607,17.084979282106673,,
,,,,132000,,0.001,-50.18292007446289,131873,19.095458503897863,329.43493564128875,130.5
445.20689998999995,874,167.34,1140,132346,151,0.001,-50.034508103590746,132132,16.966321649477464,,
435.70090627999997,876,164.83,1144,132878,151,0.001,-49.96678272192029,132666,16.650884538457014,,
,,,,133000,,0.001,-50.07149118535659,132802,18.742174043374902,365.42296382188795,143.2
419.55935276,880,160.17,1148,133437,151,0.001,-50.0499537411858,133214,17.487999800373526,,
,,,,134000,,0.001,-50.475723939783435,133774,16.39310371174532,503.25562731027605,179.7
421.0075156700001,884,160.5,1152,134019,151,,,,,,
420.40666011,887,160.31,1156,134583,151,0.001,-50.298793844980736,134364,16.36782710846156,,
,,,,135000,,0.001,-50.407512882777624,134797,16.46700302421624,363.7609533071518,141.9
421.7057977199999,892,160.73,1160,135180,151,0.001,-50.55760832235847,134938,18.757198441958597,,
424.35672926,896,161.47,1164,135811,151,0.001,-50.31308889389038,135587,17.37060223384337,,
,,,,136000,,0.001,-50.55696523511732,135883,17.06773090362549,493.70603597164154,176.9
403.67392960000006,901,154.66,1168,136484,151,0.001,-50.76854342292337,136240,18.118205911972943,,
,,,,137000,,0.001,-50.85827598990975,136790,17.716396861023956,365.16627764105795,144.3
405.65274850000003,906,155.4,1172,137160,151,0.001,-50.76142481486003,136940,18.426854082743326,,
403.37987868999994,909,154.77,1176,137804,151,0.001,-50.835207886166046,137552,16.825387114411466,,
,,,,138000,,0.001,-50.193325533185686,137868,16.770952337128776,345.1728939950466,136.9
382.62781216,913,146.97,1180,138399,151,0.001,-50.68349156697591,138155,17.003837604522705,,
,,,,139000,,0.001,-50.80922730024471,138814,19.492579365334315,398.25973067879676,152.0
385.06742735,917,147.84,1184,139042,151,,,,,,
390.46954655999997,921,149.5,1188,139761,151,0.001,-50.718913612365725,139522,17.340685959437383,,
,,,,140000,,0.001,-50.582936463532626,139685,18.45210553970805,1357.2401246011257,551.6
402.54125657,931,154.14,1192,140781,151,0.001,-50.570366648884566,140535,19.539808316664264,,
,,,,141000,,0.001,-50.62867987645816,140851,18.344465445165763,436.3752413868904,158.0
404.87855763,936,154.77,1196,141441,151,0.001,-50.783990478515626,141219,17.608436130342028,,
,,,,142000,,0.001,-51.15358119763826,141835,18.1145864185534,371.39115741848946,141.7
404.78401055999996,940,154.65,1200,142054,151,,,,,,
407.58700882000005,943,155.23,1204,142723,151,0.001,-51.72014653523763,142480,18.985622834839276,,
,,,,143000,,0.001,-50.79025355021159,142796,18.572827339172363,415.67393016815186,157.1
407.45983498000004,948,155.21,1208,143327,151,0.001,-51.40977289905287,143105,17.42974618665215,,
408.90188029999996,951,155.9,1212,143961,151,0.001,-51.44602156338627,143703,18.640782330311886,,
,,,,144000,,0.001,-51.63367537613753,143885,17.536208084651403,377.6785982131958,149.4
407.47870356,956,155.8,1216,144567,151,0.001,-51.328571217854815,144335,16.605432781952107,,
,,,,145000,,0.001,-51.532662123776554,144846,19.35967414298754,401.140566444397,155.4
409.37042214,961,156.62,1220,145236,151,0.001,-52.10182581192408,145002,17.030711082311775,,
,,,,146000,,0.001,-52.307142050369926,145722,19.336375272792317,1398.879834753275,534.0
416.4214519,971,158.99,1224,146049,150,,,,,,
,,,,147000,,0.001,-52.21612529594357,146448,16.360318512163666,1651.1011225104332,544.7
453.93476236000004,983,170.75,1228,147792,150,0.001,-52.78458435233982,147552,18.509543774444932,,
,,,,148000,,0.001,-52.38484433802163,147716,19.334632832829545,711.9281555950641,242.7
463.47435889,989,173.81,1232,148651,150,0.001,-53.087179199723174,148376,18.23436193941045,,
,,,,149000,,0.001,-53.582347972972975,148797,18.41669812503162,865.2005151927472,304.6
472.7803100999999,995,176.61,1236,149479,150,0.001,-53.554045330394395,149187,19.548598555001345,,
,,,,150000,,0.001,-53.385696038967225,149566,18.726155392231384,2307.925573605299,772.6
483.57832034000006,1005,179.63,1240,150309,149,0.001,-53.384508005777995,150053,20.822685898327435,,
,,,,151000,,0.001,-53.9031948702676,150821,18.487941224660194,410.84713624715806,156.6
490.6229034,1011,181.72,1244,151050,149,,,,,,
497.28124447000005,1016,183.6,1248,151797,149,0.001,-54.4532088789829,151521,19.312624925790832,,
,,,,152000,,0.001,-54.454830169677734,151906,18.8562059144716,567.9884390473366,197.8
502.15097691000005,1021,185.0,1252,152519,149,0.001,-54.65606824089499,152268,20.142342237325813,,
,,,,153000,,0.001,-55.141228340767526,152910,16.25100171888197,414.2530779540539,161.0
503.8718189600001,1026,185.56,1256,153139,149,,,,,,
505.96494102,1030,186.21,1260,153801,149,0.001,-54.85804371450139,153578,18.652116524690836,,
,,,,154000,,0.001,-55.51945499940352,153901,18.57873845642263,412.22118148803713,155.7
505.28017494000005,1034,186.1,1264,154421,149,0.001,-54.87598032421536,154203,17.295294094085694,,
,,,,155000,,0.001,-55.58873146230524,154874,18.323644643480126,123.50016677975654,64.5
502.0122218799999,1037,185.3,1268,155014,149,,,,,,
503.73852166999995,1040,185.85,1272,155745,149,0.001,-56.04307759272588,155486,21.18148177939576,,
,,,,156000,,0.001,-55.98135656838889,155669,18.587119774740252,240.03305920362473,108.2
505.36810840999993,1044,186.92,1276,156496,149,0.001,-56.1348630464994,156254,18.86532637559248,,
,,,,157000,,0.001,-56.463487651986135,156904,17.492090861002605,351.01194084882735,139.2
505.8009842499999,1048,187.19,1280,157118,149,,,,,,
502.23251194,1051,186.09,1284,157651,149,0.001,-56.4369954148384,157427,21.01233705102581,,
,,,,158000,,0.001,-56.78828362191077,157777,19.828286350363552,377.5159235954285,150.6
500.04036763000005,1056,185.41,1288,158302,149,0.001,-56.798653616834045,158059,17.95122038523356,,
491.35524297999996,1060,181.82,1292,158963,149,0.001,-57.324553047738426,158734,18.456382295105357,,
,,,,159000,,0.001,-57.59759737315931,158887,18.847802529927172,733.1478590369225,267.8
488.1566071499999,1066,181.1,1296,159551,149,0.001,-57.59021684858534,159342,20.115995253716317,,
,,,,160000,,0.001,-57.62106467582084,159915,21.834911294885583,361.2124090075493,145.6
486.55065949999994,1070,180.86,1300,160140,149,,,,,,
485.91075934,1073,180.83,1304,160806,149,0.001,-58.34656473533394,160551,19.47999303365491,,
,,,,161000,,0.001,-58.43702490064833,160730,19.14400933974282,939.9026075065136,318.1
,,,,162000,,0.001,-58.98828295298985,161803,18.717540245056153,1604.0378155231476,551.3
516.0683609700001,1089,190.76,1308,162403,149,,,,,,
,,,,163000,,0.001,-59.812632096119415,162805,19.05946525549277,383.56619569659233,153.0
515.7007989999998,1095,190.74,1312,163035,148,,,,,,
519.82218109,1099,192.15,1316,163782,148,0.001,-59.99074853635302,163545,18.401795219793552,,
,,,,164000,,0.001,-59.99139003264598,163862,18.395361447945618,540.4193346500397,208.5
526.4748438500001,1106,194.46,1320,164682,148,0.001,-61.03420088026259,164456,19.787781536579132,,
,,,,165000,,0.001,-60.64587677226347,164887,19.031074941593364,331.4974625110626,133.0
518.17585251,1111,191.94,1324,165243,148,0.001,-60.01475401485668,165023,20.23344319006976,,
,,,,166000,,0.001,-60.37659013271332,165669,20.56575355430444,1213.7010729908943,444.9
486.13416386999984,1117,182.46,1328,166038,148,,,,,,
478.9163805,1121,180.69,1332,166720,148,0.001,-61.03779988349238,166484,21.541260172607032,,
,,,,167000,,0.001,-61.12337398529053,166796,21.80161250265021,363.5204711019993,145.7
471.26640031000005,1126,178.72,1336,167351,148,0.001,-61.725785185651084,167109,20.877062387582733,,
,,,,168000,,0.001,-61.51255749343732,167914,21.171582037402736,383.5069864153862,158.0
470.15747711000006,1132,179.79,1340,168288,148,0.001,-61.572310791015624,168065,21.116115847960213,,
,,,,169000,,0.001,-61.646965408325194,168548,22.507425068093717,912.3402412772178,292.6
473.94799506000004,1139,181.15,1344,169165,148,0.001,-61.73579494769756,168938,22.5708043660873,,
,,,,170000,,0.001,-62.884640299479166,169881,22.30860019683838,375.83681550621986,157.7
477.74919824000006,1145,183.17,1348,170114,148,,,,,,
473.40995219,1149,182.2,1352,170739,148,0.001,-62.03786629896898,170515,21.638448332525364,,
,,,,171000,,0.001,-62.67385488160899,170805,20.165381888268698,345.89256031513213,140.5
471.15287572,1153,181.6,1356,171299,148,0.001,-62.565248677428336,171086,21.030402297704992,,
468.36663988999993,1157,180.98,1360,171899,148,0.001,-63.23244553643304,171666,25.59259876045021,,
,,,,172000,,0.001,-62.84135891841008,171823,24.9839128415296,363.6608684420586,146.7
467.17168000000015,1161,180.83,1364,172504,148,0.001,-63.32865642856907,172275,22.09063789188462,,
,,,,173000,,0.001,-62.94955227043055,172910,21.894856326187714,398.3273344039917,159.5
467.78543776000004,1166,181.33,1368,173147,148,,,,,,
463.98446502,1169,180.56,1372,173801,148,0.001,-63.42490165616259,173561,22.980758479767783,,
,,,,174000,,0.001,-63.674440410039196,173870,26.85547910229913,371.1308003604412,146.6
459.3065260300001,1173,178.77,1376,174373,148,0.001,-63.28689659966363,174159,25.45518398284912,,
457.49909803,1176,178.3,1380,174948,148,0.001,-63.051326176891585,174733,23.448860821658617,,
,,,,175000,,0.001,-63.44399653843471,174872,23.875250754596518,361.3386366188526,149.1
458.29010744,1180,178.79,1384,175530,148,0.001,-63.793954119962805,175303,21.20517285896914,,
,,,,176000,,0.001,-63.32996830187346,175901,22.4281454210967,375.2060292482376,155.7
455.88321225000004,1184,178.36,1388,176138,148,,,,,,
453.54713611000005,1187,178.04,1392,176767,148,0.001,-64.44066545560763,176537,22.961038275687926,,
,,,,177000,,0.001,-63.813154220581055,176842,25.835759314480207,345.1576105952263,139.3
453.36125723000004,1191,178.03,1396,177354,148,0.001,-64.11534762692142,177134,23.95313952185891,,
453.24562496,1194,178.08,1400,177948,148,0.001,-64.11370282854352,177727,23.789331286294118,,
,,,,178000,,0.001,-64.19539203382519,177872,21.30063961292135,348.8403108417988,143.2
450.28086337,1198,177.34,1404,178540,148,0.001,-63.95774383544922,178307,21.708890299425057,,
,,,,179000,,0.001,-63.89106443451672,178781,21.663149070739745,377.94468895196917,155.8
419.14079446999995,1203,167.46,1408,179149,148,0.001,-63.63937260554387,178936,21.243769645690918,,
418.57225536000004,1207,167.21,1412,179756,148,0.001,-64.40199353144719,179539,22.861954242755207,,
,,,,180000,,0.001,-63.479091220431854,179882,23.451449235280354,390.4460685312748,162.7
411.43291462,1210,164.87,1416,180269,148,0.001,-64.09463661099657,180045,22.02049021925663,,
401.97621376,1213,161.82,1420,180864,149,0.001,-63.63381576538086,180636,23.53811537643959,,
,,,,181000,,0.001,-64.45894221255654,180788,22.594015171653346,387.9942894637585,161.5
403.1295009500001,1217,162.37,1424,181480,149,0.001,-64.2250680799608,181259,23.03109663183039,,
,,,,182000,,0.001,-64.33080631349145,181899,25.13783011002974,410.7676742255688,173.8
399.6293609000001,1221,161.4,1428,182178,149,,,,,,
397.79619831,1225,160.77,1432,182797,149,0.001,-63.992789374457466,182557,22.176424364248913,,
,,,,183000,,0.001,-64.38121212853326,182865,23.33968084388309,352.0189743876457,145.9
395.94124586000004,1229,160.15,1436,183366,149,0.001,-64.71201560866665,183155,21.983192030366485,,
386.42266156,1232,156.37,1440,183925,149,0.001,-64.43286901361802,183707,24.128899609085416,,
,,,,184000,,0.001,-64.34494958796971,183849,23.44610517125734,288.2435146510601,121.2
375.23582789000005,1235,152.97,1444,184462,149,0.001,-64.20391103666122,184251,23.241788565707044,,
,,,,185000,,0.001,-64.34527328279283,184803,21.825007011150493,365.21404574513434,149.5
364.27903239,1240,149.15,1448,185029,149,,,,,,
361.86597088999997,1243,148.4,1452,185579,149,0.001,-64.71595377240862,185368,23.641581679419648,,
,,,,186000,,0.001,-64.69096192069675,185914,23.272887737854667,336.8441954135895,140.1
361.37437026999993,1248,148.27,1456,186126,149,,,,,,
359.70697276,1251,147.75,1460,186674,149,0.001,-64.72298597953689,186462,23.379294950065884,,
,,,,187000,,0.001,-64.62454000619742,186867,24.586337584575624,301.3421832025051,127.3
356.87067534,1255,146.85,1464,187189,149,0.001,-64.17782799142306,186989,21.47480100881858,,
352.69502927,1258,145.35,1468,187682,149,0.001,-64.37057964137342,187479,22.612702354055937,,
,,,,188000,,0.001,-64.47310462830559,187866,21.89672287683638,338.01274847984314,142.0
349.15268202000004,1261,144.07,1472,188208,149,0.001,-64.31527344839914,188007,21.68120717664137,,
346.6327064,1264,143.26,1476,188699,149,0.001,-64.87890892028808,188503,25.090877130997082,,
,,,,189000,,0.001,-64.92018260653057,188872,24.13631381225586,351.5506057679653,142.9
345.04940976,1267,142.65,1480,189213,149,0.001,-64.56855465614632,189018,22.61203563376649,,
342.9196745599999,1270,141.84,1484,189714,149,0.001,-64.60097589800435,189512,24.492826830956243,,
,,,,190000,,0.001,-64.93925922938756,189779,23.611509093156098,354.2963449060917,148.2
341.4969491,1274,141.29,1488,190267,149,0.001,-64.47833344430634,190058,24.242008779988144,,
338.58327853,1276,140.13,1492,190780,149,0.001,-65.37963528103299,190571,23.74058392691234,,
,,,,191000,,0.001,-65.07610746289863,190826,24.94850176670512,319.75021394491193,129.9
336.63388114,1280,139.37,1496,191291,149,0.001,-64.97660319010417,191081,21.17016450942509,,
334.1124827599999,1282,138.46,1500,191794,149,0.001,-64.6429490407308,191600,22.585702872276308,,
,,,,192000,,0.001,-64.63007263910202,191845,21.36305477112297,311.79463840126994,129.2
331.5555963599999,1285,137.49,1504,192289,149,0.001,-64.91077909161967,192095,22.112755306305424,,
329.99444485,1287,136.87,1508,192836,149,0.001,-64.90421076381908,192617,23.47645647385541,,
,,,,193000,,0.001,-64.8360162462507,192900,22.579685613087246,310.8528262257576,128.2
326.70836429999997,1291,135.74,1512,193330,149,0.001,-65.32666571098461,193139,22.46216881793478,,
325.67900866,1293,135.36,1516,193805,149,0.001,-64.32509574243578,193619,20.576095540984337,,
,,,,194000,,0.001,-65.16777517027774,193847,22.12094235016128,290.05756387114525,120.7
322.4407413299999,1296,134.2,1520,194284,149,0.001,-64.46769858188317,194091,26.416472989369215,,
318.71464331,1298,132.83,1524,194763,149,0.001,-65.25692102464579,194566,23.858629905571373,,
,,,,195000,,0.001,-65.31836054402012,194811,22.29521672956405,284.4908066213131,119.7
313.84515197999997,1301,130.71,1528,195249,150,0.001,-65.05654053768869,195048,22.500088715957382,,
310.23263910000003,1303,129.25,1532,195722,150,0.001,-65.26558176676433,195524,22.976670066515606,,
,,,,196000,,0.001,-65.58592399221952,195895,18.62094271279932,275.58757491707803,115.8
308.16620619,1307,128.45,1536,196211,150,0.001,-65.4205770330914,196013,20.5137687941729,,
306.69008442,1309,127.83,1540,196708,150,0.001,-66.2045525581606,196509,22.12175482319247,,
,,,,197000,,0.001,-65.08776899973552,196868,22.6466493446286,286.1638414263725,121.1
305.11223778000004,1312,127.22,1544,197184,150,0.001,-65.35792713165283,196989,24.5508669782276,,
304.03399148000005,1315,126.82,1548,197711,150,0.001,-65.33354853240537,197492,22.87677577179922,,
,,,,198000,,0.001,-65.23319297924377,197875,23.665690820113472,277.58422803282735,117.3
302.0592171,1319,126.08,1552,198187,150,0.001,-65.35628759449926,197991,20.218512469324573,,
300.94922424,1322,125.64,1556,198690,150,0.001,-65.29360461235046,198488,23.62856038659811,,
,,,,199000,,0.001,-65.7273497659652,198850,20.437842447249615,298.08680102825167,124.1
299.60157828,1325,125.14,1560,199188,150,0.001,-65.6265749777517,198975,22.223862384796142,,
299.91363870000004,1328,125.21,1564,199710,150,0.001,-65.15610885620117,199492,21.459335965494954,,
,,,,200000,,0.001,-65.51480403416593,199893,20.27719391567606,296.7581423997879,124.5
