rollout/ep_len_mean,rollout/ep_rew_mean,time/fps,time/episodes,time/total_timesteps,time/time_elapsed,train/learning_rate,train/critic_loss,train/n_updates,train/actor_loss,eval/mean_reward,eval/mean_ep_length
26.0,17.67479525,3968,4,104,0,,,,,,
17.5,9.146378499999999,501,8,140,0,0.001,0.023812573817041185,55,-0.4334065243601799,,
15.0,7.862146333333333,385,12,180,0,0.001,0.01686560660600662,94,-0.5970073223114014,,
13.75,7.2508871875,333,16,220,0,0.001,0.015804228326305746,134,-0.6522996068000794,,
13.0,6.884070799999999,303,20,260,0,0.001,0.013707310333848,174,-0.7611273407936097,,
12.5,6.641378458333333,289,24,300,1,0.001,0.013917671283707023,214,-0.8684047102928162,,
12.142857142857142,6.4663061428571424,276,28,340,1,0.001,0.017813706956803798,254,-0.8390899538993836,,
11.875,6.3336635,267,32,380,1,0.001,0.012552274391055107,294,-0.8937521815299988,,
11.666666666666666,6.229750694444444,258,36,420,1,0.001,0.011030659871175885,334,-0.9620200634002686,,
11.5,6.147712725,252,40,460,1,0.001,0.015227458160370588,374,-0.9596800804138184,,
11.363636363636363,6.079630863636364,247,44,500,2,0.001,0.014994034357368947,414,-0.9654156923294067,,
11.25,6.024135333333334,243,48,540,2,0.001,0.014180790074169636,454,-1.05355064868927,,
11.153846153846153,5.976576307692308,240,52,580,2,0.001,0.009512430196627975,494,-1.0393214225769043,,
11.071428571428571,5.935351196428571,237,56,620,2,0.001,0.0073705201502889395,534,-1.0950379252433777,,
11.0,5.899248683333332,236,60,660,2,0.001,0.013968841591849922,574,-1.1191016912460328,,
10.9375,5.869013921875,235,64,700,2,0.001,0.00690273279324174,614,-1.2173965215682983,,
10.882352941176471,5.8436900147058815,236,68,740,3,0.001,0.010721915145404637,654,-1.185250997543335,,
10.833333333333334,5.820574958333334,237,72,780,3,0.001,0.01070534884929657,694,-1.1333324670791627,,
10.789473684210526,5.7997132763157895,238,76,820,3,0.001,0.012060506828129291,734,-1.2422497987747192,,
10.75,5.784261262500001,238,80,860,3,0.001,0.011257572704926134,774,-1.2425561428070069,,
11.285714285714286,7.358725166666669,239,84,948,3,0.001,0.07938242695209655,850,-2.170584938742898,,
,,,,1000,,0.001,0.16266088238493961,917,-2.3330291618000376,46.62477535605431,27.7
12.045454545454545,8.567731829545455,228,88,1060,4,0.001,0.1779588661821825,945,-2.569964817592076,,
15.456521739130435,13.994833673913046,220,92,1422,6,0.001,0.22349452255095573,1327,-4.073147474451268,,
16.552083333333332,16.4668205,229,96,1589,6,0.001,0.33827902224253525,1444,-4.635477564551613,,
18.35,20.26878988,219,100,1835,8,0.001,0.49560534595870054,1715,-5.718679464780367,,
,,,,2000,,0.001,0.4961707694777127,1846,-6.179218660701405,168.88637627363204,86.3
20.7,26.20348466,207,104,2174,10,0.001,0.7308941632509232,2013,-6.95318033695221,,
23.8,32.999629389999996,207,108,2520,12,0.001,1.1562409862533383,2359,-8.427880497865898,,
26.57,39.007793629999995,204,112,2837,13,0.001,1.200372995561864,2697,-9.85873994594667,,
,,,,3000,,0.001,1.4233823816691127,2900,-10.75267380305699,164.6524199485779,82.0
29.09,44.35486411,199,116,3129,15,0.001,1.148231152401251,2985,-11.046072800954184,,
32.09,51.02078018,201,120,3469,17,0.001,1.9539893406278948,3308,-12.303904111995253,,
34.84,57.01341506999999,203,124,3784,18,0.001,2.013334876399929,3623,-13.7893731676299,,
,,,,4000,,0.001,1.9929200944512389,3879,-14.611621967581815,170.82295606732367,85.5
37.86,63.65095131000001,196,128,4126,20,0.001,1.976864687134238,3964,-15.016677013663358,,
40.89,70.27381109,197,132,4469,22,0.001,2.2253304539724836,4308,-16.2934509099916,,
43.92,76.86086834000001,198,136,4812,24,0.001,2.2168943410695987,4651,-17.60103287807731,,
,,,,5000,,0.001,2.117534986664267,4907,-18.328831445603143,171.53312906622887,85.6
46.94,83.52939468999999,194,140,5154,26,0.001,2.7565137203349623,4993,-18.82797099268714,,
49.57,89.33090694999999,194,144,5457,28,0.001,2.929376325186561,5295,-19.945142428080242,,
52.62,96.06890658999998,194,148,5802,29,0.001,2.782375861045926,5640,-21.116645546846613,,
,,,,6000,,0.001,3.122953356698502,5898,-21.840332430462503,173.11924397349358,86.0
55.67,102.80590124999999,192,152,6147,31,0.001,2.6121533437706956,5985,-22.02947629884232,,
58.66,109.56508326,193,156,6486,33,0.001,3.885472365995733,6325,-23.09413742437595,,
61.66,116.40314312000001,193,160,6826,35,0.001,3.5199719826842464,6665,-24.271619486254316,,
,,,,7000,,0.001,3.864777562059002,6914,-24.96292332905095,177.90036553144455,85.5
64.62,123.27064036999998,192,164,7162,37,0.001,4.482506064847968,7001,-25.37914599928745,,
67.58,129.87970400999998,192,168,7498,38,0.001,3.6360004122664287,7336,-25.908965134039157,,
70.59,136.60287895999997,193,172,7839,40,0.001,3.6599210633951076,7679,-27.024304617018927,,
,,,,8000,,0.001,3.8031650553928333,7852,-27.611699040730795,189.30613490343094,94.8
75.02,145.53782805999998,193,176,8322,43,0.001,4.513414955387513,8040,-28.335314710934956,,
78.96,153.97528353,191,180,8756,45,0.001,5.97048406379739,8567,-29.73458143075307,,
,,,,9000,,0.001,4.9050649164184446,8923,-31.081652026022635,243.37224900722504,114.7
82.98,162.70686772999997,191,184,9246,48,0.001,7.503339156631596,9044,-31.467965860835843,,
86.53,171.11562089,191,188,9713,50,0.001,6.224952539121072,9523,-32.91194885496109,,
,,,,10000,,0.001,6.8951117232089905,9899,-34.064336595081144,260.27329126596453,120.8
87.98,176.81630581000002,189,192,10220,54,0.001,6.474715433200868,10018,-34.49479866027832,,
91.32,184.80244447000004,189,196,10721,56,0.001,5.915568994096488,10523,-35.69666817982991,,
,,,,11000,,0.001,6.467903858736942,10890,-37.21291117082562,282.4698226749897,127.8
93.8,191.20865801,187,200,11215,59,0.001,7.22611525950541,11021,-37.08432441124549,,
95.5,195.77599169,188,204,11724,62,0.001,5.678945106129314,11521,-38.60047143697739,,
,,,,12000,,0.001,6.3593260242093,11888,-39.6103383956417,275.2952419221401,122.9
96.87,199.75521894999994,186,208,12207,65,0.001,6.752732278903325,12008,-39.79623025258382,,
97.96,202.81015536000004,186,212,12633,67,0.001,7.295019448417978,12461,-41.14424236615499,,
,,,,13000,,0.001,8.062748324871063,12864,-41.93244010925293,203.7489270746708,94.5
99.08,206.07136685,185,216,13037,70,,,,,,
104.23,213.31073368999998,187,220,13892,74,0.001,7.908614736614806,13562,-42.80816384517785,,
,,,,14000,,0.001,7.727917780087688,13816,-43.18622306763657,287.27092506289483,147.0
110.79,223.60550738999999,188,224,14863,78,0.001,6.6505309357935065,14561,-44.273978655455544,,
,,,,15000,,0.001,8.335422386110356,14787,-44.62787516771164,448.97978178858756,273.4
114.24,228.97472748000007,183,228,15550,84,0.001,10.429203091086922,15373,-45.449676767985025,,
114.63,230.28209248,184,232,15932,86,0.001,7.517775813738505,15759,-45.950750732421874,,
,,,,16000,,0.001,7.08539842084511,15856,-46.19064222063337,210.14235296845436,96.6
115.04,231.7413623,183,236,16316,88,0.001,8.504503823816776,16143,-46.957699378331505,,
115.38,233.14979250999997,183,240,16692,90,0.001,7.239522357563396,16520,-46.87359942560611,,
,,,,17000,,0.001,6.6087371492385865,16902,-46.85661346435547,204.31271471381189,91.5
116.12,235.54373389999998,183,244,17069,93,,,,,,
116.53,237.29133267,183,248,17455,95,0.001,7.70448582476758,17282,-47.34938146712932,,
116.95,239.11139124000002,183,252,17842,97,0.001,9.620050338407358,17668,-47.73519643147787,,
,,,,18000,,0.001,8.345372370311193,17864,-47.5259442232093,220.57257234454156,97.6
117.44,240.94749710000005,182,256,18230,99,0.001,9.241259019374848,18061,-47.61637466430664,,
118.03,243.14227035,183,260,18629,101,0.001,7.954257675245697,18456,-48.77752894981235,,
,,,,19000,,0.001,8.575768043994904,18851,-48.984747619628905,227.22747042179108,99.0
118.63,245.16399342000005,182,264,19025,104,,,,,,
119.79,248.52527475999995,183,268,19477,106,0.001,9.491052432682203,19270,-48.820061190374965,,
120.54,251.17395409,183,272,19893,108,0.001,10.465052903867235,19715,-48.90507941152535,,
,,,,20000,,0.001,8.811378067614985,19817,-49.60535012039484,255.0192329108715,116.9
119.98,251.5239381,182,276,20320,111,0.001,10.426648481927737,20144,-50.045745391845706,,
119.72,252.27591828,183,280,20728,112,0.001,7.892816743025413,20549,-49.859951752882736,,
,,,,21000,,0.001,8.28757202513864,20859,-49.972057270553876,261.23783193826677,119.6
119.15,251.54307726,182,284,21161,115,0.001,8.876630908351833,20977,-49.81565540119753,,
119.25,252.33682075999997,183,288,21638,118,0.001,10.334591909990472,21431,-50.4406473192118,,
,,,,22000,,0.001,9.510411178588868,21809,-50.954646633517356,268.4514301121235,121.6
119.18,252.28790431,182,292,22138,121,0.001,9.580762773048221,21936,-50.65371763706207,,
118.8,251.58708267000003,183,296,22601,123,0.001,11.227376736127413,22404,-51.73019313812256,,
,,,,23000,,0.001,9.992440324488694,22880,-51.445791244506836,264.99909407496455,118.9
118.6,251.25709864,183,300,23075,125,,,,,,
118.33,250.68632775999998,183,304,23557,128,0.001,9.51567238966624,23367,-51.96087023417155,,
,,,,24000,,0.001,9.399644401550294,23857,-52.10590270257765,266.3252629160881,121.0
118.43,250.66703298999997,182,308,24050,131,,,,,,
119.03,252.02749838999998,183,312,24536,133,0.001,9.779815873529158,24338,-52.84461199227026,,
,,,,25000,,0.001,10.116834332203043,24808,-52.79659659287025,269.6661532700062,123.5
119.67,253.55795435,183,316,25004,136,,,,,,
115.91,250.07419889000008,183,320,25483,138,0.001,9.947230466480914,25282,-53.18614597978263,,
111.14,244.37324662999998,184,324,25977,140,0.001,9.492956529787886,25778,-53.61297139813823,,
,,,,26000,,0.001,10.63280240888518,25901,-53.51462742539703,269.4577428877354,123.3
109.1,242.79394092,184,328,26460,143,0.001,8.98152287667539,26257,-53.64918459876109,,
110.09,245.30636798999996,184,332,26941,145,0.001,9.880783657073975,26743,-53.83255497101815,,
,,,,27000,,0.001,10.326553082856975,26865,-54.253429475377814,271.65040027499197,123.2
111.16,247.85010568,184,336,27432,148,0.001,9.631303258736928,27236,-54.54407952626546,,
112.14,250.09923088000002,184,340,27906,151,0.001,10.136746042143038,27714,-54.096573368195564,,
,,,,28000,,0.001,8.908399738114456,27830,-55.04625701904297,266.25236002206805,121.2
113.26,252.39557516000002,183,344,28395,154,0.001,9.983330482482911,28197,-54.60790018881521,,
114.33,254.46334431,184,348,28888,156,0.001,9.5363876024882,28686,-54.27992448352632,,
,,,,29000,,0.001,10.167070305536663,28812,-54.259932502867684,263.88441521525385,120.9
115.32,256.25537904000004,183,352,29374,160,0.001,9.461676638896071,29178,-54.386559188365936,,
116.33,258.09614106000004,183,356,29863,162,0.001,9.704483969872738,29664,-54.786214129130045,,
,,,,30000,,0.001,9.827948144644745,29908,-54.502682795290085,269.11577302217484,122.9
117.23,259.52092044999995,183,360,30352,165,0.001,8.504879724783976,30150,-54.63934169831823,,
118.08,261.05128946,183,364,30833,167,0.001,10.146305843194325,30634,-54.362009874979655,,
,,,,31000,,0.001,9.62017563466103,30881,-54.67641787375173,263.67009682655333,120.2
118.38,261.40748101,183,368,31315,170,0.001,11.38294817661417,31114,-54.61381662303004,,
118.88,262.20456726,183,372,31781,172,0.001,9.236784652128058,31594,-54.35261787802486,,
,,,,32000,,0.001,10.392742248681875,31822,-54.635270587468554,268.1185587465763,121.8
119.41,263.333983,183,376,32261,175,0.001,10.279938509153283,32060,-54.26397468303812,,
120.37,264.90208613,183,380,32765,178,0.001,10.587336138884227,32561,-54.474351183573404,,
,,,,33000,,0.001,8.481252594788868,32809,-54.213891665140785,274.0454380273819,125.1
120.96,266.1346051,183,384,33257,181,0.001,8.666793762207032,33062,-54.4051025632828,,
121.12,266.40519846,184,388,33750,183,0.001,8.968501920775166,33555,-54.07475062779018,,
,,,,34000,,0.001,9.155197693455603,33919,-53.34956384474231,269.65392929911616,123.1
121.09,266.31363189,184,392,34247,185,0.001,9.02207874879241,34047,-54.17387181520462,,
121.48,267.11852582000006,184,396,34749,188,0.001,7.761218878227894,34546,-53.89677041769028,,
,,,,35000,,0.001,10.074277816280242,34920,-53.93335262421639,267.0977277100086,120.0
121.69,267.50212417,183,400,35244,191,0.001,8.896657079215942,35043,-53.684937774157916,,
121.69,267.52706465000006,183,404,35726,194,0.001,7.993144428520872,35525,-53.56838353474935,,
,,,,36000,,0.001,8.654447820451525,35897,-53.79646204388331,274.7730729997158,125.0
121.7,267.62377217,183,408,36220,197,0.001,9.560978164357588,36018,-53.85452514398293,,
121.79,267.8699141700001,183,412,36715,199,0.001,8.532073493957519,36514,-54.05372783115932,,
,,,,37000,,0.001,10.689223523867332,36883,-53.69184215998246,263.5659219563007,118.5
121.96,268.26837525,183,416,37200,202,0.001,9.864728339256779,37007,-53.49913738619897,,
122.17,268.58170300999996,183,420,37700,205,0.001,8.065900732489194,37496,-53.47116305033366,,
,,,,38000,,0.001,10.040207441188088,37865,-53.7421604792277,270.58813507556914,123.2
122.18,268.62035339,183,424,38195,208,0.001,8.180250334361244,37991,-53.25681722731817,,
122.39,268.94955976,183,428,38699,210,0.001,8.803044034957885,38494,-53.230845557318794,,
,,,,39000,,0.001,8.24990868772197,38866,-53.27121023404396,271.0684676885605,124.6
122.44,268.92513826000004,183,432,39185,213,0.001,8.716989131013223,38987,-52.97962182362874,,
122.52,268.97836632,183,436,39684,215,0.001,9.517303148905436,39483,-53.234618656219,,
,,,,40000,,0.001,9.106821390587514,39868,-52.78520178794861,272.21208144426345,124.4
122.94,269.63628016999996,183,440,40200,218,0.001,8.423569532829946,39995,-53.6108389960395,,
122.95,269.70626454000006,183,444,40690,221,0.001,9.071171737298734,40492,-52.97053983134608,,
,,,,41000,,0.001,10.008022499084472,40865,-53.04424089001071,271.98952360153197,123.8
123.01,269.88554734,183,448,41189,224,0.001,9.020016118884087,40993,-52.81759011745453,,
122.96,269.93042567,183,452,41670,226,0.001,9.635769651333492,41475,-52.798699061075844,,
,,,,42000,,0.001,10.559872046593696,41837,-53.06293093773626,267.54804077744484,121.5
122.94,269.98748080999997,183,456,42157,229,0.001,8.550739253997802,41962,-52.65625496516152,,
123.06,270.26727568999996,184,460,42658,231,0.001,8.806577881490151,42457,-52.784759884788876,,
,,,,43000,,0.001,8.862791504178729,42833,-53.08192365131681,271.198197221756,122.2
123.23,270.59769884,183,464,43156,234,0.001,8.599157476034321,42955,-52.629118809934525,,
123.4,271.01509557,184,468,43655,237,0.001,8.342137231201422,43453,-52.71963488469358,,
,,,,44000,,0.001,8.214621091500307,43820,-52.19621858758441,269.3765285730362,122.1
123.57,271.30096469000006,183,472,44138,240,0.001,8.601096817704498,43942,-52.48319300667184,,
123.52,271.21911961,183,476,44613,242,0.001,9.25001170531563,44419,-52.594767921849304,,
,,,,45000,,0.001,8.081325996667147,44910,-52.561168789863586,264.64191756248476,119.2
123.41,271.155544,183,480,45106,245,,,,,,
123.22,270.63301427,183,484,45579,247,0.001,8.915895497545282,45378,-52.1018477906572,,
,,,,46000,,0.001,8.307338234122472,45885,-52.167585813082184,272.47647590637206,124.5
123.34,270.91016371,183,488,46084,250,,,,,,
123.35,270.92138644,183,492,46582,253,0.001,8.29258593916893,46378,-52.53518205881119,,
,,,,47000,,0.001,7.5759372751591565,46873,-52.194836180088885,263.9212161540985,120.8
123.26,270.60873479,183,496,47075,256,,,,,,
123.2,270.33363886,183,500,47564,259,0.001,9.63670781375916,47367,-52.139317872094324,,
,,,,48000,,0.001,8.648576548119554,47849,-52.08024920447398,268.6280160367489,123.5
123.27,270.36686491,183,504,48053,262,,,,,,
123.28,270.25542972,183,508,48548,264,0.001,8.282144361072117,48352,-52.32169723510742,,
,,,,49000,,0.001,8.078407643333314,48847,-51.84683433411613,267.05840349793436,122.6
123.29,270.15191955,183,512,49044,267,,,,,,
123.36,270.12236988999996,183,516,49536,270,0.001,7.751445139040713,49337,-52.086958963362896,,
,,,,50000,,0.001,9.234221242723011,49829,-52.30348938230484,269.17208809256556,123.9
123.24,269.79037044000006,182,520,50024,273,,,,,,
123.16,269.57563866,182,524,50511,276,0.001,8.62218016238252,50313,-52.28180783589681,,
,,,,51000,,0.001,7.856873790423076,50806,-51.95878868103027,266.1458283185959,122.0
123.05,269.30936225,182,528,51004,279,,,,,,
123.06,269.34863548,182,532,51491,281,0.001,7.760771325797089,51292,-51.814301600221725,,
123.14,269.37960856,182,536,51998,284,0.001,8.170354377139699,51794,-52.1300184654467,,
,,,,52000,,0.001,8.932623391970992,51922,-52.382955729961395,264.74732620716094,122.3
122.86,268.7791898,182,540,52486,287,0.001,8.370919759750366,52292,-52.010803767613005,,
122.88,268.69523599,182,544,52978,290,0.001,8.292479851206796,52779,-52.24543837250256,,
,,,,53000,,0.001,8.432024765789993,52902,-51.65360253857028,272.4558707356453,124.3
122.85,268.5918228,182,548,53474,293,0.001,9.172752804007413,53275,-52.154238828023274,,
122.87,268.55509136000006,182,552,53957,295,0.001,8.660627664081634,53764,-52.46084176926386,,
,,,,54000,,0.001,8.132760545127413,53881,-52.00902642874882,268.15983698368075,123.5
123.0,268.68540052000003,181,556,54457,299,0.001,9.083865756988525,54257,-52.135515459122196,,
123.07,268.74349027000005,182,560,54965,301,0.001,8.181209793241004,54760,-52.16568326950073,,
,,,,55000,,0.001,7.220572564028954,54889,-52.01264899969101,269.7375367641449,123.8
122.89,268.32049251,182,564,55445,304,0.001,8.146241988738378,55248,-52.178212610880536,,
122.8,268.04612523000003,182,568,55935,306,0.001,7.648109819830918,55735,-52.42368666852107,,
,,,,56000,,0.001,7.281144761270093,55859,-52.553048410723285,269.8499482989311,123.5
122.88,268.05245852,181,572,56426,310,0.001,7.348746116344746,56226,-52.5250952769134,,
123.02,268.15422926,182,576,56915,312,0.001,9.168021012127884,56713,-52.148899328513224,,
,,,,57000,,0.001,8.00114130973816,56839,-52.391376434810574,267.81025714874266,122.8
123.02,267.9597973,182,580,57408,315,0.001,8.496766044616699,57205,-52.33530462941816,,
123.38,268.68907932999997,182,584,57917,317,0.001,7.444906455714528,57708,-52.393921267601755,,
,,,,58000,,0.001,7.804511864382522,57841,-52.13019521308668,273.0693212032318,126.2
123.36,268.41268496,181,588,58420,321,0.001,7.616020373472079,58219,-52.02301225208101,,
,,,,59000,,0.001,7.759403799057007,58344,-52.17666371663412,242.7563893377781,113.3
,,,,60000,,0.001,7.825171702312973,59450,-52.4209396074403,651.4240882396698,566.5
142.79,286.0557849499999,180,592,60861,336,0.001,7.169170350790024,60450,-52.39831341552734,,
,,,,61000,,0.001,7.088094661484903,60785,-52.31134697919834,532.5307761728764,374.0
,,,,62000,,0.001,7.1381027592733854,61371,-52.632544677005285,1069.0023993849754,1000.0
155.17,296.76510156,176,596,62592,354,0.001,7.280933539072673,62404,-53.1559051064884,,
,,,,63000,,0.001,6.927868499130499,62780,-52.734109784736006,108.048802536726,63.4
155.24,294.2643214,177,600,63088,356,,,,,,
,,,,64000,,0.001,7.605572558682541,63012,-52.80999870957999,905.961326020956,830.9
,,,,65000,,0.001,7.46374480281256,64472,-52.70950779161955,319.2109019637108,195.7
174.95,312.46577833,176,604,65548,371,,,,,,
,,,,66000,,0.001,6.667015767345826,65891,-52.56696061293284,282.59747715592385,149.5
175.22,312.61616109,174,608,66070,379,,,,,,
173.75,308.85909003000006,174,612,66419,381,0.001,7.343180561065674,66308,-53.63074556986491,,
,,,,67000,,0.001,7.491262745383559,66827,-52.73039606820166,374.4903587043285,221.4
178.26,313.1912282199999,174,616,67362,386,0.001,8.63093736972886,67074,-52.8805717345207,,
,,,,68000,,0.001,7.396559977716254,67859,-52.626023292541504,350.095871424675,191.7
181.96,317.77231929000004,174,620,68220,391,,,,,,
181.47,316.22334363000004,174,624,68658,394,0.001,8.269959492068137,68450,-52.932163361580145,,
,,,,69000,,0.001,8.186178410754485,68718,-53.22244071960449,400.0054988920689,235.2
183.85,318.22634786000003,173,628,69389,398,0.001,7.833127039450186,69074,-53.11859710128219,,
182.57,314.62305529,173,632,69748,401,0.001,8.171467995458794,69568,-53.08961040790265,,
,,,,70000,,0.001,8.859021191011395,69897,-52.640976085997465,512.9082778096199,344.5
184.22,315.61067947000004,173,636,70420,406,0.001,8.48947330487741,70267,-52.62254251016153,,
184.32,313.78915165000006,173,640,70918,408,0.001,7.978664112091065,70587,-52.82229712350028,,
,,,,71000,,0.001,8.823111586477243,70842,-52.5747552216053,332.3859663307667,184.9
186.95,316.70511804,173,644,71673,413,0.001,7.618829837424218,71480,-52.6214564531699,,
,,,,72000,,0.001,9.259328920394182,71859,-52.63015377521515,281.8953452408314,142.4
187.31,317.19294027,173,648,72205,416,0.001,7.095566735650501,71996,-52.705040586167485,,
,,,,73000,,0.001,9.310975154240927,72743,-52.71086922670022,210.8903481185436,136.0
190.59,320.74335028,173,652,73016,421,,,,,,
191.17,319.27401441,173,656,73574,424,0.001,8.253879670743588,73373,-53.132005667980806,,
,,,,74000,,0.001,8.726497400890697,73886,-52.651795069376625,248.05173856019974,117.5
191.65,318.5950418,173,660,74130,428,0.001,8.308778070520471,74021,-53.0535917139765,,
191.28,315.57197027,173,664,74573,430,0.001,10.387843176430346,74433,-52.87094033933153,,
,,,,75000,,0.001,9.451871933043003,74817,-52.95648527145386,483.9834949314594,307.9
197.21,322.80554417,173,668,75656,437,0.001,8.635756801551496,75467,-52.67681274951344,,
,,,,76000,,0.001,9.849604014916853,75914,-52.669220664284445,259.4480855226517,111.7
196.76,322.58879307,173,672,76102,439,,,,,,
196.28,322.0888658,173,676,76543,441,0.001,10.192777453769336,76357,-52.76713187477805,,
,,,,77000,,0.001,9.797063271592304,76906,-52.63946651717991,242.29497356414794,112.2
196.78,322.48904532999995,173,680,77086,445,,,,,,
199.13,324.72633017000004,173,684,77830,449,0.001,9.608923442141954,77642,-52.91580674814623,,
,,,,78000,,0.001,6.9378305205277035,77754,-52.61257185254778,400.87070294618604,228.8
202.14,328.68763063,173,688,78634,454,0.001,9.579025386202284,78445,-52.858242670694985,,
,,,,79000,,0.001,8.409315086851183,78707,-53.00912001326277,405.5853263378143,232.8
186.53,316.06965511,173,692,79514,459,0.001,8.680433792403981,79190,-52.87099613862879,,
,,,,80000,,0.001,9.342481658972947,79887,-52.78026313481369,382.6073266863823,219.5
178.78,311.52985518,173,696,80470,464,0.001,8.418897554654034,80125,-52.98205063122661,,
,,,,81000,,0.001,8.394995445882723,80675,-52.93625352042062,479.49001339674,289.7
184.83,321.87863463,173,700,81571,470,0.001,9.373680137010863,81255,-52.77914756536484,,
,,,,82000,,0.001,8.453109227085566,81706,-53.00523703953005,415.534404695034,231.3
169.46,309.31255479,173,704,82494,475,0.001,9.02272084818946,82110,-53.057553142971464,,
,,,,83000,,0.001,7.810230536262194,82658,-53.108861382802324,439.33243546485903,255.8
173.64,314.98445921999996,173,708,83434,481,0.001,9.542868013651866,83156,-53.08960662697846,,
,,,,84000,,0.001,8.474170419749091,83837,-53.098763185388904,359.96313259601595,192.3
176.99,320.61830657999997,173,712,84118,485,,,,,,
174.53,318.92199378000004,173,716,84815,489,0.001,7.7581422134586004,84570,-52.99714312346085,,
,,,,85000,,0.001,8.705987674950142,84739,-53.20483584631057,342.5300792515278,183.8
173.78,318.14590218999996,173,720,85598,494,0.001,9.592451411744822,85361,-53.31854778787364,,
,,,,86000,,0.001,8.569366861920837,85740,-53.26769032609572,397.53727319836617,223.9
177.95,323.79414378,172,724,86453,500,0.001,8.59150333063943,86216,-53.161828752547976,,
,,,,87000,,0.001,8.264175561758188,86767,-53.41833539353203,377.0722695112228,203.9
179.03,326.12556852999995,172,728,87292,505,0.001,10.033800526496467,86985,-53.15342530416786,,
,,,,88000,,0.001,8.730422648686341,87806,-53.196656127770744,376.39369854331017,213.7
185.48,336.10197308000005,172,732,88296,511,0.001,8.604740153809297,88023,-53.60924618332474,,
,,,,89000,,0.001,8.30809407318588,88836,-53.346140667400526,395.79167423844336,222.0
187.25,339.71530279,172,736,89145,516,,,,,,
,,,,90000,,0.001,8.261475115509356,89739,-53.4406082347288,566.4934706032276,379.4
191.34,347.068698,172,740,90052,523,,,,,,
,,,,91000,,0.001,8.22693864806292,89976,-53.35851509030126,1087.7165534079074,1000.0
,,,,92000,,0.001,8.446268682039216,91799,-53.66750055275216,938.3839314758777,826.4
209.15,365.33467570999994,170,744,92588,544,,,,,,
,,,,93000,,0.001,8.517435762691631,92512,-53.51564426582401,1041.9844467759133,967.6
,,,,94000,,0.001,8.443643704100184,93855,-53.59744592856246,515.8350315570831,329.0
223.82,380.56035885999995,168,748,94587,562,0.001,7.860323845023989,94172,-53.708418336304476,,
,,,,95000,,0.001,8.555996968089671,94856,-53.52031749659191,997.4114923357963,774.3
,,,,96000,,0.001,8.253340198579899,95461,-53.70452369285735,591.4937225580215,389.9
233.55,392.5881810399999,166,752,96371,577,0.001,8.257354882930187,95931,-53.77102581592316,,
,,,,97000,,0.001,8.490142559703392,96611,-53.82419412347335,960.1304189026356,726.3
,,,,98000,,0.001,8.389160068411575,97702,-53.73914485228689,494.2832101583481,301.4
245.16,408.5474529300001,165,756,98090,592,,,,,,
,,,,99000,,0.001,9.576214120938229,98877,-53.85561469551567,411.02640598416326,223.5
250.63,416.91853932000004,165,760,99193,598,,,,,,
,,,,100000,,0.001,8.704081752176943,99791,-54.29832912313527,461.584650015831,258.5
255.15,426.21494118999993,165,764,100088,604,,,,,,
,,,,101000,,0.001,7.903534738028922,100712,-54.637923170880576,448.5394392311573,255.2
253.67,425.3260110300001,165,768,101023,610,,,,,,
,,,,102000,,0.001,9.525370226966011,101685,-54.457848504873425,437.74428403377533,242.1
259.06,432.83218350999994,165,772,102008,616,,,,,,
,,,,103000,,0.001,8.44918389946011,102737,-54.58021426369958,468.50861605405805,276.8
265.46,441.32775603000005,165,776,103089,623,,,,,,
,,,,104000,,0.001,7.951803617250352,103730,-54.80768396286737,439.80537942647936,239.4
269.56,447.44040966999995,165,780,104042,630,,,,,,
,,,,105000,,0.001,8.415204666241879,104749,-54.83239422325327,412.2975534975529,225.6
272.17,451.78558735999997,165,784,105047,635,,,,,,
272.58,452.91866125000007,165,788,105892,640,0.001,8.046789088317652,105605,-54.722551162426285,,
,,,,106000,,0.001,9.139486019080284,105816,-54.672529256568765,400.55320330262185,213.9
272.42,453.05019871999997,165,792,106756,646,0.001,8.800723330467536,106468,-54.7051102578103,,
,,,,107000,,0.001,8.333309713399634,106680,-54.75775085305268,433.53620725274084,247.2
271.76,452.5632871199999,165,796,107646,651,0.001,9.152988375401964,107360,-54.59545700222838,,
,,,,108000,,0.001,8.450826109501353,107798,-54.78183970535011,392.44869235157967,205.5
269.33,450.17787632,165,800,108504,657,0.001,9.117832765371903,108218,-54.39963272758152,,
,,,,109000,,0.001,8.977637227376302,108827,-54.946076565697076,385.79330374598504,200.7
268.33,449.5672806999999,164,804,109327,662,0.001,8.86973968076934,109036,-54.807330140613374,,
,,,,110000,,0.001,9.931531280137916,109881,-54.775565011160715,403.4784365236759,216.1
267.43,449.02481926,164,808,110177,668,,,,,,
,,,,111000,,0.001,8.233204665432972,110804,-54.9470979309082,408.01435620188715,217.4
269.78,453.11458648,164,812,111096,674,,,,,,
271.81,456.49796954000004,164,816,111996,678,0.001,9.133657034101157,111710,-54.760995700441555,,
,,,,112000,,0.001,8.569599467232115,111920,-54.61671128045945,403.4093678832054,216.5
272.43,457.99805063,164,820,112841,683,0.001,7.895547425995271,112545,-54.845797300338745,,
,,,,113000,,0.001,8.354258275032043,112765,-54.47154000022194,427.0589372098446,240.4
273.14,460.20962464,164,824,113767,690,0.001,8.44840351559899,113491,-54.65601120573102,,
,,,,114000,,0.001,7.883556421995163,113691,-54.72897666931152,423.39153849482534,236.8
274.33,462.12793802999994,164,828,114725,696,0.001,7.772618722271275,114416,-54.582774428633954,,
,,,,115000,,0.001,8.278190551827487,114868,-54.478308486938474,427.89832696318626,241.4
273.67,462.1885495099999,164,832,115663,701,0.001,7.70403488694805,115326,-54.34404484141957,,
,,,,116000,,0.001,9.747664005701779,115849,-54.36653180886771,406.43433394432066,214.0
274.65,464.08803936,164,836,116610,707,0.001,8.526046638340913,116325,-54.43252045978871,,
,,,,117000,,0.001,7.806214520369718,116793,-54.29768809237221,443.82862448096273,245.8
276.8,468.01033235,164,840,117732,713,0.001,8.078090633780269,117355,-54.33535652420148,,
,,,,118000,,0.001,8.537375974496733,117656,-54.33244692568747,1232.9888611912727,884.7
,,,,119000,,0.001,8.231957655668259,118656,-54.18450701141357,483.19573907256125,344.3
267.79,458.49710099000004,163,844,119367,729,0.001,8.241619387897876,119160,-54.13810362382369,,
252.66,438.8105423599999,163,848,119853,731,0.001,7.908048047622045,119651,-54.03033873240153,,
,,,,120000,,0.001,8.062609434127808,119917,-54.34064690726144,172.16692620515823,125.3
239.91,419.52749793000004,163,852,120362,735,0.001,8.21531830434724,120154,-54.41517323255539,,
227.88,400.94332793,163,856,120878,737,0.001,8.957669285477184,120682,-54.579421184102046,,
,,,,121000,,0.001,8.001939197381338,120802,-54.50315818786621,267.7721578478813,222.7
223.94,390.83576064,163,860,121587,741,0.001,8.499718777595028,121267,-54.523357514412176,,
,,,,122000,,0.001,9.611578813413294,121634,-54.448805901312056,335.3824163645506,306.1
222.07,382.3931337199999,163,864,122295,747,0.001,7.812480709769509,122092,-54.747746207497336,,
217.76,371.49160965999994,163,868,122799,750,0.001,9.938658987653666,122615,-54.3889274597168,,
,,,,123000,,0.001,9.136732450781022,122910,-54.25549361046324,166.028704854846,130.4
213.61,360.73677476000006,163,872,123369,753,0.001,8.318580942228436,123174,-54.298096001148224,,
,,,,124000,,0.001,8.838134300418016,123649,-54.154814610715775,1306.1833436369895,1000.0
216.36,360.72556749999995,163,876,124725,762,,,,,,
,,,,125000,,0.001,8.856433024406433,124649,-54.376225402832034,1307.1074958980084,1000.0
,,,,126000,,0.001,8.426535477876664,125649,-54.443080253601075,572.3751012444496,403.7
,,,,127000,,0.001,8.984333357666477,126309,-54.27464644692161,1108.5552808463574,749.1
234.66,382.3280444400001,161,880,127508,790,0.001,8.66892581796646,127309,-54.39826700592041,,
,,,,128000,,0.001,8.910248803369926,127859,-54.17673873901367,200.5332661986351,132.0
230.22,372.11098095999995,161,884,128069,793,,,,,,
226.81,363.09460957000005,161,888,128573,796,0.001,8.41962494610025,128371,-54.165334563324414,,
,,,,129000,,0.001,8.116697294218046,128844,-54.26037754331316,151.1852129340172,114.7
222.76,352.98456543,161,892,129032,799,,,,,,
218.35,342.53271999,161,896,129481,801,0.001,7.807341300375093,129291,-54.13109782484711,,
214.53,332.82225808999993,161,900,129957,803,0.001,7.139692488363234,129753,-54.732120384604244,,
,,,,130000,,0.001,8.019128985702991,129881,-54.66843140125275,147.85573422908783,114.4
210.71,322.75164636999995,161,904,130398,805,0.001,8.601977802882685,130211,-54.216826168995986,,
206.53,312.04103793999997,161,908,130830,807,0.001,8.683665943145751,130651,-54.40110542990944,,
,,,,131000,,0.001,7.963305040237007,130863,-54.77690279925311,140.86727056205274,111.2
201.49,300.47492109,161,912,131245,810,0.001,9.012554720044136,131069,-54.31027992566427,,
196.41,288.29375139,162,916,131637,812,0.001,8.654764961950558,131462,-54.36417342205437,,
,,,,132000,,0.001,7.623434769986856,131867,-54.66279570910395,140.7594559252262,111.2
192.11,277.39842997000005,162,920,132052,814,,,,,,
187.13,265.3219737200001,162,924,132480,816,0.001,7.5419494077271105,132299,-54.28581536984911,,
,,,,133000,,0.001,9.73871077128819,132404,-54.53088321325914,1264.9233586579562,952.1
190.87,266.13736161,161,928,133812,828,0.001,8.664825857178238,133633,-54.321801567077635,,
,,,,134000,,0.001,8.125206788380941,133844,-54.181105295817055,141.97298703193664,110.4
185.79,254.29670905,161,932,134242,831,0.001,8.930244711729197,134061,-54.74261291210468,,
181.33,243.18343112,161,936,134743,833,0.001,7.523994095289885,134539,-54.22420268272286,,
,,,,135000,,0.001,7.690365850463394,134920,-54.11788247915415,136.13892076611518,92.2
174.51,229.02424786999995,161,940,135183,836,0.001,8.397786756356558,135016,-54.34924062093099,,
,,,,136000,,0.001,7.494512697875688,135650,-54.13487488368772,1213.3321629792451,1000.0
173.59,226.77124801999997,161,944,136726,845,,,,,,
,,,,137000,,0.001,7.806840497255325,136650,-54.210647331237794,1391.6807826220988,935.8
,,,,138000,,0.001,7.855791699647903,137650,-54.185615531921385,573.9998205542564,320.2
189.92,255.48706992000004,160,948,138845,864,0.001,8.437691656251749,138295,-54.102578997612,,
,,,,139000,,0.001,8.920107698641749,138769,-54.27201228403341,443.17922976613045,217.4
192.47,264.2790532,160,952,139609,870,0.001,7.871433027455064,139350,-54.278271633645765,,
,,,,140000,,0.001,7.611322561006867,139884,-54.29351763778858,366.894146001339,180.8
194.42,272.06320141000003,160,956,140320,874,0.001,8.560852775206932,140066,-54.55123767223987,,
,,,,141000,,0.001,7.499623136816865,140808,-54.230441339237174,382.9663165450096,194.5
194.92,278.54351753,160,960,141079,879,,,,,,
195.41,285.32023122,160,964,141836,883,0.001,7.400349859187478,141558,-54.060137818989,,
,,,,142000,,0.001,7.624099366735704,141760,-54.304017963975966,393.07624606490134,203.3
198.1,294.47777524,160,968,142609,888,0.001,8.04579770858652,142362,-54.300818424598845,,
,,,,143000,,0.001,7.357098868158128,142905,-54.20715221828885,365.8228329837322,177.5
199.87,302.22463367,160,972,143356,893,0.001,7.656498107532997,143082,-54.07929748363709,,
,,,,144000,,0.001,7.768183155317565,143831,-54.0949532052745,375.0678364634514,188.8
193.68,298.43258141,160,976,144093,898,,,,,,
172.54,273.7101017400001,160,980,144762,901,0.001,6.84062429102595,144524,-54.32480798448835,,
,,,,145000,,0.001,7.241359291306461,144852,-54.17066780917616,346.2197597026825,161.8
173.44,280.28775483000004,160,984,145413,906,0.001,7.860939551622439,145168,-53.85058989891639,,
,,,,146000,,0.001,7.12398052853059,145879,-54.59384438299364,357.56241633892057,166.2
175.5,288.07094777000003,160,988,146123,910,,,,,,
177.75,296.54531138000004,160,992,146807,913,0.001,7.225837223947385,146552,-54.453594764966645,,
,,,,147000,,0.001,7.139387221852685,146888,-54.4062466198885,390.1688609242439,200.5
180.85,305.72712124,160,996,147566,918,0.001,7.370642266162606,147306,-54.71795661361129,,
,,,,148000,,0.001,6.404502457234917,147833,-54.476586504680355,362.572861456871,175.5
182.96,313.89808383,160,1000,148253,922,0.001,6.378167168568757,148010,-54.60688888892699,,
185.06,322.36825960000004,160,1004,148904,925,0.001,7.527603034205085,148667,-54.5024153219687,,
,,,,149000,,0.001,7.833631118632251,148828,-54.943124606285565,335.48940658569336,153.2
186.92,330.68800009000006,160,1008,149522,929,0.001,7.3385606448944305,149301,-55.10700440080198,,
,,,,150000,,0.001,7.646300812562306,149908,-55.33593901609763,341.21256140470507,155.7
188.95,339.10169484,160,1012,150140,933,,,,,,
191.31,348.27657721,160,1016,150768,936,0.001,7.2941652797672845,150537,-55.26092686065256,,
,,,,151000,,0.001,6.583068353048763,150853,-55.60597071647644,337.86783677339554,149.5
193.36,356.8826785200001,160,1020,151388,940,0.001,7.008288490621349,151159,-55.29297946978219,,
195.1,365.3858033700001,161,1024,151990,943,0.001,6.45601575997225,151764,-55.39084924625445,,
,,,,152000,,0.001,7.386435448328654,151914,-55.8500905863444,334.1519449353218,148.6
187.84,361.08195158,161,1028,152596,947,0.001,7.147480678248715,152372,-56.145320446460275,,
,,,,153000,,0.001,7.221487540992902,152808,-56.09821303231376,342.91293289661405,158.6
189.59,369.25089338,161,1032,153201,951,0.001,6.679820072576867,152969,-55.74041595458984,,
190.53,376.4414546,161,1036,153796,954,0.001,7.1986740239679,153579,-56.16664505004883,,
,,,,154000,,0.001,6.638506014075055,153869,-56.60715407294196,332.59350690841677,145.1
192.03,383.9878873,161,1040,154386,957,0.001,7.852938114428053,154165,-56.358656080145586,,
182.39,377.20532901000007,161,1044,154965,960,0.001,6.641326592002116,154735,-56.5054829557177,,
,,,,155000,,0.001,6.741917831557138,154889,-56.628636446866125,334.35443098545073,146.5
167.14,355.08345298000006,161,1048,155559,964,0.001,6.821478462543618,155329,-56.84435601430396,,
,,,,156000,,0.001,8.423286741888019,155772,-56.997641281342844,342.1257594704628,150.1
165.39,352.98518604,161,1052,156148,968,0.001,6.718607983031831,155926,-57.168221609933035,,
164.2,351.97755512000003,161,1056,156740,971,0.001,6.405683705681248,156516,-57.15383715378611,,
,,,,157000,,0.001,7.533025760720246,156801,-57.25411757300882,326.9376246333122,137.2
162.14,350.02499043000006,161,1060,157293,975,0.001,7.156564458556797,157076,-57.54616159632586,,
159.98,347.9196949400001,161,1064,157834,977,0.001,6.695337854112897,157624,-57.52677666800363,,
,,,,158000,,0.001,7.5523249039547045,157897,-57.63082393701526,330.6150905251503,133.5
157.7,346.02383432999994,161,1068,158379,981,0.001,7.003538775264769,158165,-57.522526480934836,,
155.59,344.26534991,161,1072,158915,984,0.001,7.061111164443633,158709,-57.51725757823271,,
,,,,159000,,0.001,6.68226846915025,158839,-57.544122960017276,325.6423620462418,133.7
153.79,343.09727359000004,161,1076,159472,987,0.001,8.004208894486123,159256,-57.52083754203689,,
,,,,160000,,0.001,7.6275532355434015,159841,-57.73604116941753,359.4228864192963,151.2
153.07,343.27698836,161,1080,160069,991,,,,,,
152.14,342.9179484099999,161,1084,160627,994,0.001,7.168565355616508,160406,-58.132897567749026,,
,,,,161000,,0.001,7.287335160926537,160826,-57.6614413541906,345.83803354501725,142.8
150.57,341.54111504,161,1088,161180,997,0.001,7.481709298160341,160970,-57.84683508343167,,
149.63,340.89327292,161,1092,161770,1000,0.001,6.706367098490397,161546,-58.00837773640951,,
,,,,162000,,0.001,6.740377864776513,161850,-57.89522753006373,348.81231104135514,150.9
148.11,339.76868601000007,161,1096,162377,1003,0.001,7.813317798279427,162149,-58.00813102722168,,
147.14,338.87567692,161,1100,162967,1006,0.001,6.747555464700936,162746,-58.00726179643111,,
,,,,163000,,0.001,7.872171168491758,162891,-58.453197956085205,330.5889644742012,137.0
146.22,338.10112387000004,161,1104,163526,1009,0.001,6.9287295101357875,163305,-57.96525197789289,,
,,,,164000,,0.001,7.979159953782884,163870,-58.29370771135603,329.3914234161377,141.3
145.67,337.77892703000003,161,1108,164089,1013,,,,,,
144.92,337.15221304000005,162,1112,164632,1016,0.001,6.585060299282342,164422,-58.11964314420458,,
,,,,165000,,0.001,6.94250686325296,164827,-58.38221897798426,334.25889258384706,142.9
144.21,336.54914689000003,162,1116,165189,1019,0.001,8.558496098418336,164970,-58.49965132607354,,
143.52,336.03596504,162,1120,165740,1021,0.001,8.095383023539334,165529,-58.42667094639369,,
,,,,166000,,0.001,6.467769491261449,165809,-58.242248641120064,332.45085767507555,139.4
143.13,336.02010198000005,162,1124,166303,1025,0.001,6.638863362854333,166089,-58.42383354297583,,
,,,,167000,,0.001,7.301962088812426,166803,-58.28467337939204,454.8934733390808,176.1
144.54,341.36811212,162,1128,167050,1030,,,,,,
144.35,342.2748000600001,162,1132,167636,1033,0.001,8.37616160531707,167414,-58.43254224877609,,
,,,,168000,,0.001,7.351633363926904,167825,-58.515932855151945,608.3616822600364,275.9
146.06,345.97033997,162,1136,168402,1038,0.001,6.761061900326995,168119,-58.66737825043347,,
,,,,169000,,0.001,7.8003575733729775,168897,-58.7029265042009,414.25865615606307,171.1
147.6,350.30850246,162,1140,169146,1042,,,,,,
149.45,355.21543324,162,1144,169910,1046,0.001,8.352370533012074,169606,-58.916658154655906,,
,,,,170000,,0.001,8.152406014894185,169834,-58.833053388093646,609.9338547110558,243.7
151.0,360.35455923,162,1148,170659,1051,0.001,8.47035862531276,170412,-58.86072220199409,,
,,,,171000,,0.001,7.712249567379823,170879,-58.902910335643874,437.57246059179306,198.6
151.56,362.0515985000001,162,1152,171304,1055,0.001,7.293743387940004,171073,-58.81006103201011,,
152.13,364.27406623,162,1156,171953,1057,0.001,7.485926332649278,171697,-58.79779975796923,,
,,,,172000,,0.001,7.404542281892565,171877,-59.0570378197564,376.3566247820854,163.4
153.33,366.70697292000006,162,1160,172626,1062,0.001,7.044155490267408,172399,-59.001797518887365,,
,,,,173000,,0.001,8.147181792692704,172843,-58.889172191351236,348.4713873744011,145.9
153.79,367.5780136900001,162,1164,173213,1065,0.001,8.265219915403078,172989,-59.218336654036015,,
154.47,368.67472835,162,1168,173826,1068,0.001,7.106262319228229,173586,-58.840059949206065,,
,,,,174000,,0.001,7.514116454728042,173908,-58.94541655914693,352.32787652015685,149.8
155.42,370.7708571300001,162,1172,174457,1072,0.001,8.550558997135536,174212,-58.88891012018377,,
,,,,175000,,0.001,7.768561887402907,174810,-58.874370897319956,332.0851736187935,140.9
155.56,370.7451276400001,162,1176,175028,1076,,,,,,
155.39,370.05601325000003,162,1180,175608,1079,0.001,7.980354910883411,175388,-59.09038177908283,,
,,,,176000,,0.001,7.994718068762671,175849,-58.534897574895545,525.6465164065361,232.6
157.91,374.93679907000006,162,1184,176418,1084,0.001,7.574380285558645,176191,-58.82174323455632,,
,,,,177000,,0.001,7.617652022320291,176789,-58.54670100212097,398.0102196931839,174.2
158.62,376.1198408,162,1188,177042,1089,,,,,,
158.71,376.50798968000004,162,1192,177641,1092,0.001,7.3316499420574734,177416,-58.747795486450194,,
,,,,178000,,0.001,8.185446364791305,177839,-58.63938966437952,345.50535761117936,144.7
158.07,375.0007393099999,162,1196,178184,1095,0.001,7.608746784073966,177979,-58.734179741995675,,
157.26,372.4867710099999,162,1200,178693,1098,0.001,8.140098113566637,178492,-58.74682241678238,,
,,,,179000,,0.001,7.792160263357236,178870,-58.65674526508038,287.21918708086014,130.6
156.82,370.45693886000004,162,1204,179208,1101,0.001,8.338655710220337,178996,-58.39926565261114,,
156.64,369.1586836099999,162,1208,179753,1103,0.001,8.426449130131648,179526,-57.94445524949294,,
,,,,180000,,0.001,7.956902579257362,179829,-57.91349200198525,276.4214992046356,124.8
157.96,371.28110622,162,1212,180428,1107,0.001,7.834450337860988,180228,-58.576817629148636,,
,,,,181000,,0.001,8.34568728660715,180829,-58.119762617966224,411.4959491729736,181.4
159.23,373.8940012300001,162,1216,181112,1111,,,,,,
159.38,373.47779882000003,163,1220,181678,1114,0.001,8.855250318451683,181480,-57.889431906218576,,
,,,,182000,,0.001,7.842286489141269,181729,-57.87334115164621,362.20009701251985,163.0
159.29,372.10596817000004,163,1224,182232,1117,0.001,8.279274380207061,182053,-57.85735168457031,,
157.78,366.68540873000006,163,1228,182828,1120,0.001,8.527353093175606,182630,-58.04813989318243,,
,,,,183000,,0.001,7.517812879359136,182752,-57.8427851942719,503.97812178134916,207.6
160.1,372.1615817300001,163,1232,183646,1124,0.001,8.284786269068718,183384,-58.15592816897801,,
,,,,184000,,0.001,9.184908511146666,183759,-58.168552966828045,482.46484204530714,196.3
161.69,377.1263356200001,163,1236,184571,1130,0.001,8.374459419139596,184301,-57.95062366751738,,
,,,,185000,,0.001,8.206972188674486,184877,-58.151898017296425,586.8179566264153,226.1
162.96,379.6782859499999,163,1240,185442,1135,0.001,9.480304656830508,185103,-58.35875739038518,,
,,,,186000,,0.001,8.951062669273185,185890,-58.29128460924164,598.6034364938736,231.8
164.96,385.08711762,163,1244,186406,1141,0.001,8.564921045928022,186119,-58.15607281735069,,
,,,,187000,,0.001,9.251966458964722,186827,-58.32333325837788,641.8771792054176,289.4
169.26,392.65350749,163,1248,187585,1148,0.001,9.072432403476354,187260,-58.42363475324921,,
,,,,188000,,0.001,9.066367363542076,187755,-57.75014030642626,506.9674442052841,211.8
170.6,394.72875013,163,1252,188364,1153,0.001,8.505098947664587,188038,-57.83303284063572,,
,,,,189000,,0.001,9.104197123720978,188569,-57.81281975337437,769.5393127501011,365.9
179.02,412.72684821999997,163,1256,189855,1163,0.001,8.338975781101292,189527,-57.92572994555457,,
,,,,190000,,0.001,8.770987094394744,189779,-57.7345641302684,657.1861359715462,261.4
181.93,421.1473889599999,163,1260,190819,1170,0.001,9.099497791735107,190545,-57.74425049369217,,
,,,,191000,,0.001,9.570402111669983,190743,-57.51036576550416,607.3217793464661,256.5
,,,,192000,,0.001,9.690977149295367,191225,-57.52318290427879,1899.1787341237068,937.8
193.2,444.15676403000003,162,1264,192533,1186,0.001,9.066303194522858,192225,-57.74641522216797,,
,,,,193000,,0.001,8.995286643997696,192699,-57.7531594520758,599.6308174848557,266.6
196.6,452.03432782000004,162,1268,193486,1191,0.001,8.832526721852892,193161,-57.67637354262332,,
,,,,194000,,0.001,9.543366702634897,193844,-57.68704680641099,1769.9822919666767,847.0
,,,,195000,,0.001,8.989268441236655,194499,-57.65170001108712,1283.897909295559,622.1
207.51,474.10774361000006,161,1272,195208,1207,,,,,,
,,,,196000,,0.001,9.404159097686575,195132,-57.66369081370838,971.3580947995185,435.3
,,,,197000,,0.001,9.255788685321807,196132,-57.572932350158695,2039.9915281653405,1000.0
,,,,198000,,0.001,9.195765399456024,197132,-57.72435848236084,2545.316059207916,1000.0
233.4,529.7689648699999,160,1276,198368,1239,0.001,8.977486478328705,198132,-57.8563436050415,,
,,,,199000,,0.001,9.2365696032842,198756,-57.60279289881388,1168.719590306282,393.4
239.24,550.50156887,160,1280,199532,1246,0.001,9.588827740337889,199228,-57.99650247218245,,
,,,,200000,,0.001,10.40977797109125,199909,-58.04526202446591,609.6076642155647,222.6
