rollout/ep_len_mean,time/episodes,rollout/ep_rew_mean,time/fps,time/time_elapsed,time/total_timesteps,train/critic_loss,train/actor_loss,train/learning_rate,train/n_updates,eval/mean_ep_length,eval/mean_reward
13.0,4,11.245141,2530,0,52,,,,,,
30.0,8,27.3140485,239,1,240,0.05070814106343392,-1.0870753870172016,0.001,119,,
27.416666666666668,12,31.19101383333334,188,1,329,0.027334507216106762,-1.7745447592301802,0.001,207,,
26.125,16,33.136075437500004,171,2,418,0.05849959083240141,-2.1900675730271773,0.001,297,,
25.8,20,32.747120550000005,163,3,516,0.06095606388281221,-2.7157146713950415,0.001,387,,
36.333333333333336,24,44.297751166666664,146,5,872,0.10705471619270569,-3.36405669559132,0.001,750,,
34.285714285714285,28,43.470861285714285,145,6,960,0.19012179225683212,-3.8123538494110107,0.001,840,,
,,,,,1000,0.24126372520219197,-4.011451721191406,0.001,883,22.2,38.76742123365402
32.8125,32,42.93671603125,138,7,1050,0.21334279571538386,-4.110755616968328,0.001,929,,
32.22222222222222,36,43.4587013888889,139,8,1160,0.2979686127408691,-4.5773857434590655,0.001,1018,,
32.35,40,44.61657625,137,9,1294,0.3302174453787944,-5.2013375338386085,0.001,1164,,
31.954545454545453,44,44.99564013636364,134,10,1406,0.2944632658073979,-5.565082963307699,0.001,1285,,
33.875,48,49.27086845833333,136,11,1626,0.3147895610395898,-6.265837609767914,0.001,1474,,
34.36538461538461,52,50.816827961538465,133,13,1787,0.3584843100385463,-6.9633970856666565,0.001,1666,,
34.94642857142857,56,52.40129542857143,134,14,1957,0.43591544619546485,-7.4444397046015816,0.001,1819,,
,,,,,2000,0.7321292459964752,-7.876526090833876,0.001,1895,40.8,70.40334278345108
34.85,60,52.769271350000004,128,16,2091,0.8571915596723556,-8.048294417063396,0.001,1966,,
34.34375,64,52.407743890625,128,17,2198,0.667461385684354,-8.469473975045341,0.001,2072,,
33.8235294117647,68,51.953919544117646,128,17,2300,0.7493873330262991,-8.895617118248573,0.001,2175,,
33.291666666666664,72,51.44283991666667,128,18,2397,0.9261659507950147,-9.114598592122396,0.001,2272,,
32.81578947368421,76,50.97729113157895,128,19,2494,0.9935793030261993,-9.565436681111654,0.001,2373,,
32.2875,80,50.383389512499996,128,20,2583,1.1611291908405044,-9.971269780939275,0.001,2462,,
31.785714285714285,84,49.803599916666656,128,20,2670,1.2412681203512919,-10.275840187072754,0.001,2549,,
31.352272727272727,88,49.331733863636366,128,21,2759,1.2023863287075707,-10.593343496322632,0.001,2638,,
30.956521739130434,92,48.88364436956522,128,22,2848,1.0809557383710688,-10.728960644115102,0.001,2726,,
30.59375,96,48.479360041666666,128,22,2937,1.3053408170288259,-11.214540221474387,0.001,2815,,
,,,,,3000,1.1140662729740143,-11.30624701760032,0.001,2883,36.6,65.39449317455292
31.79,100,51.17705045,129,24,3179,0.993999180468646,-11.506675834655761,0.001,2982,,
34.35,104,56.50958463999999,129,27,3487,1.437312596006158,-12.473287070669778,0.001,3306,,
35.26,108,59.73642167999999,128,29,3766,1.575829329815778,-13.59215126615582,0.001,3607,,
,,,,,4000,1.553574797593885,-14.442863543828329,0.001,3857,74.5,141.12775988578795
37.01,112,62.98657304000001,125,32,4030,,,,,,
39.39,116,67.73269733000001,126,34,4357,1.2032338534632037,-15.578386306762695,0.001,4172,,
41.32,120,72.13108525,126,36,4648,2.236513541294978,-16.912602204542893,0.001,4469,,
,,,,,5000,2.2123428270368293,-17.954232683368758,0.001,4848,103.6,208.20558656454085
41.81,124,76.24255115,122,41,5053,,,,,,
44.96,128,82.76486321,122,44,5456,2.0560582055903898,-19.365027446372835,0.001,5258,,
48.01,132,89.09189642000001,123,47,5851,2.4110890865325927,-20.7160015472999,0.001,5657,,
,,,,,6000,2.286348938395124,-21.246926060429328,0.001,5861,96.4,190.76820451021194
51.0,136,95.19301077999997,120,51,6260,2.4343410490829256,-21.957213507758247,0.001,6060,,
53.74,140,100.94992618,121,55,6668,2.400234272893594,-23.248952126016423,0.001,6464,,
,,,,,7000,2.5833299796168623,-24.49674914433406,0.001,6889,99.5,197.74927154779434
56.84,144,107.37511781,118,59,7090,,,,,,
58.65,148,111.37697388999999,119,62,7491,2.7724245712870643,-25.630035832243145,0.001,7290,,
61.29,152,117.08921151999999,119,66,7916,2.730412703518774,-26.604329875871247,0.001,7706,,
,,,,,8000,3.2630457969399185,-26.879211113669655,0.001,7817,103.3,208.95818390846253
63.88,156,122.81093687999999,117,70,8345,3.239769317741905,-27.818776062556676,0.001,8141,,
66.72,160,128.76624825,118,74,8763,3.380044235935751,-28.729510793146098,0.001,8557,,
,,,,,9000,3.8293102808382318,-29.45126095685092,0.001,8842,97.6,190.79094520807266
69.82,164,134.65496715000003,117,78,9180,3.232840954700363,-29.925981593581866,0.001,8949,,
72.96,168,139.65030814000002,117,81,9596,4.141945983990129,-30.527240287966844,0.001,9387,,
75.4,172,143.32814387,117,84,9937,4.21608880652657,-31.45817470550537,0.001,9768,,
,,,,,10000,4.737908957685743,-31.73081828526088,0.001,9838,90.3,146.56438266038896
77.75,176,147.00014933,116,88,10269,4.020336856444676,-32.0597817103068,0.001,10077,,
80.18,180,151.49961857,116,90,10601,4.043120112684038,-32.928151830037436,0.001,10418,,
81.66,184,153.97061498,116,92,10836,5.101116964311311,-33.158907651901245,0.001,10643,,
,,,,,11000,4.953454810254117,-33.52455163509288,0.001,10737,760.4,787.9864546954632
,,,,,12000,4.852703963188415,-35.27790929916057,0.001,11831,93.5,181.17549940347672
93.5,188,167.61888559999997,106,113,12109,4.165292133567154,-35.35183870031479,0.001,11924,,
96.37,192,173.24167928,107,116,12485,5.739767926434676,-36.07564536730448,0.001,12286,,
99.36,196,179.1967024,107,119,12873,5.525958409574296,-36.84584765964084,0.001,12674,,
,,,,,13000,6.720525824293798,-37.058088107984894,0.001,12872,95.6,184.22834445238112
100.81,200,182.08327379000005,107,123,13260,5.549381602157667,-37.49633983537262,0.001,13071,,
101.55,204,183.67650035000003,107,126,13642,5.7286912476023035,-38.04184571901957,0.001,13444,,
,,,,,14000,5.741225667674132,-38.59888786315918,0.001,13826,90.4,174.2731600522995
102.45,208,185.87663720000003,107,130,14011,,,,,,
103.62,212,188.50541646,107,133,14392,7.0203172812301124,-38.917007966475055,0.001,14199,,
104.19,216,189.70829668,108,136,14776,5.89318687081337,-39.80167373657227,0.001,14573,,
,,,,,15000,5.358580589294434,-39.83820762634277,0.001,14823,98.9,198.23513016700744
,,,,,16000,8.32272105774981,-40.00113101715737,0.001,14917,165.9,205.26884480714799
113.68,220,198.75514254,111,143,16016,,,,,,
112.63,224,196.06567607,107,151,16316,6.224420347303714,-41.38384901802495,0.001,16174,,
112.32,228,193.99571788999998,108,153,16688,7.453352953480408,-41.7807806583873,0.001,16422,,
,,,,,17000,7.346168866524329,-42.35230429697845,0.001,16824,391.3,465.87278760671614
118.17,232,199.6760475,108,163,17668,8.286099735059237,-42.33623318923147,0.001,16976,,
,,,,,18000,7.433860007999013,-43.53165196437462,0.001,17867,60.5,103.76066479086876
118.11,236,199.96633352,105,170,18071,,,,,,
117.44,240,198.44511662000002,106,173,18412,8.999629340452307,-44.53928166344052,0.001,18231,,
117.28,244,198.47001626000002,106,176,18818,7.786415934562683,-45.26086277431912,0.001,18627,,
,,,,,19000,6.983350279196253,-45.008418676988136,0.001,18825,100.3,213.32398430109023
117.2,248,198.83190920999996,106,180,19211,6.8326409493369615,-45.733090689015945,0.001,19005,,
119.73,252,200.80462551000005,107,184,19889,11.384066077165825,-46.11140060424805,0.001,19330,,
,,,,,20000,8.855082226895737,-46.87661246366279,0.001,19877,908.2,928.2090998232364
,,,,,21000,8.41190507388115,-47.31559105682373,0.001,20877,200.7,312.6771742403507
128.13,256,207.37647896999997,100,209,21158,9.933381813088642,-48.050675839793925,0.001,20974,,
,,,,,22000,9.38145546741735,-48.93833257637772,0.001,21788,354.8,512.8087460935116
135.39,260,216.26875777999993,100,221,22302,,,,,,
,,,,,23000,9.917338910011145,-49.95178809532752,0.001,22859,351.8,508.6681568980217
143.13,264,226.62694517,99,236,23493,8.160075666623957,-50.418970287547396,0.001,23199,,
,,,,,24000,11.14590978047934,-50.61436228005283,0.001,23769,216.5,353.35182186961174
148.05,268,235.10726928999998,99,245,24401,9.515860913756365,-50.97585095616872,0.001,24103,,
,,,,,25000,8.332130535539374,-51.82716181192053,0.001,24842,244.3,387.50688523054123
152.23,272,243.49938562000006,98,254,25160,,,,,,
,,,,,26000,11.132332745465366,-52.04528260664507,0.001,25594,421.7,577.5868443548679
,,,,,27000,9.574964966288913,-52.532798561683066,0.001,26115,1000.0,1054.8607169032098
169.45,276,263.62409877000005,96,281,27214,,,,,,
,,,,,28000,10.576124713659286,-52.90605504608154,0.001,27115,1000.0,1075.1040814459325
176.49,280,268.59326763,91,308,28250,8.555051763852438,-54.4809315999349,0.001,28138,,
181.6,284,277.28525777,92,313,28996,8.509192111000182,-54.40914995708163,0.001,28790,,
,,,,,29000,8.43602069070406,-54.15362894310142,0.001,28897,97.5,208.00575605630874
173.06,288,270.82747851000005,92,318,29415,10.045113946789893,-54.83002990146853,0.001,29215,,
173.68,292,272.83300417000004,92,321,29853,9.38059845337501,-54.78127032059889,0.001,29643,,
,,,,,30000,10.321050758545216,-54.71332924182598,0.001,29858,96.0,205.96635847091676
174.74,296,275.23458721000003,92,327,30347,11.037179893224026,-54.915553967158,0.001,30148,,
175.29,300,276.91226906,93,330,30789,9.72119264648511,-54.98438783792349,0.001,30576,,
,,,,,31000,8.568719010604056,-55.47960194370203,0.001,30804,105.8,223.25850220918656
175.84,304,278.66046609999995,93,335,31226,10.109590344201951,-55.47426259742593,0.001,31020,,
176.85,308,281.07847057,93,338,31696,11.399860705390122,-55.44610358729507,0.001,31496,,
,,,,,32000,10.12424940208219,-55.25906516021153,0.001,31805,143.3,269.2459989666939
177.56,312,283.06962356,93,344,32148,12.77493670307998,-55.27725015559667,0.001,31946,,
178.29,316,284.81231741000005,93,347,32605,11.778773071437046,-55.12692536978886,0.001,32396,,
,,,,,33000,10.380676135276127,-55.40108284583459,0.001,32822,121.5,241.3955650806427
170.22,320,279.09788667,93,352,33038,,,,,,
171.76,324,282.82591947,93,356,33492,10.388408091691163,-55.855337960379465,0.001,33280,,
172.56,328,286.05705946,94,360,33944,8.953664526939392,-55.80684226989746,0.001,33740,,
,,,,,34000,12.05990241595677,-55.453462894146256,0.001,33845,105.0,224.25009350776674
166.97,332,281.35758543,94,364,34365,9.859691963745998,-55.141689153817985,0.001,34165,,
167.19,336,281.91983967,94,368,34790,10.8789580044923,-55.40053650184914,0.001,34575,,
,,,,,35000,8.503576837087932,-55.616756439208984,0.001,34805,122.8,241.30242849588393
168.71,340,285.36999066000004,94,373,35283,15.340778953499264,-55.531493716769745,0.001,35043,,
171.17,344,288.83141405000003,94,378,35935,10.587352658881516,-55.431722691184596,0.001,35717,,
,,,,,36000,10.431014305403252,-55.53303496042887,0.001,35836,117.7,239.54374997019767
172.04,348,290.32957565,94,384,36415,9.530404874256678,-55.71973671347408,0.001,36195,,
,,,,,37000,10.691845665239308,-55.57506174583958,0.001,36878,255.1,407.75856429934504
175.01,352,295.30601096000004,95,392,37390,,,,,,
167.33,356,290.2563995,95,397,37891,8.60711986930282,-55.67675052472015,0.001,37669,,
,,,,,38000,9.509189634788328,-56.00463405732186,0.001,37792,121.0,244.91385846734048
160.78,360,282.8699157,95,403,38380,11.445463558859077,-55.984667460123696,0.001,38163,,
153.66,364,274.33097419,95,406,38859,9.84552041200491,-55.85829004141001,0.001,38647,,
,,,,,39000,9.984899581488916,-55.85353398727158,0.001,38878,114.0,240.6062157869339
149.37,368,268.84685743999995,95,411,39338,10.228353322036867,-55.84945797529377,0.001,39113,,
146.47,372,264.79485614,95,415,39807,10.116750651954586,-56.14806714551202,0.001,39579,,
,,,,,40000,10.44859648559053,-55.707934492725435,0.001,39826,119.9,246.52611033916475
130.82,376,249.19458356999996,95,421,40296,10.57164304871713,-55.476487559656945,0.001,40081,,
125.16,380,247.76033656000004,95,425,40766,9.419546551820709,-55.47648814467133,0.001,40551,,
,,,,,41000,10.300424534639866,-55.426556069510326,0.001,40806,123.9,247.0201129734516
123.08,384,245.68118472999998,95,430,41304,10.742828671483027,-55.35159976240517,0.001,41072,,
123.94,388,247.03232173999996,96,434,41809,9.584483960579181,-55.160560870992725,0.001,41582,,
,,,,,42000,9.494597393533457,-55.16206741333008,0.001,41825,121.7,246.51294828057289
124.18,392,247.27951097999997,96,440,42271,9.723421040227858,-55.051296945345605,0.001,42055,,
123.74,396,246.72921571999996,96,443,42721,10.60488836430321,-54.95100033869509,0.001,42514,,
,,,,,43000,8.478328403879384,-54.354475928134605,0.001,42869,120.5,242.19576693177223
124.11,400,247.25095833,96,448,43200,7.383683298864672,-54.706950341501546,0.001,42993,,
124.54,404,247.83248916000005,96,451,43680,8.533155302847586,-54.38981800694619,0.001,43461,,
,,,,,44000,7.885999989676309,-54.68722491794162,0.001,43840,129.8,260.59827016592027
124.93,408,248.39659838,96,456,44189,9.707929826918102,-54.729522583976625,0.001,43966,,
125.49,412,249.03209174999995,97,460,44697,9.787300863632789,-53.90113085233248,0.001,44461,,
,,,,,45000,6.73370871866556,-54.032892938870106,0.001,44854,122.4,249.0254184961319
125.98,416,249.98633972,97,465,45203,9.77667199603973,-53.64648203695974,0.001,44978,,
126.24,420,250.32468968999993,97,468,45662,8.598673718874572,-53.53234775730821,0.001,45457,,
123.3,424,243.15434223,97,470,45822,14.318023025989532,-52.617532920837405,0.001,45677,,
,,,,,46000,7.7173105581947,-53.61893662162449,0.001,45723,211.1,368.65804318189623
124.89,428,244.76073513,97,476,46433,11.360367797013652,-53.303261158078215,0.001,46147,,
,,,,,47000,11.779307856197246,-52.871172826430374,0.001,46759,307.9,467.7114394634962
130.19,432,251.88420317999996,97,486,47384,9.696884636959787,-52.94661289936787,0.001,47054,,
,,,,,48000,10.23031913816697,-52.98496899863546,0.001,47804,216.1,388.23916509151456
135.71,436,259.52029439999995,97,496,48361,8.81573339466635,-52.80780715242438,0.001,48023,,
,,,,,49000,9.128494133183986,-52.73568153381348,0.001,48702,202.1,378.49505078196523
139.49,440,265.11347534,97,504,49232,9.394638922214508,-52.81920276641846,0.001,48902,,
,,,,,50000,9.557271834830162,-52.69764679922184,0.001,49682,317.6,492.76135217547414
144.76,444,271.92578183999996,97,517,50411,9.689538618213469,-52.833775947833885,0.001,50031,,
,,,,,51000,9.865012587830662,-52.44090258847376,0.001,50888,214.7,375.6877047598362
150.41,448,279.08614912999997,97,528,51456,8.627426082934809,-52.352881685309455,0.001,51106,,
,,,,,52000,9.896589027132308,-52.713401317596436,0.001,51732,412.6,583.1504463531077
152.18,452,281.96267426,97,541,52608,8.921803191013295,-52.624188149493676,0.001,52193,,
,,,,,53000,9.413489620337325,-52.47440597192565,0.001,52776,252.9,393.70440965890884
159.58,456,290.96370493,97,554,53849,7.902004118693077,-52.7166827896894,0.001,53495,,
,,,,,54000,7.620343236362233,-52.77939370274544,0.001,53750,208.5,366.72272849678995
162.71,460,295.76826422,96,563,54651,8.36649153346107,-52.56339480751439,0.001,54340,,
,,,,,55000,7.174063674519571,-52.58513028434153,0.001,54730,188.1,343.885625565052
165.26,464,299.85573911,96,571,55385,8.424710192144873,-52.65573842474755,0.001,55104,,
,,,,,56000,7.786711670574129,-52.667145450909935,0.001,55845,169.9,326.6480821073055
167.81,468,303.69122511,96,579,56119,,,,,,
170.77,472,307.90726918,97,585,56884,7.521676235947727,-52.521220246622384,0.001,56581,,
,,,,,57000,8.344917359305363,-52.542983634799135,0.001,56785,163.8,324.7532406747341
173.08,476,311.53265858,97,592,57604,7.832267809435318,-52.72971951830518,0.001,57347,,
,,,,,58000,7.506544274668539,-52.56452242533366,0.001,57899,210.3,368.9768571794033
176.27,480,316.17095255,97,601,58393,7.968744611740112,-52.65089764641326,0.001,58104,,
,,,,,59000,8.249807631031851,-52.568969769424264,0.001,58720,209.6,366.09277949333193
179.5,484,320.41669228,97,610,59254,7.419796193411591,-52.77540833359465,0.001,58938,,
181.76,488,323.89956179000006,97,616,59985,8.05990498967287,-52.36535793397485,0.001,59719,,
,,,,,60000,8.735211746421403,-52.15905720846994,0.001,59886,179.1,337.9514874815941
183.72,492,327.37269925,97,623,60643,8.479412938064,-52.60158562962013,0.001,60379,,
,,,,,61000,6.594482574118189,-52.253274710781604,0.001,60876,163.9,318.754417181015
185.85,496,330.89064445,97,631,61306,8.214168112452437,-52.58530546979206,0.001,61040,,
187.72,500,334.09490529999994,97,636,61972,6.658959472880644,-52.778017068838146,0.001,61704,,
,,,,,62000,8.883772638422498,-52.4455041885376,0.001,61873,156.1,312.4428102493286
189.54,504,337.26952131999997,97,643,62634,7.246374748102048,-52.62944607618378,0.001,62368,,
,,,,,63000,8.955808998702409,-52.834563713569146,0.001,62689,230.8,388.4021005511284
192.15,508,341.13519547,97,652,63404,7.757907231142567,-52.528436346899106,0.001,63070,,
,,,,,64000,7.214165801472134,-53.027796766493054,0.001,63799,245.5,404.654048371315
194.54,512,344.90843042000006,97,660,64151,,,,,,
196.34,516,347.91042360000006,97,666,64837,10.042992035035164,-52.94725936498397,0.001,64580,,
,,,,,65000,8.076838410353359,-52.913613572905334,0.001,64738,239.6,397.46053439974787
199.37,520,352.5558586899999,97,675,65599,9.194746562214785,-52.65353349197743,0.001,65331,,
,,,,,66000,8.279163163521387,-52.69207000732422,0.001,65854,160.5,311.12996597886087
204.63,524,363.59921108000003,97,682,66285,6.793615193100449,-52.874885606765744,0.001,66015,,
205.41,528,365.86890413000003,97,688,66974,7.232506513595581,-52.86981012791763,0.001,66710,,
,,,,,67000,7.276299793070013,-52.673415532926235,0.001,66875,170.1,325.9817433357239
202.85,532,363.09576884999996,97,695,67669,6.533627324326094,-52.94286288771519,0.001,67401,,
,,,,,68000,8.022521945201989,-53.11476111993557,0.001,67735,183.5,337.4850658416748
200.16,536,359.9392892799999,97,703,68377,7.614248737692833,-53.248525922948666,0.001,68092,,
,,,,,69000,7.23994821695546,-53.116389775040126,0.001,68836,172.2,331.2777835905552
198.75,540,358.1641088499999,97,710,69107,,,,,,
193.21,544,352.20104912000005,97,715,69732,7.0111466175244175,-53.02545142468111,0.001,69476,,
,,,,,70000,6.856390726346911,-53.119546145927615,0.001,69796,165.3,324.6258619308472
189.42,548,348.4687766800001,97,723,70398,7.638680397430596,-53.16703889536303,0.001,70135,,
,,,,,71000,6.868202638352054,-53.04766530004041,0.001,70833,176.5,334.75560995936394
184.99,552,343.66169652000013,97,730,71107,,,,,,
179.73,556,338.20019633000004,97,736,71822,7.2747352162996926,-53.26910523308648,0.001,71543,,
,,,,,72000,7.128102782113212,-53.11744035374034,0.001,71898,175.7,334.4644104063511
178.88,560,337.14242086999997,97,743,72539,7.0077795228179625,-53.20264423136808,0.001,72270,,
,,,,,73000,6.407703448666466,-52.90027910868327,0.001,72799,178.8,335.52627393007276
178.74,564,337.09486581000004,97,751,73259,8.124323492521768,-53.173999492938705,0.001,72981,,
178.29,568,336.84794680000005,97,756,73948,7.426523576702988,-53.32839175953585,0.001,73669,,
,,,,,74000,6.897000756528643,-53.08118027581109,0.001,73849,172.1,334.715837085247
177.2,572,335.82362767,97,764,74604,6.856752543914609,-53.17155102985661,0.001,74350,,
172.93,576,327.28345347000004,97,766,74897,13.03817291782327,-53.143070736446894,0.001,74724,,
,,,,,75000,8.382928743362427,-53.10792118794209,0.001,74873,74.3,127.69779790639878
168.03,580,318.2437917,97,770,75196,6.055488583203909,-53.00019259066195,0.001,75021,,
166.03,584,317.02033938,97,774,75857,6.990518560776343,-53.42185269869291,0.001,75586,,
,,,,,76000,7.353748028342788,-53.3574589909734,0.001,75832,162.7,334.90912951231
163.46,588,312.77168564,97,780,76331,7.281059760081617,-53.42358374293846,0.001,76152,,
,,,,,77000,7.443532427849128,-53.7526351928711,0.001,76753,173.0,346.99176474809644
163.81,592,313.65476715000005,97,787,77024,,,,,,
164.14,596,314.99817677000004,98,792,77720,7.828663362732416,-53.564715663089025,0.001,77446,,
,,,,,78000,7.411017971252328,-53.546151773253484,0.001,77889,87.1,139.34761607050896
164.92,600,316.07037449,98,799,78464,8.61553413080414,-53.699551010131835,0.001,78197,,
,,,,,79000,8.192225631279282,-53.991085583650616,0.001,78843,152.5,315.67729009389876
164.58,604,316.23832529,98,806,79092,,,,,,
163.49,608,315.8321728800001,98,811,79753,7.096873559769551,-53.728033016889526,0.001,79485,,
,,,,,80000,7.83743489356268,-54.00261136318775,0.001,79843,160.9,334.15820427536966
162.7,612,315.78317792000007,98,818,80421,6.372149398903441,-54.01716410649287,0.001,80166,,
,,,,,81000,7.5822981958803926,-53.98107290267944,0.001,80793,152.8,313.05098631381986
162.1,616,315.49645967,98,825,81047,,,,,,
161.24,620,315.31436634,98,830,81723,7.255887662971412,-53.859142345386545,0.001,81461,,
,,,,,82000,7.4071955156026394,-54.19528637656683,0.001,81783,171.1,355.84449791908264
160.75,624,316.30878887,98,837,82360,6.15608376711607,-54.00236668586731,0.001,82104,,
160.18,628,316.76373313000005,98,842,82992,6.798447598039714,-53.912928989955354,0.001,82738,,
,,,,,83000,6.428824746224188,-54.46517186350637,0.001,82893,158.7,348.7514091014862
159.62,632,317.36126565,98,849,83631,6.5134446409684195,-54.280856651595876,0.001,83371,,
,,,,,84000,6.890150341684419,-54.733966162038406,0.001,83705,192.0,376.1383393883705
,,,,,85000,7.9621065441443,-54.626948998898875,0.001,83901,250.7,419.14748281240463
167.75,636,325.01952915,98,866,85152,6.757417266130448,-54.737319839477536,0.001,84901,,
,,,,,86000,7.423575346161719,-54.94934604592519,0.001,85503,754.4,809.5086330771446
174.95,640,331.10003312000003,98,880,86602,,,,,,
,,,,,87000,6.728071465814041,-54.930111166871626,0.001,86831,155.0,335.87194154262545
175.04,644,331.78470576,97,892,87236,7.300665609248273,-55.281314156272195,0.001,86985,,
174.53,648,332.05343597,97,897,87851,7.287935547481309,-55.20838368733724,0.001,87597,,
,,,,,88000,7.623259928918654,-55.06918589274088,0.001,87752,160.9,339.40900803804396
173.66,652,332.47802952000006,97,903,88473,5.8893095490279475,-55.381911507135705,0.001,88218,,
,,,,,89000,5.9593572221953295,-55.59333472781711,0.001,88853,158.7,351.80355739593506
172.86,656,333.01224642999995,97,910,89108,,,,,,
171.65,660,332.81544802,98,915,89704,6.257882041931152,-56.0627321879069,0.001,89457,,
,,,,,90000,7.4258057996162075,-56.04323363304138,0.001,89764,157.2,353.6960639476776
170.5,664,332.62033800000006,97,921,90309,6.082181007521493,-56.158211844308035,0.001,90062,,
169.68,668,332.87007351,98,926,90916,6.3048037472150185,-56.4332177734375,0.001,90659,,
,,,,,91000,5.535349847395209,-56.256906292106535,0.001,90817,158.7,362.30717464089395
169.17,672,333.47434505999996,98,932,91521,6.653284111766951,-56.223572045984405,0.001,91274,,
,,,,,92000,7.071196368644977,-56.48851172129313,0.001,91869,147.4,315.5240442633629
172.18,676,341.5268227600001,98,938,92115,,,,,,
175.08,680,349.23851967,98,943,92704,8.775447814642977,-56.18618654224971,0.001,92455,,
,,,,,93000,8.453574475120096,-57.234057637004106,0.001,92758,150.7,332.0672743201256
174.57,684,348.98428308999996,98,949,93314,6.66791032922679,-56.87218454149034,0.001,93055,,
176.19,688,353.71680578,98,954,93950,6.984411356612022,-57.313760662078856,0.001,93691,,
,,,,,94000,7.208104889094829,-57.1618992805481,0.001,93851,159.7,348.30298087596896
175.6,692,353.6419571,98,961,94584,7.3068693643845855,-57.24847103070609,0.001,94325,,
,,,,,95000,8.445771014690399,-57.63620791435242,0.001,94804,156.8,343.71877165436746
175.02,696,353.51456143000013,98,968,95222,7.095954742612718,-57.61664141884333,0.001,94962,,
174.16,700,353.72116219,98,972,95880,7.163487049018812,-57.7636519908905,0.001,95614,,
,,,,,96000,6.810416228756933,-57.87850612042898,0.001,95781,159.5,354.3240833818912
174.43,704,355.6104403100001,98,979,96535,6.677016659938928,-57.997979819056496,0.001,96270,,
,,,,,97000,8.639385707450636,-57.98300589584723,0.001,96767,167.1,376.76856473684313
174.42,708,357.05241417,98,986,97195,7.58152032324246,-58.15258416675386,0.001,96935,,
174.26,712,358.37618598000006,98,990,97847,6.8759665577499955,-58.26114875887647,0.001,97585,,
,,,,,98000,7.277228136004115,-58.31809490482981,0.001,97748,160.5,352.7440077960491
174.51,716,360.08767467999996,98,997,98498,8.137857781677711,-57.97667452184165,0.001,98236,,
,,,,,99000,6.8969635408629415,-58.2213677406311,0.001,98876,160.5,372.54823632836343
174.14,720,361.08030957000005,98,1003,99137,,,,,,
174.24,724,361.63286582000006,98,1008,99784,7.844256117576506,-58.76181318701767,0.001,99520,,
,,,,,100000,7.322908451220741,-59.03386832446587,0.001,99848,158.8,349.46527206897736
174.37,728,362.6473689,98,1014,100429,7.409664482440588,-58.7854100227356,0.001,100166,,
,,,,,101000,7.827312856544683,-58.91706433708285,0.001,100811,160.1,369.6014580965042
174.38,732,363.6431938,98,1021,101069,,,,,,
165.85,736,357.84582279999995,99,1026,101737,8.00172797983343,-59.13751983642578,0.001,101470,,
,,,,,102000,8.69112819250376,-58.992574762415,0.001,101801,163.4,388.0250232219696
157.92,740,353.40109094,99,1033,102394,8.23179930704503,-58.835598415798614,0.001,102127,,
,,,,,103000,7.447864072024823,-59.22029762268066,0.001,102787,157.4,352.35924873352053
158.09,744,354.84991189,99,1039,103045,,,,,,
158.28,748,355.63781746,99,1044,103679,7.1350473412927595,-59.4891660666164,0.001,103421,,
,,,,,104000,7.836091707952274,-59.52679410392855,0.001,103900,166.5,370.7347863793373
158.54,752,356.13660978,99,1050,104327,7.753328087800991,-59.37642283611987,0.001,104067,,
158.58,756,356.0964321599999,99,1055,104966,7.964254740649049,-59.31658578220802,0.001,104707,,
,,,,,105000,6.999011519551277,-59.47456464767456,0.001,104867,157.7,346.9763141810894
159.0,760,356.7162474699999,99,1061,105604,7.64579387280926,-59.52210183143616,0.001,105344,,
,,,,,106000,9.26513703664144,-59.8551762278487,0.001,105827,163.9,364.42295014858246
159.39,764,357.56098346,99,1068,106248,7.977085769176483,-59.474095693448696,0.001,105991,,
159.88,768,358.5148935599999,99,1072,106904,6.725435841374281,-59.4084387523372,0.001,106641,,
,,,,,107000,7.028216799584831,-59.5702473710223,0.001,106805,161.8,355.7181062221527
159.06,772,355.52944584000005,99,1078,107427,6.927947382457921,-59.96254442558914,0.001,107210,,
158.64,776,353.9531949099999,99,1082,107979,9.60344546508789,-59.405064719063894,0.001,107712,,
,,,,,108000,8.993320043597903,-59.809081395467125,0.001,107880,168.2,381.886485683918
159.62,780,356.45470628000004,99,1089,108666,8.799848484569752,-60.13611288631664,0.001,108388,,
,,,,,109000,8.15086401786123,-59.43995384942917,0.001,108735,171.9,374.18872593045234
160.29,784,358.19139161,99,1096,109343,8.279868408858057,-60.16355634022908,0.001,109072,,
,,,,,110000,9.370344674194252,-60.132889632340316,0.001,109736,177.4,402.5470142483711
160.63,788,358.98175796000004,99,1102,110013,,,,,,
161.12,792,360.38031078999995,99,1107,110696,8.589404300711621,-60.03966938764199,0.001,110428,,
,,,,,111000,8.952515928975997,-59.79876877159201,0.001,110783,169.0,363.0783887147903
161.53,796,360.7752235800001,99,1114,111375,7.064237023272166,-60.35340816218679,0.001,111115,,
,,,,,112000,7.667982585591041,-60.21757954726984,0.001,111755,160.9,345.6702528834343
161.35,800,360.4945410300001,100,1119,112015,,,,,,
159.97,804,356.16187034,100,1124,112532,7.347543242710088,-60.111144969337865,0.001,112387,,
,,,,,113000,8.761304262280465,-60.15246205329895,0.001,112768,168.7,353.93643270134925
160.17,808,355.2739523,100,1129,113212,7.213693868614243,-60.05784041623035,0.001,112935,,
160.17,812,354.91947391,100,1134,113864,8.452598106094271,-60.758804631787676,0.001,113596,,
,,,,,114000,8.735338264668481,-60.06211503346761,0.001,113765,167.5,403.1862915754318
159.96,816,354.837987,100,1141,114494,8.594333283872489,-60.26950183546687,0.001,114262,,
,,,,,115000,10.213205368053622,-60.45065475091702,0.001,114817,163.4,366.34000065922737
159.41,820,352.58430732999994,100,1147,115078,,,,,,
159.76,824,353.13171158999995,100,1152,115760,8.48278382673102,-60.41505715016569,0.001,115498,,
,,,,,116000,9.401457605538544,-60.679514331582155,0.001,115823,161.2,354.6424439251423
159.84,828,353.66691088,100,1158,116413,8.07189019033514,-60.47669001323421,0.001,116148,,
,,,,,117000,7.17996246386797,-60.50282908708621,0.001,116803,156.4,342.7389868021011
159.9,832,353.48116669,100,1165,117059,,,,,,
159.8,836,353.20594946,100,1169,117717,7.55184398315571,-60.44187154887635,0.001,117446,,
,,,,,118000,7.384625987834241,-60.647261745958446,0.001,117784,170.8,385.4982181787491
159.63,840,352.0836570899999,100,1176,118357,7.598020337940602,-60.74870154562961,0.001,118107,,
,,,,,119000,8.111136032666774,-61.058125340661334,0.001,118819,169.4,388.9209729611874
160.43,844,353.50865380999994,100,1183,119088,,,,,,
161.06,848,355.4949944999999,100,1188,119785,7.705338528875768,-60.43891588846842,0.001,119517,,
,,,,,120000,8.687255214561116,-61.17704599553888,0.001,119862,135.4,261.0324541807175
161.05,852,355.21005667,100,1194,120432,7.529719041594377,-61.16738408048388,0.001,120140,,
,,,,,121000,8.497756325837338,-61.209508606881805,0.001,120717,191.2,437.60314694046974
162.27,856,358.23643888,100,1202,121193,7.610576365006532,-61.47818851470947,0.001,120908,,
163.6,860,362.01387357,100,1207,121964,8.360981024326161,-61.21890936506556,0.001,121663,,
,,,,,122000,8.642003408753046,-61.46046236245939,0.001,121865,194.7,445.5220642447472
164.88,864,365.65147959999996,100,1215,122736,8.631379583972183,-61.69609310150147,0.001,122442,,
,,,,,123000,8.238231131371032,-61.652306049428084,0.001,122825,193.2,448.05068053007125
166.06,868,368.9767717,100,1223,123510,9.714247076983613,-61.59308892029982,0.001,123226,,
,,,,,124000,8.389605399689387,-62.20034609784137,0.001,123801,194.7,435.27833634018896
168.72,872,376.02014950999995,100,1231,124299,7.779843067511534,-62.08063386411083,0.001,123996,,
,,,,,125000,8.286910116381762,-61.91060860643109,0.001,124828,203.9,484.21884192228316
171.53,876,383.6658932100001,100,1240,125132,,,,,,
172.64,880,385.00920396999993,101,1246,125930,8.267929945236597,-61.84653575603779,0.001,125696,,
,,,,,126000,7.214172984935619,-62.75439458818578,0.001,125831,202.3,473.46252582669257
174.12,884,389.2405925799999,101,1254,126755,8.148332421555113,-62.88308702073655,0.001,126461,,
,,,,,127000,9.918654614306512,-62.58777269635882,0.001,126797,200.8,468.9240231513977
174.76,888,390.98944206999994,101,1261,127489,8.288953392505645,-62.87411197662354,0.001,127197,,
,,,,,128000,7.821893194178843,-63.25098364131967,0.001,127780,186.9,462.6027799665928
175.61,892,394.46972911999995,101,1269,128257,9.797776830957291,-63.30216359077616,0.001,127968,,
176.2,896,397.60324805000005,101,1274,128995,8.173959685437506,-63.57611375444391,0.001,128713,,
,,,,,129000,8.618083028845449,-63.61213435297427,0.001,128896,184.3,431.3779723882675
177.02,900,401.29155317000004,101,1281,129717,8.670239237376622,-63.62668141451749,0.001,129434,,
,,,,,130000,8.292867274257723,-63.37634333064047,0.001,129797,183.6,442.9225586771965
179.26,904,408.6077023000001,101,1288,130458,7.508764027209764,-64.0082601054331,0.001,130160,,
,,,,,131000,7.525386108004528,-64.1893719382908,0.001,130736,183.3,434.1653772354126
180.21,908,412.8508702000001,101,1296,131233,8.925468743173152,-63.92371066586002,0.001,130919,,
181.11,912,416.11367258000007,101,1301,131975,7.5915719632944345,-64.50650600857205,0.001,131683,,
,,,,,132000,6.874275076574612,-64.39211458029206,0.001,131876,193.2,467.45367441773413
182.64,916,420.17278447000007,101,1309,132758,9.191000999902425,-64.92019420423006,0.001,132448,,
,,,,,133000,8.242494872808457,-64.87867389678955,0.001,132859,175.9,430.2703499495983
184.29,920,425.7056698099999,101,1316,133507,7.829845358716681,-64.99504101530034,0.001,133224,,
,,,,,134000,7.601889327816341,-65.1504601188328,0.001,133772,179.2,434.79914531707766
184.78,924,428.39199539000003,101,1323,134238,7.414625631438361,-65.08485009935167,0.001,133952,,
185.38,928,430.45044995000006,101,1328,134951,7.861010573127053,-65.80947013334794,0.001,134671,,
,,,,,135000,7.005775028829417,-65.94944662576194,0.001,134852,192.0,440.1525552630425
186.51,932,433.6097136200001,101,1336,135710,8.885910789171854,-65.5471980932987,0.001,135435,,
,,,,,136000,8.63398245373509,-65.70680223774706,0.001,135844,186.7,446.7836554706097
187.88,936,437.2142007699999,101,1344,136505,8.036324081321558,-65.97960436344147,0.001,136224,,
,,,,,137000,8.231638727766095,-66.64120055689956,0.001,136802,213.0,491.19032341241837
189.59,940,442.17221466,101,1352,137316,9.563715498788016,-66.18258848644439,0.001,137012,,
,,,,,138000,8.848384324515738,-66.40590941790238,0.001,137806,207.1,496.06664689183236
190.26,944,445.16989560999997,101,1360,138114,,,,,,
191.84,948,447.26086865,101,1366,138969,8.216257567687702,-66.67298189798991,0.001,138672,,
,,,,,139000,8.373597894052063,-66.68689253835967,0.001,138870,144.0,296.5376478254795
192.77,952,450.47205342,101,1373,139709,8.105678568388287,-67.36161157708419,0.001,139391,,
,,,,,140000,8.64449425642403,-67.5978958932977,0.001,139801,172.3,405.6727483510971
192.51,956,450.190887,101,1381,140444,8.30297465551467,-67.37310402279809,0.001,140204,,
,,,,,141000,9.563141940769396,-67.32481496710527,0.001,140881,197.2,462.4465683043003
192.15,960,449.47425077,101,1388,141179,,,,,,
,,,,,142000,8.872532418955153,-68.00560853191625,0.001,141725,196.4,472.28152139782907
192.85,964,451.15109181,101,1396,142021,,,,,,
193.27,968,452.53200918000005,101,1402,142837,9.096103604410736,-68.00299316982053,0.001,142525,,
,,,,,143000,9.795008533997155,-67.67836843472774,0.001,142738,208.8,493.70719646811483
193.71,972,454.57739567,101,1410,143670,9.510700211070834,-68.49631667364211,0.001,143357,,
,,,,,144000,8.993890497944143,-68.33190831099407,0.001,143773,198.4,462.3641603529453
193.55,976,454.90671412999995,101,1418,144487,11.465797605968657,-68.47177360171364,0.001,144189,,
,,,,,145000,9.42426212502535,-68.05710433156867,0.001,144766,206.6,487.8224335193634
193.42,980,456.70176231000005,101,1426,145272,9.475067602525844,-68.57251403355363,0.001,144968,,
,,,,,146000,9.65031951081519,-68.45414273879108,0.001,145798,199.5,462.9561141967773
193.43,984,456.57031175,101,1434,146098,,,,,,
193.72,988,456.85231015000005,102,1439,146861,9.200903432915009,-68.59446321050805,0.001,146557,,
,,,,,147000,8.349722106282304,-68.78330712179536,0.001,146762,529.6,1026.870147293806
,,,,,148000,9.598684757398063,-68.70489490692026,0.001,147894,394.0,835.27136708498
202.33,992,471.60736621999996,101,1460,148490,,,,,,
,,,,,149000,9.211160780678332,-69.17933564032278,0.001,148391,651.4,1255.9080278217793
,,,,,150000,9.230004413940568,-69.14720078201981,0.001,149610,466.4,929.7784199178219
214.16,996,492.9655949400001,101,1487,150411,8.322173505459192,-69.13875435580727,0.001,150087,,
,,,,,151000,9.621780706577546,-69.43109815548628,0.001,150750,284.4,584.2604809641838
216.81,1000,497.02054341,101,1496,151398,10.019566561652825,-69.32307630510472,0.001,151019,,
,,,,,152000,8.979355538774419,-69.35775450247306,0.001,151839,447.2,894.470278340578
223.33,1004,507.38039537,101,1511,152791,9.894644425087368,-69.41443795272984,0.001,152475,,
,,,,,153000,11.40865870994357,-69.92139504808898,0.001,152692,228.6,509.9550841033459
224.14,1008,508.2488091,100,1521,153647,8.778903741102953,-69.42342042922974,0.001,153350,,
,,,,,154000,9.405166635387822,-69.48104152344821,0.001,153776,224.3,518.471792280674
225.19,1012,509.92877250000004,100,1532,154494,9.258323109668234,-69.44362673392662,0.001,154210,,
,,,,,155000,8.350642025470734,-69.49503425929858,0.001,154779,198.1,476.683534514904
225.44,1016,510.56090329,100,1541,155302,8.969892292022704,-69.47593883514405,0.001,154979,,
,,,,,156000,8.909755769596305,-69.96874540595599,0.001,155389,629.5,1060.3006425440312
231.98,1020,521.0449384299999,100,1559,156705,7.904089048838936,-69.29331715901692,0.001,156415,,
,,,,,157000,9.18883645158065,-69.4335922241211,0.001,156796,212.3,475.4183918297291
233.34,1024,522.72551677,100,1568,157572,9.779545530474563,-70.23315082896839,0.001,157225,,
,,,,,158000,9.616315213019538,-69.96072318962028,0.001,157893,190.4,430.6932286560535
234.35,1028,523.8610110999999,100,1577,158386,9.423658683037882,-69.7905371983846,0.001,158084,,
,,,,,159000,9.116638493661435,-70.22811150550842,0.001,158875,212.0,488.17797642946243
234.72,1032,524.7023573000001,100,1585,159182,,,,,,
,,,,,160000,8.276838341537786,-70.56690589749083,0.001,159689,217.5,505.9936382174492
234.99,1036,525.13423024,100,1594,160004,,,,,,
,,,,,161000,9.875380635261536,-70.48158094232733,0.001,160125,634.6,1239.8633814513682
243.24,1040,540.07072457,100,1613,161640,8.39487502855413,-70.67002277748257,0.001,161329,,
,,,,,162000,8.548616009899694,-70.42372167212332,0.001,161775,265.6,558.0693530082702
245.08,1044,541.8506269999999,100,1624,162622,8.365394055843353,-71.28197022846767,0.001,162293,,
,,,,,163000,8.594389881886228,-70.39193347681349,0.001,162736,242.9,516.6448085963726
245.81,1048,543.9475738599999,100,1633,163550,7.883612222339384,-71.00022910845162,0.001,163180,,
,,,,,164000,8.997649850668731,-70.95807421648944,0.001,163667,290.3,619.0969457626343
,,,,,165000,8.62529112186743,-70.82780548805414,0.001,164096,644.6,1145.4211329519749
257.1,1052,563.38833479,99,1657,165419,8.754882449150086,-70.77782907104492,0.001,165096,,
,,,,,166000,8.945622719567398,-71.60156795896333,0.001,165552,766.6,1387.8220511615277
,,,,,167000,8.895457459347588,-71.35141529355731,0.001,166776,205.4,477.8857584178448
266.38,1056,580.0972243399999,99,1680,167082,,,,,,
267.45,1060,581.77057138,99,1686,167924,9.443798867985606,-71.6801166832447,0.001,167619,,
,,,,,168000,9.876299427550974,-71.35141891183206,0.001,167825,211.2,486.2291220843792
,,,,,169000,9.224529697049048,-71.74408511940493,0.001,168864,220.1,495.00282220244407
271.46,1064,588.62199334,99,1701,169167,,,,,,
,,,,,170000,11.78976324825752,-71.86210355571671,0.001,169273,429.4,865.1019223093987
280.51,1068,597.22007161,99,1718,170888,9.724712034784647,-71.75911883544921,0.001,170522,,
,,,,,171000,9.319984321737111,-72.16707330001027,0.001,170789,235.7,534.0806774556637
,,,,,172000,8.76793053785437,-71.87361523979588,0.001,171846,212.0,503.1387328863144
284.84,1072,604.9767424,99,1732,172154,,,,,,
,,,,,173000,9.139796969345806,-72.44461540635584,0.001,172601,805.5,1546.656421458721
,,,,,174000,9.623847748053835,-72.32616741099257,0.001,173353,1000.0,1970.95183711648
299.65,1076,630.32906666,98,1763,174452,,,,,,
,,,,,175000,8.610620182412895,-72.12291520895417,0.001,174752,209.2,485.24965863227845
301.22,1080,633.4443709799999,98,1776,175394,10.254205993326698,-72.61529570934819,0.001,174957,,
,,,,,176000,9.872614685743134,-72.32953470616253,0.001,175876,638.2,1250.6330483675004
,,,,,177000,8.801165473123906,-72.47114151451976,0.001,176689,248.9,555.7008535444736
309.42,1084,648.36758789,98,1799,177040,,,,,,
,,,,,178000,8.324712670163104,-72.5334452578896,0.001,177736,214.3,509.67623096108434
314.29,1088,659.4126301399999,98,1810,178290,9.420031297042073,-72.85491173355668,0.001,177953,,
,,,,,179000,8.201502132816476,-72.19259303758125,0.001,178191,819.2,1536.88366740942
314.14,1092,659.37880307,98,1831,179904,8.390008996231387,-72.84128431840377,0.001,179600,,
,,,,,180000,9.504077705522862,-73.02388254801433,0.001,179805,207.7,507.2509882807732
303.17,1096,640.2276783100001,98,1839,180728,8.664486879050129,-72.99921263107146,0.001,180432,,
,,,,,181000,9.27613223024777,-72.80453716005597,0.001,180853,219.1,518.4895684361458
302.09,1100,639.3103983899999,98,1848,181607,9.738743739277792,-72.46758373363598,0.001,181297,,
,,,,,182000,9.246419365182886,-73.34431276226988,0.001,181711,196.1,468.88531903624533
296.55,1104,630.91551691,98,1856,182446,8.831348430176485,-72.91665253815827,0.001,182125,,
,,,,,183000,9.829797873850993,-72.78479037368507,0.001,182803,200.4,490.53999357819555
296.59,1108,631.99633921,98,1864,183306,9.045856020343837,-73.44535162897394,0.001,183004,,
,,,,,184000,8.825343581678954,-73.17287913056992,0.001,183808,214.1,507.50404089689255
296.26,1112,631.94052654,98,1873,184120,,,,,,
296.41,1116,632.50149007,98,1878,184943,9.286278468975123,-73.5509425676786,0.001,184638,,
,,,,,185000,11.33692414089314,-73.69032887579168,0.001,184844,227.1,523.6350977361202
,,,,,186000,8.989237400360437,-73.52682461945906,0.001,185075,1000.0,1962.395155441761
298.58,1120,637.4257403099999,97,1903,186563,9.375128199743187,-73.45751322870669,0.001,186305,,
,,,,,187000,9.169662174762495,-73.96887044270834,0.001,186758,180.9,353.83500403761866
,,,,,188000,11.721817296126794,-73.51165707906087,0.001,186903,946.8,1844.6547482311726
304.3,1124,646.5578996500001,97,1920,188002,,,,,,
,,,,,189000,9.138108392651572,-73.95278607881986,0.001,188769,226.7,524.2072132766247
307.09,1128,652.75231323,97,1935,189095,,,,,,
307.29,1132,653.3297687700001,97,1941,189911,11.75300828971673,-73.98283053860806,0.001,189582,,
,,,,,190000,9.6148023740105,-73.80356385604195,0.001,189812,208.7,491.6646435916424
307.18,1136,653.63113355,97,1949,190722,8.616522538418673,-73.64207925601882,0.001,190396,,
,,,,,191000,9.764255485870764,-73.51358447158546,0.001,190850,216.4,509.90097625255584
299.98,1140,641.0948684499999,97,1958,191638,9.132615726773102,-73.94385150871655,0.001,191265,,
,,,,,192000,9.345227188269297,-73.84960184733073,0.001,191839,206.7,488.25758934020996
300.11,1144,642.3904732100001,97,1967,192633,8.591951493029942,-74.41811272193645,0.001,192281,,
,,,,,193000,10.235820682843526,-73.88620033264161,0.001,192774,217.2,502.0539292037487
299.93,1148,642.7449001100001,97,1977,193543,9.205841212205485,-74.73024425866468,0.001,193215,,
,,,,,194000,8.978627863840842,-74.31948997497558,0.001,193860,219.4,508.774924993515
289.77,1152,625.9171525800001,97,1985,194396,9.677051238466108,-74.4312180005587,0.001,194069,,
,,,,,195000,8.969316375087685,-74.13151356871698,0.001,194778,216.9,511.73006427884104
282.2,1156,613.63115111,97,1994,195302,8.846899720631779,-74.35490333487134,0.001,194997,,
,,,,,196000,9.143166050314903,-73.70350503921509,0.001,195785,192.8,473.9769116997719
281.54,1160,613.7061732699999,97,2002,196078,,,,,,
277.35,1164,607.0071611799999,98,2008,196902,9.675431965583533,-73.41917678833008,0.001,196616,,
,,,,,197000,8.771801670604848,-74.21502349197223,0.001,196803,209.7,500.43002513051033
268.38,1168,598.91094998,98,2016,197726,9.519023730916885,-74.41768364767427,0.001,197426,,
,,,,,198000,16.7799631690979,-74.35974820454915,0.001,197865,221.8,509.1409054815769
262.82,1172,587.8094082900001,98,2023,198436,9.16140964627266,-74.27754624684651,0.001,198105,,
,,,,,199000,10.686753281840572,-74.48691106725622,0.001,198853,193.5,471.4557460010052
248.96,1176,564.5487301200001,98,2032,199348,9.194534815654853,-74.57089681723683,0.001,199046,,
,,,,,200000,8.618713036389417,-74.11468505859375,0.001,199683,284.4,624.8886289715767
