time/fps,time/total_timesteps,time/time_elapsed,rollout/ep_rew_mean,rollout/ep_len_mean,time/episodes,train/critic_loss,train/learning_rate,train/actor_loss,train/n_updates,eval/mean_ep_length,eval/mean_reward
172,104,0,17.67479525,26.0,4,,,,,,
160,140,0,9.146378499999999,17.5,8,0.023812573817041185,0.001,-0.4334065243601799,55,,
164,180,1,7.862146333333333,15.0,12,0.01686560660600662,0.001,-0.5970073223114014,94,,
169,220,1,7.2508871875,13.75,16,0.015804228326305746,0.001,-0.6522996068000794,134,,
173,260,1,6.884070799999999,13.0,20,0.013707310333848,0.001,-0.7611273407936097,174,,
176,300,1,6.641378458333333,12.5,24,0.013917671283707023,0.001,-0.8684047102928162,214,,
179,340,1,6.4663061428571424,12.142857142857142,28,0.017813706956803798,0.001,-0.8390899538993836,254,,
182,380,2,6.3336635,11.875,32,0.012552274391055107,0.001,-0.8937521815299988,294,,
185,420,2,6.229750694444444,11.666666666666666,36,0.011030659871175885,0.001,-0.9620200634002686,334,,
186,460,2,6.147712725,11.5,40,0.015227458160370588,0.001,-0.9596800804138184,374,,
188,500,2,6.079630863636364,11.363636363636363,44,0.014994034357368947,0.001,-0.9654156923294067,414,,
190,540,2,6.024135333333334,11.25,48,0.014180790074169636,0.001,-1.05355064868927,454,,
192,580,3,5.976576307692308,11.153846153846153,52,0.009512430196627975,0.001,-1.0393214225769043,494,,
192,620,3,5.935351196428571,11.071428571428571,56,0.0073705201502889395,0.001,-1.0950379252433777,534,,
193,660,3,5.899248683333332,11.0,60,0.013968841591849922,0.001,-1.1191016912460328,574,,
195,700,3,5.869013921875,10.9375,64,0.00690273279324174,0.001,-1.2173965215682983,614,,
195,740,3,5.8436900147058815,10.882352941176471,68,0.010721915145404637,0.001,-1.185250997543335,654,,
196,780,3,5.820574958333334,10.833333333333334,72,0.01070534884929657,0.001,-1.1333324670791627,694,,
196,820,4,5.7997132763157895,10.789473684210526,76,0.012060506828129291,0.001,-1.2422497987747192,734,,
195,860,4,5.784261262500001,10.75,80,0.011257572704926134,0.001,-1.2425561428070069,774,,
198,948,4,7.358725202380954,11.285714285714286,84,0.079382437704639,0.001,-2.1705850037661465,850,,
,1000,,,,,0.16266088881953197,0.001,-2.3330291618000376,917,27.7,46.62414175271988
193,1060,5,8.567729295454546,12.045454545454545,88,0.17796182233308042,0.001,-2.570152163505554,945,,
194,1354,6,12.463536358695654,14.717391304347826,92,0.23816355470229278,0.001,-3.5759290998632256,1250,,
192,1382,7,12.189483052083332,14.395833333333334,96,0.2645233614104135,0.001,-3.918654282887777,1299,,
202,1505,7,13.833300229999997,15.05,100,0.3496411392092705,0.001,-4.108905613422394,1345,,
200,1789,8,18.59066006,16.85,104,0.42346715095431303,0.001,-5.370243582614632,1664,,
,2000,,,,,0.4315979407643372,0.001,-6.183540802735549,1875,51.5,95.32521881461143
192,2002,10,22.543253930000002,18.62,108,,,,,,
196,2223,11,26.435013350000006,20.43,112,0.4002863366018843,0.001,-7.061209449061641,2087,,
198,2488,12,31.13967621,22.68,116,0.5735509683904441,0.001,-8.082585280282157,2340,,
197,2804,14,37.14653171,25.44,120,0.8526840368058624,0.001,-9.3359672965073,2648,,
,3000,,,,,1.1630826020022718,0.001,-10.426832036274236,2897,79.2,155.81745792031288
192,3132,16,43.40310033000001,28.32,124,1.1729853757440227,0.001,-10.749554711419183,2970,,
194,3462,17,49.74158208,31.22,128,1.6722902548174525,0.001,-12.07440329706946,3310,,
193,3753,19,55.04594396,33.73,132,1.8300807218660007,0.001,-13.140853274952281,3591,,
,4000,,,,,2.2833957929502833,0.001,-14.372536803736832,3885,80.7,159.92085359096527
190,4046,21,60.431617720000006,36.26,136,,,,,,
190,4312,22,65.10851432999999,38.52,140,2.8664827549803085,0.001,-15.43638698032924,4172,,
190,4606,24,70.58070572,41.06,144,2.2992060230058784,0.001,-16.502770991552445,4469,,
193,4908,25,76.21837194999999,43.68,148,2.4808657638362197,0.001,-17.66453626078944,4746,,
,5000,,,,,3.656624832878942,0.001,-17.96098451053395,4901,85.7,168.83998115062712
190,5218,27,81.98741343999998,46.38,152,3.2834769240447454,0.001,-18.58831400190081,5057,,
191,5552,29,88.36003249999997,49.32,156,3.728353064200457,0.001,-19.65809608641125,5391,,
192,5896,30,95.01877121,52.36,160,3.6167204109735267,0.001,-20.87710109976835,5734,,
,6000,,,,,4.131586511467779,0.001,-21.36803112473599,5906,85.9,169.0539934337139
189,6241,32,101.55939717,55.41,164,3.894281374997106,0.001,-22.035693862221457,6078,,
190,6587,34,108.22122886999999,58.47,168,3.6477712968300127,0.001,-23.061105381358754,6424,,
191,6935,36,114.90215619,61.55,172,4.263172153768869,0.001,-24.43483131582087,6772,,
,7000,,,,,4.080752291898618,0.001,-24.515443225239597,6859,86.1,170.29497310519218
189,7279,38,121.40830289000002,64.59,176,4.137293489866479,0.001,-25.232075713401617,7117,,
190,7620,39,127.85451542999999,67.6,180,3.757025224321029,0.001,-26.38503819420224,7459,,
190,7962,41,133.04864016,70.14,184,3.85014654869257,0.001,-27.514690887096318,7799,,
,8000,,,,,4.451061974996808,0.001,-27.64158535003662,7886,86.0,168.94041393399237
188,8305,43,138.39542806999998,72.45,188,3.8812784594158796,0.001,-28.331286896106807,8143,,
189,8649,45,141.18043195,72.95,192,4.0035728328368245,0.001,-29.566871007283527,8487,,
189,8990,47,147.54629622000002,76.08,196,4.313605261700494,0.001,-30.382790747142973,8829,,
,9000,,,,,4.288962681153241,0.001,-30.661278613778048,8914,85.2,166.05703455209732
188,9331,49,152.12378907999997,78.26,200,4.689185564658221,0.001,-30.929826827276322,9169,,
188,9674,51,153.32461841,78.85,204,4.209711383941562,0.001,-32.154884870662244,9514,,
,10000,,,,,4.616892039074617,0.001,-32.867779266002564,9852,85.8,168.9134488940239
186,10014,53,155.98439575000003,80.12,208,,,,,,
188,10474,55,160.15579646,82.51,212,3.8616201822147813,0.001,-33.419611553813134,10196,,
186,10564,56,156.30202034,80.76,216,12.285568153156953,0.001,-33.56398344039917,10451,,
187,10907,58,156.7634505,81.03,220,6.255314536478328,0.001,-34.93542604668196,10747,,
,11000,,,,,5.714196809406938,0.001,-35.12868395718661,10918,85.9,168.07946944236755
185,11255,60,157.10559648999998,81.23,224,5.325271661254181,0.001,-35.87915732643821,11092,,
185,11594,62,157.12636749,81.32,228,5.472267392135802,0.001,-36.33300590515137,11433,,
185,11935,64,158.21792428999998,81.82,232,6.41078979344595,0.001,-36.915880839029946,11773,,
,12000,,,,,5.551089121851811,0.001,-37.14110254686932,11859,86.0,167.26895761489868
184,12271,66,159.11286843999997,82.25,236,5.545349802912735,0.001,-37.366248061017295,12111,,
185,12617,67,160.95206026000002,83.05,240,4.436639383259942,0.001,-38.243825247121414,12454,,
186,12962,69,161.95038562,83.56,244,4.47083554688622,0.001,-38.79796715669854,12798,,
,13000,,,,,6.2418446215716274,0.001,-38.84178898551247,12886,85.9,166.67223030924796
185,13306,71,162.77686682999996,83.98,248,5.2675829909064555,0.001,-39.026896650140934,13145,,
185,13653,73,163.58074950999998,84.35,252,5.959010795615185,0.001,-39.83147696561591,13489,,
,14000,,,,,5.229666209768975,0.001,-39.873269687999375,13838,86.6,169.30867372155188
185,14001,75,163.81434982,84.49,256,,,,,,
185,14346,77,163.68076676,84.5,260,4.46634132172688,0.001,-40.63697451636905,14184,,
186,14685,78,163.58326203000001,84.44,264,7.072407826071694,0.001,-41.17990811665853,14521,,
,15000,,,,,5.707417559929383,0.001,-41.31036807329227,14891,78.5,156.2619282901287
185,15046,81,163.82831388,84.59,268,,,,,,
185,15362,82,163.22033907000002,84.27,272,7.227730233458024,0.001,-41.909510001158104,15207,,
185,15674,84,162.62216411,83.95,276,4.549933311266777,0.001,-41.96242024348332,15520,,
,16000,,,,,3.7036859029676856,0.001,-42.949779882663634,15843,90.9,197.9471340894699
185,16010,86,162.8576599,83.9,280,,,,,,
185,16353,88,163.25655847,83.91,284,6.408466361550724,0.001,-43.33218719845726,16189,,
186,16806,90,165.79695477999996,85.01,288,4.943456115261201,0.001,-44.14163166543712,16619,,
,17000,,,,,7.0898893404006955,0.001,-44.51083198547363,16830,136.2,255.87573407888414
185,17301,93,168.75888846,86.52,292,4.99751972922912,0.001,-44.72250865055965,17137,,
186,17842,95,172.37417076000003,88.52,296,6.135694914764458,0.001,-45.11425887213813,17592,,
,18000,,,,,5.71610195090057,0.001,-45.64629579201723,17923,168.2,288.964608502388
183,18404,100,175.82228809999998,90.73,300,5.935403104675443,0.001,-46.08874958439877,18239,,
183,18836,102,177.42795719000003,91.62,304,6.536734002359798,0.001,-46.59795820448134,18672,,
,19000,,,,,5.397120097409124,0.001,-46.98508461661961,18852,95.0,188.75373224020004
182,19270,105,179.31340756000006,92.56,308,6.192780856575284,0.001,-47.21054258800688,19102,,
183,19644,107,178.93122527000003,91.7,312,7.017018247157969,0.001,-47.234157805747174,19474,,
,20000,,,,,5.715368760529385,0.001,-48.19953893578571,19849,93.6,199.6311986207962
182,20019,109,185.70646756999994,94.55,316,,,,,,
182,20402,111,187.14868244000002,94.95,320,4.606514107320726,0.001,-48.07504544939314,20230,,
182,20793,113,188.91004834999995,95.38,324,6.127084734513588,0.001,-48.340779207190685,20618,,
,21000,,,,,5.079265510913023,0.001,-48.33891034126282,20911,99.5,216.98658539056777
182,21190,116,191.04214412999994,95.96,328,6.472294661998749,0.001,-49.13831871032715,21011,,
182,21580,118,192.64623296000005,96.45,332,5.482564303749486,0.001,-48.634222666422524,21408,,
182,21984,120,195.1287448500001,97.13,336,6.735144612789154,0.001,-48.83396713256836,21804,,
,22000,,,,,7.381617485330655,0.001,-48.87429053966816,21908,98.4,213.90948211550713
182,22393,122,197.50559800000002,97.76,340,6.166664774601276,0.001,-49.81715261019193,22213,,
182,22832,124,201.39602047999998,98.7,344,6.366510274275294,0.001,-49.528907775878906,22640,,
,23000,,,,,6.360235106711294,0.001,-49.324781904033586,22858,111.9,270.7000573992729
182,23257,127,204.60586506000007,99.51,348,7.203051292671348,0.001,-49.15198228944023,23075,,
182,23681,129,207.62269256,100.28,352,7.118051492250883,0.001,-49.39853007976826,23495,,
,24000,,,,,6.902552214690617,0.001,-49.57230796813965,23878,65.6,111.69962680935859
181,24060,132,208.94177836999998,100.59,356,8.11856515590961,0.001,-50.43655512883113,23930,,
182,24686,135,216.02800485000003,103.4,360,8.100502411524454,0.001,-50.04237302144369,24438,,
,25000,,,,,9.656806903619033,0.001,-50.278629420353816,24868,128.1,307.4596638143063
181,25202,138,221.61979297000005,105.17,364,10.54781907569361,0.001,-50.775355471097505,24999,,
181,25809,142,230.24771278000003,107.63,368,11.181347553546612,0.001,-51.311920048640324,25556,,
,26000,,,,,11.455372463226318,0.001,-51.46200519137912,25858,131.3,317.76441949009893
180,26334,145,236.4125803,109.72,372,10.219786191940308,0.001,-51.67684148973034,26113,,
180,26957,149,244.86283981999998,112.83,376,9.896484736523597,0.001,-52.35206814816124,26729,,
,27000,,,,,12.126094010315443,0.001,-52.41288345738461,26881,147.1,358.6873984456062
179,27543,153,252.01286266,115.33,380,11.362755759162193,0.001,-52.94258343731916,27336,,
,28000,,,,,12.204032293434352,0.001,-53.84164424564528,27804,170.1,432.4348185539246
178,28195,157,260.16762557,118.42,384,12.300468047919301,0.001,-53.40020011192144,27977,,
179,28899,160,267.53756850999997,120.93,388,12.276577444334288,0.001,-54.81632514621901,28631,,
,29000,,,,,14.108382612466812,0.001,-54.4024703502655,28823,186.8,397.52019145488737
178,29667,165,276.14469822,123.66,392,11.136921079791321,0.001,-55.2618093685228,29398,,
,30000,,,,,13.971259790148054,0.001,-55.43285616961393,29766,168.4,362.4770490169525
178,30373,170,280.54481862,125.31,396,13.947697966761844,0.001,-56.04921955781825,30104,,
178,30926,173,283.11976864,125.22,400,13.09427085428527,0.001,-56.6565934383508,30723,,
,31000,,,,,18.15479069807398,0.001,-56.9725986123085,30850,155.3,337.44901527166365
177,31583,177,288.57516121000003,127.47,404,15.315739368781065,0.001,-57.47982377272386,31341,,
,32000,,,,,17.193921921359507,0.001,-57.936891751411636,31809,178.5,359.6142551600933
177,32212,181,293.72881835,129.42,408,15.617084229129484,0.001,-57.78024020140199,31983,,
177,32790,184,298.82999051999997,131.46,412,16.71783152065779,0.001,-58.0723708805285,32573,,
,33000,,,,,14.900175656943485,0.001,-58.128787464565704,32859,135.6,335.6363776862621
176,33341,188,304.44893752999997,133.22,416,16.3010103771652,0.001,-58.396257041157156,33134,,
177,33900,191,309.56356470000003,134.98,420,14.568580838217251,0.001,-58.28452826237333,33683,,
,34000,,,,,17.657491061704377,0.001,-58.47224555217044,33824,137.0,337.27476288080214
176,34460,195,314.33225518,136.67,424,15.399720492937886,0.001,-58.201682390485495,34249,,
,35000,,,,,17.47004959863775,0.001,-58.83417959774242,34799,131.5,312.662149310112
176,35007,198,319.28472889000005,138.17,428,,,,,,
176,35563,201,323.56896264000005,139.83,432,17.275803242020935,0.001,-58.46234113519842,35354,,
,36000,,,,,18.26725582309536,0.001,-58.31249925825331,35888,141.5,308.4275801062584
175,36107,205,326.77936385,141.23,436,,,,,,
176,36633,207,329.83118384999995,142.4,440,17.62157119021696,0.001,-58.484364677877984,36426,,
,37000,,,,,19.30032517468488,0.001,-58.44863134271958,36838,129.6,298.9666898429394
175,37171,211,331.40970705,143.39,444,18.92131381109357,0.001,-58.59815353155136,36966,,
176,37679,213,333.41880913999995,144.22,448,19.04305424277238,0.001,-58.57551495991056,37475,,
,38000,,,,,20.719228078448584,0.001,-58.02319590250651,37858,134.6,316.32773783802986
175,38196,217,335.86270426000004,145.15,452,17.813100134625156,0.001,-58.3682918548584,37994,,
176,38711,219,340.32788509000005,146.51,456,18.511643719673156,0.001,-57.35548553466797,38501,,
,39000,,,,,19.502431285473726,0.001,-57.45717650651932,38895,124.6,288.4412437260151
175,39229,223,338.9500081099999,145.43,460,20.223378011422565,0.001,-57.751217123178336,39024,,
176,39800,225,341.92669782999997,145.98,464,19.081812986238734,0.001,-56.75857228040695,39568,,
,40000,,,,,20.406841846833746,0.001,-56.945088627826735,39890,144.5,394.1308483481407
175,40434,230,343.47549851,146.25,468,18.19937246085624,0.001,-56.811172349112375,40203,,
175,40962,233,344.92618337,146.28,472,21.53391308443887,0.001,-57.37985002426874,40806,,
,41000,,,,,22.661426055431367,0.001,-56.38707418441773,40886,142.9,359.1198066234589
175,41460,236,343.0963516,145.03,476,22.055639291111426,0.001,-56.90416622161865,41304,,
,42000,,,,,19.46306280336882,0.001,-56.707511620772515,41780,147.9,398.1276446580887
175,42038,239,344.64537397999993,144.95,480,,,,,,
175,42534,242,341.56695559,143.39,484,21.78546566798769,0.001,-56.824535567184974,42334,,
,43000,,,,,24.35262681456173,0.001,-56.57625725690056,42848,178.8,573.3952508985997
175,43104,245,340.62669279,142.05,488,,,,,,
175,43795,249,342.47702221,141.28,492,25.607336074910698,0.001,-56.305156180199155,43582,,
,44000,,,,,22.405048694053704,0.001,-57.12268004697912,43719,214.3,681.9621550619602
174,44528,254,351.3036108799999,141.55,496,26.100604606397223,0.001,-57.08922395802507,44299,,
,45000,,,,,19.17496485090525,0.001,-56.66301135802537,44804,221.9,711.2044837534428
174,45363,259,365.19178741999997,144.37,500,23.500992114369463,0.001,-56.852644901649626,45009,,
,46000,,,,,20.805132267322946,0.001,-57.20261618431578,45829,178.0,542.8335886955261
173,46072,265,373.31012394,144.89,504,,,,,,
173,46751,268,379.9330506,145.39,508,21.28770853774716,0.001,-57.633870250046854,46471,,
,47000,,,,,26.844689759341154,0.001,-57.75632803780692,46829,531.0,1041.8371226906777
171,47591,277,385.69974411,148.01,512,25.407354926118757,0.001,-57.641132505813445,47370,,
,48000,,,,,26.360765349631215,0.001,-57.884453979193,47865,438.9,763.9940625667572
169,48401,286,396.26299616000006,150.6,516,27.41475897605973,0.001,-58.133296966552734,48063,,
,49000,,,,,26.629996743821007,0.001,-58.25907883389306,48325,1000.0,1051.5675748288631
,50000,,,,,25.736714628219605,0.001,-58.50366877746582,49325,758.4,916.124857133627
158,50855,321,413.8408905800001,169.55,520,25.835967258772246,0.001,-58.85858410964777,50648,,
,51000,,,,,27.729442050438802,0.001,-59.03477049607497,50779,209.2,542.7049581706524
157,51741,329,418.6888993300001,172.81,524,26.03906611288237,0.001,-59.187587070465085,51513,,
,52000,,,,,29.785569667816162,0.001,-59.226912963084686,51899,412.7,1132.289795023203
155,52735,340,426.98178595999997,177.28,528,30.723672781671798,0.001,-60.19817181995937,52473,,
,53000,,,,,33.4288807282081,0.001,-59.82565178504357,52920,127.9,216.69829177856445
154,53402,345,428.62531452,178.39,532,32.66717879486084,0.001,-60.120335609682144,53045,,
154,53916,350,425.2554718600001,178.09,536,29.94578479318058,0.001,-59.601935498854694,53712,,
,54000,,,,,34.80977523326874,0.001,-59.256935238838196,53840,89.8,152.7126939892769
,55000,,,,,34.93569021478164,0.001,-59.919263172486644,54660,341.0,974.4887382507325
151,55028,363,441.0362306999999,183.95,540,,,,,,
150,55965,371,454.7880598600001,187.94,544,33.015488361643854,0.001,-60.29565518815941,55771,,
,56000,,,,,35.33652502803479,0.001,-60.3301297850528,55889,156.5,332.564328533411
150,56732,378,461.2697387,190.53,548,38.73446881103516,0.001,-60.14367669628513,56329,,
,57000,,,,,37.12063802674759,0.001,-59.97458606958389,56903,116.4,198.4455710172653
148,57211,384,456.7107803900001,190.15,552,35.293341303259375,0.001,-60.558280206495716,57026,,
148,57742,388,455.86418604,190.31,556,38.66827238930596,0.001,-59.8343194325765,57545,,
,58000,,,,,35.662666695655425,0.001,-60.22346190519111,57839,89.1,124.74599636443891
147,58144,393,454.0392085100001,189.15,560,44.17388068928438,0.001,-59.07502746582031,58039,,
147,58281,394,440.1241892300001,184.81,564,36.4269136428833,0.001,-60.14230829874675,58170,,
147,58508,396,424.9444140199999,180.74,568,37.09110163866989,0.001,-60.02845844145744,58394,,
147,58684,397,412.46044673000006,177.22,572,41.240800531899055,0.001,-59.85875930786133,58565,,
147,58886,398,401.60161366000006,174.26,576,36.3304328918457,0.001,-60.36571412927964,58741,,
,59000,,,,,45.72895495096842,0.001,-60.65071247645787,58810,74.2,70.85095593398437
147,59122,401,388.13759352,170.84,580,38.45395900892175,0.001,-60.30351489523183,59013,,
147,59321,402,377.57841327,167.87,584,40.142099949351525,0.001,-60.89449392046247,59183,,
147,59508,404,363.30021546999996,164.04,588,44.24578257969448,0.001,-60.76327102661133,59390,,
147,59721,405,344.94557756,159.26,592,44.459581706834875,0.001,-61.09506623641305,59590,,
147,59899,407,322.76706321000006,153.71,596,34.25255507391852,0.001,-61.72518179151747,59789,,
,60000,,,,,32.71960518576882,0.001,-61.20853603587431,59922,34.9,17.575888939667493
146,60032,408,296.72301674999994,146.69,600,,,,,,
146,60170,409,275.57781624999996,140.98,604,37.172083377838135,0.001,-60.75067392985026,60060,,
146,60332,410,256.35533313999997,135.81,608,36.7644121170044,0.001,-60.20775852203369,60216,,
146,60472,411,238.29954868000002,128.81,612,37.36540053231376,0.001,-60.8765027663287,60357,,
146,60619,412,215.11822611999997,122.18,616,34.58554435498787,0.001,-61.043631076812744,60511,,
146,60745,413,184.77737601,98.9,620,40.29557463702034,0.001,-61.38759657915901,60640,,
146,60868,414,167.04048652000006,91.27,624,34.6028690636158,0.001,-61.639111280441284,60762,,
146,60989,415,145.55830022,82.54,628,49.45622386932373,0.001,-61.70431950887044,60884,,
,61000,,,,,45.355497426000134,0.001,-61.06547464643206,60913,29.3,10.107048009801655
146,61105,416,131.74602423,77.03,632,33.49433977850552,0.001,-62.38788087027414,60999,,
146,61229,417,123.40221339,73.13,636,37.17159974575043,0.001,-62.41961336135864,61123,,
146,61357,418,96.00640695,63.29,640,37.30395179986954,0.001,-61.989537715911865,61251,,
146,61483,419,70.59686113999999,55.18,644,34.47065457990092,0.001,-62.04540812174479,61375,,
146,61608,419,52.69528946,48.76,648,38.19872603877898,0.001,-61.05071187019348,61500,,
146,61735,420,45.54111094000001,45.24,652,33.37965726852417,0.001,-61.37670707702637,61627,,
146,61857,421,34.25195223,41.15,656,41.35292274721207,0.001,-61.27045262654622,61751,,
146,61982,422,24.126156539999997,38.38,660,36.47399994634813,0.001,-60.6529700756073,61872,,
,62000,,,,,34.414875254911536,0.001,-61.02562175077551,61906,31.3,13.020312792630284
146,62106,423,23.32940783,38.25,664,41.39223709106445,0.001,-60.05740966796875,61998,,
146,62245,424,21.94946681,37.37,668,34.688757058345914,0.001,-60.66441120820887,62130,,
146,62560,426,23.36677497,38.76,672,39.786931603043165,0.001,-60.22757261770743,62384,,
,63000,,,,,39.88990791027363,0.001,-61.04456319564428,62562,1000.0,1033.7398131608963
,64000,,,,,36.36265405618919,0.001,-60.237411858900536,63668,815.7,845.2681520611047
140,64744,459,44.24005065,58.58,676,,,,,,
,65000,,,,,34.88812964895497,0.001,-59.31479221841563,64909,1000.0,1095.803575628996
,66000,,,,,33.68443848991394,0.001,-58.948614112854,65909,1000.0,1093.6833014011384
134,66985,498,66.59795128,78.63,680,,,,,,
,67000,,,,,30.981562037467956,0.001,-58.56304384613037,66909,122.8,270.6773702085018
132,67307,507,71.73441647,79.86,684,30.141053255866556,0.001,-58.10817680358887,67192,,
132,67706,509,78.98945161,81.98,688,28.772798607426306,0.001,-58.21857655432917,67513,,
,68000,,,,,31.16198781440998,0.001,-57.86231402693124,67867,116.1,257.55021000504496
132,68116,513,86.11872992,83.95,692,30.450753070997155,0.001,-58.15975169477792,67982,,
132,68493,516,92.75658575,85.94,696,29.21109302973343,0.001,-58.34425211760957,68340,,
132,68987,519,102.79852166999997,89.55,700,32.04266583534979,0.001,-57.82691094183153,68785,,
,69000,,,,,27.037933107406374,0.001,-58.11162779066298,68911,120.3,261.6372281551361
132,69477,523,112.65088342000003,93.07,704,31.578828704833985,0.001,-57.82216982687673,69277,,
132,69956,526,121.92714461000003,96.24,708,31.30855900446574,0.001,-57.45423482259115,69755,,
,70000,,,,,28.046764183044434,0.001,-58.02770511687748,69880,121.1,262.52730711102487
132,70444,531,131.81519280999999,99.72,712,29.958998747697965,0.001,-57.78391146659851,70246,,
132,70927,534,141.45150495,103.08,716,28.765998323758442,0.001,-57.98162002563477,70733,,
,71000,,,,,28.86683599827653,0.001,-58.22534328396038,70851,115.7,249.11920177340508
132,71388,539,150.98442766999997,106.43,720,32.025112787882485,0.001,-58.07777592173794,71201,,
132,71870,542,160.98029637000002,110.02,724,30.184723619829143,0.001,-58.020265211138806,71670,,
,72000,,,,,29.780389642715456,0.001,-58.09565836588542,71914,115.5,251.37227646112441
132,72343,546,170.79303650000003,113.54,728,28.282635792964648,0.001,-57.435550043138406,72153,,
132,72820,549,180.82895699,117.15,732,33.70957395507068,0.001,-58.25065118758405,72621,,
,73000,,,,,27.277168176941952,0.001,-58.13781330949169,72862,104.2,218.7141792356968
132,73283,553,190.31060492,120.54,736,33.47143412431081,0.001,-57.530693753560385,73091,,
132,73756,557,200.03045321,123.99,740,31.142184218099295,0.001,-56.98319301605225,73567,,
,74000,,,,,27.741182779443676,0.001,-56.94629504762847,73913,115.2,252.29185153245925
132,74220,561,209.67801614999996,127.37,744,28.705001154812898,0.001,-57.049661948464134,74023,,
132,74673,564,218.97292915000003,130.65,748,30.36024459684738,0.001,-56.5650938384387,74477,,
,75000,,,,,29.70938577737894,0.001,-57.03890200528232,74819,110.3,246.9117807030678
132,75114,568,228.26617966,133.79,752,29.34701706072606,0.001,-56.262298514626245,74928,,
132,75548,571,237.50991696999998,136.91,756,28.946628205130033,0.001,-56.23650967633283,75362,,
,76000,,,,,31.89207345086175,0.001,-56.16564511385831,75803,123.0,290.6531914651394
132,76000,575,247.38729271000003,140.18,760,,,,,,
132,76459,578,257.34220111999997,143.53,764,29.76680007101107,0.001,-56.18166060366873,76263,,
131,76507,579,257.05542431,142.62,768,25.200057203119453,0.001,-55.186628341674805,76420,,
132,76845,581,262.3662521,142.85,772,28.10624732426235,0.001,-55.3658504486084,76632,,
,77000,,,,,46.74682950973511,0.001,-54.73977279663086,76781,459.1,1235.962410366535
131,77607,591,259.74790992,128.63,776,28.605085874425953,0.001,-55.632842425642345,77411,,
131,77998,594,244.21107826999997,110.13,780,28.769241703881157,0.001,-54.19825575086806,77803,,
,78000,,,,,31.807235870040767,0.001,-54.87784881591797,77922,113.3,263.93327326774596
131,78463,598,248.29842255000003,111.56,784,28.478856418092374,0.001,-54.06437683105469,78267,,
131,78940,601,250.94272130000002,112.34,788,27.89977599392418,0.001,-54.41420299723997,78749,,
,79000,,,,,25.991802033134128,0.001,-54.15884392836998,78864,129.3,309.8748771369457
131,79436,606,254.22782370000004,113.2,792,28.354718365945107,0.001,-53.72887351864674,79240,,
131,79925,609,257.98124373,114.32,796,27.485050550528936,0.001,-53.066319942474365,79726,,
,80000,,,,,28.37617443053703,0.001,-52.815055284343785,79849,121.8,288.4636781811714
131,80470,614,260.97767913,114.83,800,27.679507479523167,0.001,-53.48470479791815,80254,,
,81000,,,,,28.375428616559063,0.001,-52.99252274457146,80822,129.9,320.075172150135
130,81031,619,264.36766761,115.54,804,,,,,,
131,81547,622,266.4211502,115.91,808,27.53757766634226,0.001,-52.814890027046204,81334,,
,82000,,,,,25.53861667342105,0.001,-52.77887538328009,81839,124.4,296.79711268544196
130,82038,627,267.45333403,115.94,812,,,,,,
130,82552,630,269.33995365,116.25,816,31.099465235011785,0.001,-51.8544806223067,82335,,
,83000,,,,,25.657802238183862,0.001,-51.57737961937399,82890,132.1,330.69754831790925
130,83101,635,272.93619756,117.13,820,,,,,,
130,83616,638,274.77624072000003,117.46,824,24.658866675694785,0.001,-51.75433502197266,83375,,
,84000,,,,,25.136663766134355,0.001,-51.4059817601764,83792,162.6,391.715861171484
130,84200,644,278.73779468,118.57,828,25.136344487739333,0.001,-51.8308529737519,83957,,
130,84847,648,284.42921459999997,120.27,832,26.462373180389406,0.001,-51.3897634379069,84604,,
,85000,,,,,25.587322006682435,0.001,-51.48373702635248,84771,171.2,415.4098821103573
130,85509,654,290.44256266,122.26,836,27.29779224769742,0.001,-51.20673345590566,85270,,
,86000,,,,,25.03729407888063,0.001,-51.32156184021856,85876,186.0,393.08279759287836
130,86143,660,295.62673213,123.87,840,,,,,,
130,86754,665,301.61733172999993,125.34,844,24.989991993099064,0.001,-51.178318618179915,86532,,
,87000,,,,,25.14230120602776,0.001,-51.397776839312385,86848,147.0,387.42428463697433
130,87365,670,307.46545904999994,126.92,848,24.80130433063118,0.001,-51.18863442825945,87141,,
130,87946,674,312.83805636,128.32,852,26.991249704694415,0.001,-51.489054881351095,87723,,
,88000,,,,,24.042212025648883,0.001,-50.818803581031595,87870,151.4,390.60479866862295
130,88555,680,318.87910636,130.07,856,26.826988002597886,0.001,-50.876349990432324,88335,,
130,88927,683,316.81273785,129.27,860,31.546459395309974,0.001,-50.7952158610026,88704,,
,89000,,,,,25.692188322544098,0.001,-50.674882888793945,88913,35.4,7.618719354056521
129,89057,685,306.67489263999994,125.98,864,22.593744659423827,0.001,-50.435940212673614,88948,,
129,89182,686,306.45660252,126.75,868,27.131398662444084,0.001,-51.132848501205444,89074,,
130,89301,686,298.52210509,124.56,872,23.297983646392822,0.001,-51.74099922180176,89196,,
130,89416,687,278.55681359000005,118.09,876,26.469185320536294,0.001,-50.70234298706055,89313,,
130,89531,688,269.78662743000007,115.33,880,26.043107096354166,0.001,-50.90605672200521,89428,,
130,89635,689,259.04026424000006,111.72,884,30.47486961364746,0.001,-51.001845359802246,89531,,
130,89745,689,247.91418851999995,108.05,888,29.577011181758,0.001,-51.280077127309944,89641,,
130,89867,690,235.94476408000003,104.31,892,26.421320481733844,0.001,-50.76387113683364,89760,,
130,89988,691,224.50588400000004,100.63,896,25.786244951445482,0.001,-50.47781575520833,89884,,
,90000,,,,,21.63974448612758,0.001,-51.37703677586147,89912,29.0,4.80601589466678
130,90103,692,211.07685980000002,96.33,900,24.023837319735822,0.001,-51.173699696858726,89998,,
130,90198,693,197.41141263,91.67,904,27.902391580434944,0.001,-51.781227405254654,90097,,
130,90299,693,185.13523938999998,87.52,908,27.008172512054443,0.001,-50.4384962717692,90198,,
130,90401,694,173.64573918000002,83.63,912,23.47236801147461,0.001,-50.699634869893394,90299,,
130,90508,695,161.42160015000002,79.56,916,31.609286274228776,0.001,-51.70584651402065,90404,,
130,90619,696,147.97635578,75.18,920,22.56062606402806,0.001,-50.86665562220982,90514,,
130,90719,696,135.8528153,71.03,924,23.603875673734226,0.001,-51.98616732083834,90619,,
130,90816,697,121.7034391,66.16,928,23.592168502807617,0.001,-51.03806363619291,90714,,
130,90934,698,105.84950267,60.87,932,27.798272286691972,0.001,-50.46042404174805,90827,,
,91000,,,,,25.156884224184097,0.001,-51.084174156188965,90922,30.5,6.209499081698391
130,91060,699,90.12531461000002,55.51,936,22.636419614156086,0.001,-50.92391738891602,90952,,
130,91214,700,75.10050550000001,50.71,940,27.304386960135567,0.001,-50.72442436218262,91092,,
,92000,,,,,24.8587037889581,0.001,-51.37856915122584,91176,713.1,704.8407441259303
,93000,,,,,25.474856792110028,0.001,-50.42087572615668,92479,1000.0,994.2041152060032
128,93555,730,87.58083641000002,68.01,944,,,,,,
,94000,,,,,26.515062638811845,0.001,-50.524497824655455,93762,686.6,867.6677941083908
,95000,,,,,24.293485227032242,0.001,-50.6682441925334,93976,1000.0,998.2216222345829
,96000,,,,,23.709343433380127,0.001,-51.01936641693115,94976,1000.0,1000.4776322543621
123,96052,777,106.39092846,86.87,948,,,,,,
,97000,,,,,23.525776190757753,0.001,-50.93115548706054,95976,1000.0,991.7802407205105
,98000,,,,,23.90949093198776,0.001,-51.216004150390624,96976,1000.0,994.0580376148224
,99000,,,,,23.247408031463625,0.001,-51.16128090667725,97976,1000.0,996.2609666824341
,100000,,,,,23.394041434288024,0.001,-51.0575113067627,98976,1000.0,978.6292244255543
117,100052,849,130.88241489,121.06,952,,,,,,
117,100622,857,129.82563023,120.67,956,24.523333388405877,0.001,-50.632768991831185,100408,,
,101000,,,,,21.83097295667611,0.001,-50.75491097394158,100892,148.9,381.98387971520424
117,101348,863,141.56557318,124.21,960,23.31879347602793,0.001,-50.55136912577861,101041,,
117,101946,867,156.54972315,128.89,964,22.94290468281713,0.001,-50.17149133551611,101712,,
,102000,,,,,22.468454222135907,0.001,-50.20986218995686,101870,157.2,398.6810150563717
117,102625,873,174.18700965,134.43,968,23.216410900297618,0.001,-50.006049092610674,102405,,
,103000,,,,,24.180412769317627,0.001,-50.25220923227807,102846,135.8,340.1748734951019
117,103198,878,188.43107156,138.97,972,23.02652396174038,0.001,-49.37804541868322,102982,,
,104000,,,,,22.19121381573211,0.001,-50.13754598617554,103804,299.2,731.4381603121758
117,104020,887,208.18690938,146.04,976,,,,,,
117,104679,891,225.48731877000003,151.48,980,20.709695881360197,0.001,-49.66185227485552,104456,,
,105000,,,,,19.928999485612728,0.001,-49.6964437406357,104603,413.5,1136.3240959525108
,106000,,,,,22.987504038348128,0.001,-50.06904728732892,105531,369.2,1078.8208789467812
116,106241,909,270.39138587,166.06,984,23.21578660179587,0.001,-49.87557890269678,105956,,
,107000,,,,,21.032034250895183,0.001,-49.60012088201742,106390,850.9,1141.5321662247181
115,107740,929,294.26316416000003,179.95,988,22.004579104430288,0.001,-49.39493086678641,107531,,
,108000,,,,,21.192597191909265,0.001,-49.99109098646376,107809,141.0,357.5211273312569
115,108312,934,308.8997398,184.45,992,20.489315655496384,0.001,-49.87861490249634,108096,,
116,108873,937,323.04639689,188.85,996,21.131301967191025,0.001,-49.753979373985615,108660,,
,109000,,,,,22.00548733063858,0.001,-50.25058168523452,108797,136.2,343.1596422314644
116,109418,942,336.4847975300001,193.15,1000,22.25142401236075,0.001,-49.69522453421977,109205,,
116,109975,946,350.10802212000004,197.77,1004,21.717030117477197,0.001,-50.2354137033656,109758,,
,110000,,,,,20.280707697496346,0.001,-49.965227890014646,109899,136.7,343.0736703455448
116,110549,951,364.08362753,202.5,1008,20.217569012112087,0.001,-50.03541172251982,110328,,
,111000,,,,,20.516750434349323,0.001,-49.780958811442055,110915,147.0,362.4536513447762
116,111138,956,378.52590443,207.37,1012,,,,,,
,112000,,,,,23.586205320293402,0.001,-49.706846546482396,111500,307.1,845.1822592735291
116,112123,964,405.18675951,216.15,1016,,,,,,
116,112678,970,418.80600961,220.59,1020,21.355978343503693,0.001,-49.815060697283066,112467,,
,113000,,,,,20.168619560680803,0.001,-49.5979254586356,112880,140.9,337.4039309322834
116,113235,975,432.45850643000006,225.16,1024,20.078429645215962,0.001,-49.35758972167969,113022,,
116,113783,978,445.89880385,229.67,1028,22.924579163392384,0.001,-49.93559010823568,113568,,
,114000,,,,,19.95213325528333,0.001,-49.72219345535057,113844,137.3,334.0031827747822
116,114325,983,458.89774173000006,233.91,1032,22.040034182750396,0.001,-49.77746294546819,114112,,
116,114899,987,473.15488999999997,238.39,1036,21.366705228204598,0.001,-49.25012860232837,114673,,
,115000,,,,,19.922769902547202,0.001,-49.955463053385415,114823,176.0,486.4279946029186
116,115612,993,492.2270834499999,243.98,1040,19.931364287932713,0.001,-49.85027175479465,115314,,
,116000,,,,,20.376423645019532,0.001,-49.598490397135414,115771,195.3,558.1588859915734
116,116395,1000,486.3249750400001,228.4,1044,21.983964715685165,0.001,-49.809649730864024,116176,,
,117000,,,,,21.062791716667913,0.001,-49.792195309874835,116700,443.4,1382.5793056190014
116,117420,1012,482.27991952000013,213.68,1048,21.080842098303602,0.001,-49.8109852613601,117152,,
116,117969,1015,456.23267746,179.17,1052,20.374995946884155,0.001,-49.48175822987276,117756,,
,118000,,,,,19.52426167648204,0.001,-49.64427572138169,117893,191.1,533.0544090569019
116,118552,1021,456.40119279000015,179.3,1056,19.064674268450055,0.001,-49.36175531659808,118343,,
,119000,,,,,20.327689083477924,0.001,-49.04085222880045,118898,132.2,342.15804863572123
116,119107,1026,450.64167558,177.59,1060,,,,,,
116,119664,1030,449.6005119800001,177.18,1064,21.52073598765641,0.001,-48.93895650591169,119444,,
,120000,,,,,21.94708432321963,0.001,-49.05035472261733,119889,205.2,605.9336434721947
,121000,,,,,20.638721782333995,0.001,-49.60706543435856,120085,645.7,1896.3963709175587
115,121018,1044,470.94626301999995,183.93,1068,,,,,,
115,121620,1052,472.68168673,184.22,1072,18.752793973805954,0.001,-49.25038261936135,121399,,
,122000,,,,,21.122320999533443,0.001,-49.17601904708348,121870,201.5,562.0414722442626
115,122327,1059,472.35719957000003,183.07,1076,19.909925449297624,0.001,-49.27552721338365,122077,,
,123000,,,,,17.9803218795703,0.001,-49.39164077318632,122459,605.2,1633.5617387831212
114,123702,1075,491.03059332,190.23,1080,18.821250791419043,0.001,-49.72331525201667,123485,,
,124000,,,,,19.41935365300783,0.001,-49.543847366118094,123907,138.1,361.43429630994797
114,124258,1080,460.54979757,180.17,1084,18.72784442060134,0.001,-49.75952574786018,124043,,
115,124811,1084,450.44463596,170.71,1088,19.952391919336822,0.001,-49.632782434162344,124598,,
,125000,,,,,20.054103191082294,0.001,-49.47158754788912,124865,145.4,375.7334443926811
115,125367,1089,449.75336159,170.55,1092,18.827367874671673,0.001,-49.50097211201986,125157,,
115,125964,1093,450.87116366999993,170.91,1096,19.4106122943717,0.001,-49.54451789318676,125718,,
,126000,,,,,18.80838954588946,0.001,-49.46732801549575,125888,164.3,449.3179137945175
115,126589,1099,453.5965172899999,171.71,1100,18.279214506799523,0.001,-49.43473291397095,126394,,
,127000,,,,,20.389179881026106,0.001,-49.93988221691501,126910,286.5,803.7860908150673
114,127200,1106,454.85775042999995,172.25,1104,,,,,,
115,127806,1110,456.6231644799999,172.57,1108,17.959611170432147,0.001,-49.51739614150103,127554,,
,128000,,,,,19.226942236359054,0.001,-49.762316626471446,127878,138.8,346.632649153471
115,128371,1115,456.64835509999995,172.33,1112,18.819520993019218,0.001,-49.544009820738836,128149,,
115,128987,1119,446.63425553,168.64,1116,19.84227345902243,0.001,-50.11831514334973,128759,,
,129000,,,,,18.455327253592642,0.001,-49.95450827949926,128911,148.3,417.960198533535
115,129574,1125,448.4801973000001,168.96,1120,17.833437365454596,0.001,-49.609705383713184,129354,,
,130000,,,,,17.122899397488297,0.001,-49.94891174525431,129788,144.3,383.3917104721069
115,130150,1130,449.91956071,169.15,1124,18.726026366154354,0.001,-49.92546770307753,129932,,
115,130717,1134,450.81432505,169.34,1128,19.517465817842552,0.001,-49.840569795881,130502,,
,131000,,,,,19.133798503189634,0.001,-49.675126227779664,130917,138.0,357.1670700907707
115,131270,1138,451.99582551,169.45,1132,18.64766442689964,0.001,-50.247601754324776,131056,,
115,131818,1142,451.45500194999994,169.19,1136,17.084979282106673,0.001,-50.14475942339216,131607,,
,132000,,,,,19.095458503897863,0.001,-50.18292007446289,131873,130.5,329.43493564128875
115,132346,1147,445.20689998999995,167.34,1140,16.966321649477464,0.001,-50.034508103590746,132132,,
115,132878,1150,435.70090627999997,164.83,1144,16.650884538457014,0.001,-49.96678272192029,132666,,
,133000,,,,,18.742174043374902,0.001,-50.07149118535659,132802,143.2,365.42296382188795
115,133437,1155,419.55935276,160.17,1148,17.487999800373526,0.001,-50.0499537411858,133214,,
,134000,,,,,16.39310371174532,0.001,-50.475723939783435,133774,179.7,503.25562731027605
115,134019,1161,421.0075156700001,160.5,1152,,,,,,
115,134583,1165,420.40666011,160.31,1156,16.36782710846156,0.001,-50.298793844980736,134364,,
,135000,,,,,16.46700302421624,0.001,-50.407512882777624,134797,141.9,363.7609533071518
115,135180,1170,421.7057977199999,160.73,1160,18.757198441958597,0.001,-50.55760832235847,134938,,
115,135811,1174,424.35672926,161.47,1164,17.37060223384337,0.001,-50.31308889389038,135587,,
,136000,,,,,17.06773090362549,0.001,-50.55696523511732,135883,176.9,493.70603597164154
115,136484,1180,403.67392960000006,154.66,1168,18.118205911972943,0.001,-50.76854342292337,136240,,
,137000,,,,,17.716396861023956,0.001,-50.85827598990975,136790,144.3,365.16627764105795
115,137160,1186,405.65274850000003,155.4,1172,18.426854082743326,0.001,-50.76142481486003,136940,,
115,137804,1190,403.37987868999994,154.77,1176,16.825387114411466,0.001,-50.835207886166046,137552,,
,138000,,,,,16.770952337128776,0.001,-50.193325533185686,137868,136.9,345.1728939950466
115,138399,1195,382.62781216,146.97,1180,17.003837604522705,0.001,-50.68349156697591,138155,,
,139000,,,,,19.492579365334315,0.001,-50.80922730024471,138814,152.0,398.25973067879676
115,139042,1201,385.06742735,147.84,1184,,,,,,
115,139761,1205,390.46954655999997,149.5,1188,17.340685959437383,0.001,-50.718913612365725,139522,,
,140000,,,,,18.45210553970805,0.001,-50.582936463532626,139685,551.6,1357.2401246011257
115,140781,1217,402.54125657,154.14,1192,19.539808316664264,0.001,-50.570366648884566,140535,,
,141000,,,,,18.344465445165763,0.001,-50.62867987645816,140851,158.0,436.3752413868904
115,141441,1224,404.87855763,154.77,1196,17.608436130342028,0.001,-50.783990478515626,141219,,
,142000,,,,,18.1145864185534,0.001,-51.15358119763826,141835,141.7,371.39115741848946
115,142054,1229,404.78401055999996,154.65,1200,,,,,,
115,142723,1233,407.58700882000005,155.23,1204,18.985622834839276,0.001,-51.72014653523763,142480,,
,143000,,,,,18.572827339172363,0.001,-50.79025355021159,142796,157.1,415.67393016815186
115,143327,1239,407.45983498000004,155.21,1208,17.42974618665215,0.001,-51.40977289905287,143105,,
115,143961,1243,408.90188029999996,155.9,1212,18.640782330311886,0.001,-51.44602156338627,143703,,
,144000,,,,,17.536208084651403,0.001,-51.63367537613753,143885,149.4,377.6785982131958
115,144567,1249,407.47870356,155.8,1216,16.605432781952107,0.001,-51.328571217854815,144335,,
,145000,,,,,19.35967414298754,0.001,-51.532662123776554,144846,155.4,401.140566444397
115,145236,1255,409.37042214,156.62,1220,17.030711082311775,0.001,-52.10182581192408,145002,,
,146000,,,,,19.336375272792317,0.001,-52.307142050369926,145722,534.0,1398.879834753275
115,146049,1265,416.4214519,158.99,1224,,,,,,
,147000,,,,,16.360318512163666,0.001,-52.21612529594357,146448,544.7,1651.1011225104332
115,147792,1283,453.93476236000004,170.75,1228,18.509543774444932,0.001,-52.78458435233982,147552,,
,148000,,,,,19.334632832829545,0.001,-52.38484433802163,147716,242.7,711.9281555950641
115,148651,1291,463.47435889,173.81,1232,18.23436193941045,0.001,-53.087179199723174,148376,,
,149000,,,,,18.41669812503162,0.001,-53.582347972972975,148797,304.6,865.2005151927472
114,149479,1299,472.7803100999999,176.61,1236,19.548598555001345,0.001,-53.554045330394395,149187,,
,150000,,,,,18.726155392231384,0.001,-53.385696038967225,149566,772.6,2307.925573605299
114,150309,1314,483.57832034000006,179.63,1240,20.822685898327435,0.001,-53.384508005777995,150053,,
,151000,,,,,18.487941224660194,0.001,-53.9031948702676,150821,156.6,410.84713624715806
114,151050,1320,490.6229034,181.72,1244,,,,,,
114,151797,1325,497.28124447000005,183.6,1248,19.312624925790832,0.001,-54.4532088789829,151521,,
,152000,,,,,18.8562059144716,0.001,-54.454830169677734,151906,197.8,567.9884390473366
114,152519,1332,502.15097691000005,185.0,1252,20.142342237325813,0.001,-54.65606824089499,152268,,
,153000,,,,,16.25100171888197,0.001,-55.141228340767526,152910,161.0,414.2530779540539
114,153139,1337,503.8718189600001,185.56,1256,,,,,,
114,153801,1342,505.96494102,186.21,1260,18.652116524690836,0.001,-54.85804371450139,153578,,
,154000,,,,,18.57873845642263,0.001,-55.51945499940352,153901,155.7,412.22118148803713
114,154421,1347,505.28017494000005,186.1,1264,17.295294094085694,0.001,-54.87598032421536,154203,,
,155000,,,,,18.323644643480126,0.001,-55.58873146230524,154874,64.5,123.50016677975654
114,155014,1352,502.0122218799999,185.3,1268,,,,,,
114,155745,1357,503.73852166999995,185.85,1272,21.18148177939576,0.001,-56.04307759272588,155486,,
,156000,,,,,18.587119774740252,0.001,-55.98135656838889,155669,108.2,240.03305920362473
114,156496,1363,505.36810840999993,186.92,1276,18.86532637559248,0.001,-56.1348630464994,156254,,
,157000,,,,,17.492090861002605,0.001,-56.463487651986135,156904,139.2,351.01194084882735
114,157118,1369,505.8009842499999,187.19,1280,,,,,,
114,157651,1372,502.23251194,186.09,1284,21.01233705102581,0.001,-56.4369954148384,157427,,
,158000,,,,,19.828286350363552,0.001,-56.78828362191077,157777,150.6,377.5159235954285
114,158302,1378,500.04036763000005,185.41,1288,17.95122038523356,0.001,-56.798653616834045,158059,,
114,158963,1383,491.35524297999996,181.82,1292,18.456382295105357,0.001,-57.324553047738426,158734,,
,159000,,,,,18.847802529927172,0.001,-57.59759737315931,158887,267.8,733.1478590369225
114,159551,1390,488.1566071499999,181.1,1296,20.115995253716317,0.001,-57.59021684858534,159342,,
,160000,,,,,21.834911294885583,0.001,-57.62106467582084,159915,145.6,361.2124090075493
114,160140,1395,486.55065949999994,180.86,1300,,,,,,
114,160806,1399,485.91075934,180.83,1304,19.47999303365491,0.001,-58.34656473533394,160551,,
,161000,,,,,19.14400933974282,0.001,-58.43702490064833,160730,318.1,939.9026075065136
,162000,,,,,18.717540245056153,0.001,-58.98828295298985,161803,551.3,1604.0378155231476
114,162403,1418,516.0683609700001,190.76,1308,,,,,,
,163000,,,,,19.05946525549277,0.001,-59.812632096119415,162805,153.0,383.56619569659233
114,163035,1425,515.7007989999998,190.74,1312,,,,,,
114,163782,1430,519.82218109,192.15,1316,18.401795219793552,0.001,-59.99074853635302,163545,,
,164000,,,,,18.395361447945618,0.001,-59.99139003264598,163862,208.5,540.4193346500397
114,164682,1439,526.4748438500001,194.46,1320,19.787781536579132,0.001,-61.03420088026259,164456,,
,165000,,,,,19.031074941593364,0.001,-60.64587677226347,164887,133.0,331.4974625110626
114,165243,1444,518.17585251,191.94,1324,20.23344319006976,0.001,-60.01475401485668,165023,,
,166000,,,,,20.56575355430444,0.001,-60.37659013271332,165669,444.9,1213.7010729908943
114,166038,1453,486.13416386999984,182.46,1328,,,,,,
114,166720,1458,478.9163805,180.69,1332,21.541260172607032,0.001,-61.03779988349238,166484,,
,167000,,,,,21.80161250265021,0.001,-61.12337398529053,166796,145.7,363.5204711019993
114,167351,1464,471.26640031000005,178.72,1336,20.877062387582733,0.001,-61.725785185651084,167109,,
,168000,,,,,21.171582037402736,0.001,-61.51255749343732,167914,158.0,383.5069864153862
114,168288,1472,470.15747711000006,179.79,1340,21.116115847960213,0.001,-61.572310791015624,168065,,
,169000,,,,,22.507425068093717,0.001,-61.646965408325194,168548,292.6,912.3402412772178
114,169165,1480,473.94799506000004,181.15,1344,22.5708043660873,0.001,-61.73579494769756,168938,,
,170000,,,,,22.30860019683838,0.001,-62.884640299479166,169881,157.7,375.83681550621986
114,170114,1488,477.74919824000006,183.17,1348,,,,,,
114,170739,1493,473.40995219,182.2,1352,21.638448332525364,0.001,-62.03786629896898,170515,,
,171000,,,,,20.165381888268698,0.001,-62.67385488160899,170805,140.5,345.89256031513213
114,171299,1498,471.15287572,181.6,1356,21.030402297704992,0.001,-62.565248677428336,171086,,
114,171899,1502,468.36663988999993,180.98,1360,25.59259876045021,0.001,-63.23244553643304,171666,,
,172000,,,,,24.9839128415296,0.001,-62.84135891841008,171823,146.7,363.6608684420586
114,172504,1508,467.17168000000015,180.83,1364,22.09063789188462,0.001,-63.32865642856907,172275,,
,173000,,,,,21.894856326187714,0.001,-62.94955227043055,172910,159.5,398.3273344039917
114,173147,1513,467.78543776000004,181.33,1368,,,,,,
114,173801,1518,463.98446502,180.56,1372,22.980758479767783,0.001,-63.42490165616259,173561,,
,174000,,,,,26.85547910229913,0.001,-63.674440410039196,173870,146.6,371.1308003604412
114,174373,1523,459.3065260300001,178.77,1376,25.45518398284912,0.001,-63.28689659966363,174159,,
114,174948,1527,457.49909803,178.3,1380,23.448860821658617,0.001,-63.051326176891585,174733,,
,175000,,,,,23.875250754596518,0.001,-63.44399653843471,174872,149.1,361.3386366188526
114,175530,1532,458.29010744,178.79,1384,21.20517285896914,0.001,-63.793954119962805,175303,,
,176000,,,,,22.4281454210967,0.001,-63.32996830187346,175901,155.7,375.2060292482376
114,176138,1538,455.88321225000004,178.36,1388,,,,,,
114,176767,1542,453.54713611000005,178.04,1392,22.961038275687926,0.001,-64.44066545560763,176537,,
,177000,,,,,25.835759314480207,0.001,-63.813154220581055,176842,139.3,345.1576105952263
114,177354,1547,453.36125723000004,178.03,1396,23.95313952185891,0.001,-64.11534762692142,177134,,
114,177948,1551,453.24562496,178.08,1400,23.789331286294118,0.001,-64.11370282854352,177727,,
,178000,,,,,21.30063961292135,0.001,-64.19539203382519,177872,143.2,348.8403108417988
114,178540,1557,450.28086337,177.34,1404,21.708890299425057,0.001,-63.95774383544922,178307,,
,179000,,,,,21.663149070739745,0.001,-63.89106443451672,178781,155.8,377.94468895196917
114,179149,1562,419.14079446999995,167.46,1408,21.243769645690918,0.001,-63.63937260554387,178936,,
114,179756,1566,418.57225536000004,167.21,1412,22.861954242755207,0.001,-64.40199353144719,179539,,
,180000,,,,,23.451449235280354,0.001,-63.479091220431854,179882,162.7,390.4460685312748
114,180269,1572,411.43291462,164.87,1416,22.02049021925663,0.001,-64.09463661099657,180045,,
114,180864,1576,401.97621376,161.82,1420,23.53811537643959,0.001,-63.63381576538086,180636,,
,181000,,,,,22.594015171653346,0.001,-64.45894221255654,180788,161.5,387.9942894637585
114,181480,1582,403.1295009500001,162.37,1424,23.03109663183039,0.001,-64.2250680799608,181259,,
,182000,,,,,25.13783011002974,0.001,-64.33080631349145,181899,173.8,410.7676742255688
114,182178,1588,399.6293609000001,161.4,1428,,,,,,
114,182797,1592,397.79619831,160.77,1432,22.176424364248913,0.001,-63.992789374457466,182557,,
,183000,,,,,23.33968084388309,0.001,-64.38121212853326,182865,145.9,352.0189743876457
114,183366,1598,395.94124586000004,160.15,1436,21.983192030366485,0.001,-64.71201560866665,183155,,
114,183925,1601,386.42266156,156.37,1440,24.128899609085416,0.001,-64.43286901361802,183707,,
,184000,,,,,23.44610517125734,0.001,-64.34494958796971,183849,121.2,288.2435146510601
114,184462,1606,375.23582789000005,152.97,1444,23.241788565707044,0.001,-64.20391103666122,184251,,
,185000,,,,,21.825007011150493,0.001,-64.34527328279283,184803,149.5,365.21404574513434
114,185029,1611,364.27903239,149.15,1448,,,,,,
114,185579,1615,361.86597088999997,148.4,1452,23.641581679419648,0.001,-64.71595377240862,185368,,
,186000,,,,,23.272887737854667,0.001,-64.69096192069675,185914,140.1,336.8441954135895
114,186126,1620,361.37437026999993,148.27,1456,,,,,,
114,186674,1624,359.70697276,147.75,1460,23.379294950065884,0.001,-64.72298597953689,186462,,
,187000,,,,,24.586337584575624,0.001,-64.62454000619742,186867,127.3,301.3421832025051
114,187189,1629,356.87067534,146.85,1464,21.47480100881858,0.001,-64.17782799142306,186989,,
114,187682,1632,352.69502927,145.35,1468,22.612702354055937,0.001,-64.37057964137342,187479,,
,188000,,,,,21.89672287683638,0.001,-64.47310462830559,187866,142.0,338.01274847984314
114,188208,1637,349.15268202000004,144.07,1472,21.68120717664137,0.001,-64.31527344839914,188007,,
115,188699,1640,346.6327064,143.26,1476,25.090877130997082,0.001,-64.87890892028808,188503,,
,189000,,,,,24.13631381225586,0.001,-64.92018260653057,188872,142.9,351.5506057679653
114,189213,1645,345.04940976,142.65,1480,22.61203563376649,0.001,-64.56855465614632,189018,,
115,189714,1648,342.9196745599999,141.84,1484,24.492826830956243,0.001,-64.60097589800435,189512,,
,190000,,,,,23.611509093156098,0.001,-64.93925922938756,189779,148.2,354.2963449060917
115,190267,1653,341.4969491,141.29,1488,24.242008779988144,0.001,-64.47833344430634,190058,,
115,190780,1657,338.58327853,140.13,1492,23.74058392691234,0.001,-65.37963528103299,190571,,
,191000,,,,,24.94850176670512,0.001,-65.07610746289863,190826,129.9,319.75021394491193
115,191291,1662,336.63388114,139.37,1496,21.17016450942509,0.001,-64.97660319010417,191081,,
115,191794,1665,334.1124827599999,138.46,1500,22.585702872276308,0.001,-64.6429490407308,191600,,
,192000,,,,,21.36305477112297,0.001,-64.63007263910202,191845,129.2,311.79463840126994
115,192289,1670,331.5555963599999,137.49,1504,22.112755306305424,0.001,-64.91077909161967,192095,,
115,192836,1673,329.99444485,136.87,1508,23.47645647385541,0.001,-64.90421076381908,192617,,
,193000,,,,,22.579685613087246,0.001,-64.8360162462507,192900,128.2,310.8528262257576
115,193330,1678,326.70836429999997,135.74,1512,22.46216881793478,0.001,-65.32666571098461,193139,,
115,193805,1681,325.67900866,135.36,1516,20.576095540984337,0.001,-64.32509574243578,193619,,
,194000,,,,,22.12094235016128,0.001,-65.16777517027774,193847,120.7,290.05756387114525
115,194284,1685,322.4407413299999,134.2,1520,26.416472989369215,0.001,-64.46769858188317,194091,,
115,194763,1688,318.71464331,132.83,1524,23.858629905571373,0.001,-65.25692102464579,194566,,
,195000,,,,,22.29521672956405,0.001,-65.31836054402012,194811,119.7,284.4908066213131
115,195249,1693,313.84515197999997,130.71,1528,22.500088715957382,0.001,-65.05654053768869,195048,,
115,195722,1696,310.23263910000003,129.25,1532,22.976670066515606,0.001,-65.26558176676433,195524,,
,196000,,,,,18.62094271279932,0.001,-65.58592399221952,195895,115.8,275.58757491707803
115,196211,1700,308.16620619,128.45,1536,20.5137687941729,0.001,-65.4205770330914,196013,,
115,196708,1704,306.69008442,127.83,1540,22.12175482319247,0.001,-66.2045525581606,196509,,
,197000,,,,,22.6466493446286,0.001,-65.08776899973552,196868,121.1,286.1638414263725
115,197184,1708,305.11223778000004,127.22,1544,24.5508669782276,0.001,-65.35792713165283,196989,,
115,197711,1711,304.03399148000005,126.82,1548,22.87677577179922,0.001,-65.33354853240537,197492,,
,198000,,,,,23.665690820113472,0.001,-65.23319297924377,197875,117.3,277.58422803282735
115,198187,1716,302.0592171,126.08,1552,20.218512469324573,0.001,-65.35628759449926,197991,,
115,198690,1719,300.94922424,125.64,1556,23.62856038659811,0.001,-65.29360461235046,198488,,
,199000,,,,,20.437842447249615,0.001,-65.7273497659652,198850,124.1,298.08680102825167
115,199188,1723,299.60157828,125.14,1560,22.223862384796142,0.001,-65.6265749777517,198975,,
115,199710,1727,299.91363870000004,125.21,1564,21.459335965494954,0.001,-65.15610885620117,199492,,
,200000,,,,,20.27719391567606,0.001,-65.51480403416593,199893,124.5,296.7581423997879
