rollout/ep_len_mean,time/time_elapsed,time/episodes,rollout/ep_rew_mean,time/total_timesteps,time/fps,train/learning_rate,train/critic_loss,train/n_updates,train/actor_loss,eval/mean_reward,eval/mean_ep_length
26.0,0,4,17.67479525,104,2381,,,,,,
17.5,0,8,9.146378499999999,140,435,0.001,0.023812573817041185,55,-0.4334065243601799,,
15.0,0,12,7.862146333333333,180,329,0.001,0.01686560660600662,94,-0.5970073223114014,,
13.75,0,16,7.2508871875,220,283,0.001,0.015804228326305746,134,-0.6522996068000794,,
13.0,1,20,6.884070799999999,260,258,0.001,0.013707310333848,174,-0.7611273407936097,,
12.5,1,24,6.641378458333333,300,243,0.001,0.013917671283707023,214,-0.8684047102928162,,
12.142857142857142,1,28,6.4663061428571424,340,232,0.001,0.017813706956803798,254,-0.8390899538993836,,
11.875,1,32,6.3336635,380,224,0.001,0.012552274391055107,294,-0.8937521815299988,,
11.666666666666666,1,36,6.229750694444444,420,217,0.001,0.011030659871175885,334,-0.9620200634002686,,
11.5,2,40,6.147712725,460,212,0.001,0.015227458160370588,374,-0.9596800804138184,,
11.363636363636363,2,44,6.079630863636364,500,210,0.001,0.014994034357368947,414,-0.9654156923294067,,
11.25,2,48,6.024135333333334,540,208,0.001,0.014180790074169636,454,-1.05355064868927,,
11.153846153846153,2,52,5.976576307692308,580,206,0.001,0.009512430196627975,494,-1.0393214225769043,,
11.071428571428571,3,56,5.935351196428571,620,203,0.001,0.0073705201502889395,534,-1.0950379252433777,,
11.0,3,60,5.899248683333332,660,201,0.001,0.013968841591849922,574,-1.1191016912460328,,
10.9375,3,64,5.869013921875,700,198,0.001,0.00690273279324174,614,-1.2173965215682983,,
10.882352941176471,3,68,5.8436900147058815,740,196,0.001,0.010721915145404637,654,-1.185250997543335,,
10.833333333333334,4,72,5.820574958333334,780,194,0.001,0.01070534884929657,694,-1.1333324670791627,,
10.789473684210526,4,76,5.7997132763157895,820,193,0.001,0.012060506828129291,734,-1.2422497987747192,,
10.75,4,80,5.784261262500001,860,192,0.001,0.011257572704926134,774,-1.2425561428070069,,
11.285714285714286,4,84,7.358725202380954,948,192,0.001,0.079382437704639,850,-2.1705850037661465,,
,,,,1000,,0.001,0.16266088881953197,917,-2.3330291618000376,46.62414175271988,27.7
12.045454545454545,5,88,8.567729295454546,1060,186,0.001,0.17796182233308042,945,-2.570152163505554,,
14.717391304347826,7,92,12.463536358695654,1354,185,0.001,0.23816355470229278,1250,-3.5759290998632256,,
14.395833333333334,7,96,12.189483052083332,1382,182,0.001,0.2645233614104135,1299,-3.918654282887777,,
15.05,7,100,13.833300229999997,1505,189,0.001,0.3496411392092705,1345,-4.108905613422394,,
16.85,9,104,18.59066006,1789,183,0.001,0.42346715095431303,1664,-5.370243582614632,,
,,,,2000,,0.001,0.4315979407643372,1875,-6.183540802735549,95.32521881461143,51.5
18.62,11,108,22.543253930000002,2002,174,,,,,,
20.43,12,112,26.435013350000006,2223,175,0.001,0.4002863366018843,2087,-7.061209449061641,,
22.68,14,116,31.13967621,2488,176,0.001,0.5735509683904441,2340,-8.082585280282157,,
25.44,15,120,37.14653171,2804,176,0.001,0.8526840368058624,2648,-9.3359672965073,,
,,,,3000,,0.001,1.1630826020022718,2897,-10.426832036274236,155.81745792031288,79.2
28.32,18,124,43.40310033000001,3132,169,0.001,1.1729853757440227,2970,-10.749554711419183,,
31.22,20,128,49.74158208,3462,171,0.001,1.6722902548174525,3310,-12.07440329706946,,
33.73,21,132,55.04594396,3753,171,0.001,1.8300807218660007,3591,-13.140853274952281,,
,,,,4000,,0.001,2.2833957929502833,3885,-14.372536803736832,159.92085359096527,80.7
36.26,24,136,60.431617720000006,4046,167,,,,,,
38.52,25,140,65.10851432999999,4312,166,0.001,2.8664827549803085,4172,-15.43638698032924,,
41.06,27,144,70.58070572,4606,167,0.001,2.2992060230058784,4469,-16.502770991552445,,
43.68,29,148,76.21837194999999,4908,168,0.001,2.4808657638362197,4746,-17.66453626078944,,
,,,,5000,,0.001,3.656624832878942,4901,-17.96098451053395,168.83998115062712,85.7
46.38,31,152,81.98741343999998,5218,164,0.001,3.2834769240447454,5057,-18.58831400190081,,
49.32,33,156,88.36003249999997,5552,165,0.001,3.728353064200457,5391,-19.65809608641125,,
52.36,35,160,95.01877121,5896,166,0.001,3.6167204109735267,5734,-20.87710109976835,,
,,,,6000,,0.001,4.131586511467779,5906,-21.36803112473599,169.0539934337139,85.9
55.41,37,164,101.55939717,6241,164,0.001,3.894281374997106,6078,-22.035693862221457,,
58.47,39,168,108.22122886999999,6587,164,0.001,3.6477712968300127,6424,-23.061105381358754,,
61.55,42,172,114.90215619,6935,164,0.001,4.263172153768869,6772,-24.43483131582087,,
,,,,7000,,0.001,4.080752291898618,6859,-24.515443225239597,170.29497310519218,86.1
64.59,44,176,121.40830289000002,7279,162,0.001,4.137293489866479,7117,-25.232075713401617,,
67.6,46,180,127.85451542999999,7620,164,0.001,3.757025224321029,7459,-26.38503819420224,,
70.14,48,184,133.04864016,7962,164,0.001,3.85014654869257,7799,-27.514690887096318,,
,,,,8000,,0.001,4.451061974996808,7886,-27.64158535003662,168.94041393399237,86.0
72.45,51,188,138.39542806999998,8305,162,0.001,3.8812784594158796,8143,-28.331286896106807,,
72.95,53,192,141.18043195,8649,162,0.001,4.0035728328368245,8487,-29.566871007283527,,
76.08,54,196,147.54629622000002,8990,163,0.001,4.313605261700494,8829,-30.382790747142973,,
,,,,9000,,0.001,4.288962681153241,8914,-30.661278613778048,166.05703455209732,85.2
78.26,57,200,152.12378907999997,9331,162,0.001,4.689185564658221,9169,-30.929826827276322,,
78.85,59,204,153.32461841,9674,162,0.001,4.209711383941562,9514,-32.154884870662244,,
,,,,10000,,0.001,4.616892039074617,9852,-32.867779266002564,168.9134488940239,85.8
80.12,61,208,155.98439575000003,10014,161,,,,,,
82.51,63,212,160.15579646,10474,164,0.001,3.8616201822147813,10196,-33.419611553813134,,
80.76,65,216,156.30202034,10564,162,0.001,12.285568153156953,10451,-33.56398344039917,,
81.03,66,220,156.7634505,10907,163,0.001,6.255314536478328,10747,-34.93542604668196,,
,,,,11000,,0.001,5.714196809406938,10918,-35.12868395718661,168.07946944236755,85.9
81.23,69,224,157.10559648999998,11255,162,0.001,5.325271661254181,11092,-35.87915732643821,,
81.32,70,228,157.12636749,11594,163,0.001,5.472267392135802,11433,-36.33300590515137,,
81.82,72,232,158.21792428999998,11935,164,0.001,6.41078979344595,11773,-36.915880839029946,,
,,,,12000,,0.001,5.551089121851811,11859,-37.14110254686932,167.26895761489868,86.0
82.25,75,236,159.11286843999997,12271,163,0.001,5.545349802912735,12111,-37.366248061017295,,
83.05,76,240,160.95206026000002,12617,163,0.001,4.436639383259942,12454,-38.243825247121414,,
83.56,78,244,161.95038562,12962,164,0.001,4.47083554688622,12798,-38.79796715669854,,
,,,,13000,,0.001,6.2418446215716274,12886,-38.84178898551247,166.67223030924796,85.9
83.98,81,248,162.77686682999996,13306,163,0.001,5.2675829909064555,13145,-39.026896650140934,,
84.35,83,252,163.58074950999998,13653,164,0.001,5.959010795615185,13489,-39.83147696561591,,
,,,,14000,,0.001,5.229666209768975,13838,-39.873269687999375,169.30867372155188,86.6
84.49,85,256,163.81434982,14001,163,,,,,,
84.5,87,260,163.68076676,14346,163,0.001,4.46634132172688,14184,-40.63697451636905,,
84.44,89,264,163.58326203000001,14685,163,0.001,7.072407826071694,14521,-41.17990811665853,,
,,,,15000,,0.001,5.707417559929383,14891,-41.31036807329227,156.2619282901287,78.5
84.59,92,268,163.82831388,15046,162,,,,,,
84.27,94,272,163.22033907000002,15362,163,0.001,7.227730233458024,15207,-41.909510001158104,,
83.95,95,276,162.62216411,15674,163,0.001,4.549933311266777,15520,-41.96242024348332,,
,,,,16000,,0.001,3.7036859029676856,15843,-42.949779882663634,197.9471340894699,90.9
83.9,98,280,162.8576599,16010,162,,,,,,
83.91,100,284,163.25655847,16353,162,0.001,6.408466361550724,16189,-43.33218719845726,,
85.01,102,288,165.79695477999996,16806,163,0.001,4.943456115261201,16619,-44.14163166543712,,
,,,,17000,,0.001,7.0898893404006955,16830,-44.51083198547363,255.87573407888414,136.2
86.52,107,292,168.75888846,17301,161,0.001,4.99751972922912,17137,-44.72250865055965,,
88.52,109,296,172.37417076000003,17842,162,0.001,6.135694914764458,17592,-45.11425887213813,,
,,,,18000,,0.001,5.71610195090057,17923,-45.64629579201723,288.964608502388,168.2
90.73,114,300,175.82228809999998,18404,160,0.001,5.935403104675443,18239,-46.08874958439877,,
91.62,117,304,177.42795719000003,18836,160,0.001,6.536734002359798,18672,-46.59795820448134,,
,,,,19000,,0.001,5.397120097409124,18852,-46.98508461661961,188.75373224020004,95.0
92.56,120,308,179.31340756000006,19270,160,0.001,6.192780856575284,19102,-47.21054258800688,,
91.7,122,312,178.93122527000003,19644,160,0.001,7.017018247157969,19474,-47.234157805747174,,
,,,,20000,,0.001,5.715368760529385,19849,-48.19953893578571,199.6311986207962,93.6
94.55,125,316,185.70646756999994,20019,159,,,,,,
94.95,127,320,187.14868244000002,20402,160,0.001,4.606514107320726,20230,-48.07504544939314,,
95.38,129,324,188.91004834999995,20793,160,0.001,6.127084734513588,20618,-48.340779207190685,,
,,,,21000,,0.001,5.079265510913023,20911,-48.33891034126282,216.98658539056777,99.5
95.96,132,328,191.04214412999994,21190,159,0.001,6.472294661998749,21011,-49.13831871032715,,
96.45,134,332,192.64623296000005,21580,159,0.001,5.482564303749486,21408,-48.634222666422524,,
97.13,137,336,195.1287448500001,21984,160,0.001,6.735144612789154,21804,-48.83396713256836,,
,,,,22000,,0.001,7.381617485330655,21908,-48.87429053966816,213.90948211550713,98.4
97.76,140,340,197.50559800000002,22393,159,0.001,6.166664774601276,22213,-49.81715261019193,,
98.7,142,344,201.39602047999998,22832,160,0.001,6.366510274275294,22640,-49.528907775878906,,
,,,,23000,,0.001,6.360235106711294,22858,-49.324781904033586,270.7000573992729,111.9
99.51,145,348,204.60586506000007,23257,159,0.001,7.203051292671348,23075,-49.15198228944023,,
100.28,148,352,207.62269256,23681,159,0.001,7.118051492250883,23495,-49.39853007976826,,
,,,,24000,,0.001,6.902552214690617,23878,-49.57230796813965,111.69962680935859,65.6
100.59,151,356,208.94177836999998,24060,159,0.001,8.11856515590961,23930,-50.43655512883113,,
103.4,154,360,216.02800485000003,24686,160,0.001,8.100502411524454,24438,-50.04237302144369,,
,,,,25000,,0.001,9.656806903619033,24868,-50.278629420353816,307.4596638143063,128.1
105.17,158,364,221.61979297000005,25202,159,0.001,10.54781907569361,24999,-50.775355471097505,,
107.63,161,368,230.24771278000003,25809,159,0.001,11.181347553546612,25556,-51.311920048640324,,
,,,,26000,,0.001,11.455372463226318,25858,-51.46200519137912,317.76441949009893,131.3
109.72,165,372,236.4125803,26334,159,0.001,10.219786191940308,26113,-51.67684148973034,,
112.83,168,376,244.86283981999998,26957,159,0.001,9.896484736523597,26729,-52.35206814816124,,
,,,,27000,,0.001,12.126094010315443,26881,-52.41288345738461,358.6873984456062,147.1
115.33,173,380,252.01286266,27543,158,0.001,11.362755759162193,27336,-52.94258343731916,,
,,,,28000,,0.001,12.204032293434352,27804,-53.84164424564528,432.4348185539246,170.1
118.42,178,384,260.16762557,28195,157,0.001,12.300468047919301,27977,-53.40020011192144,,
120.93,182,388,267.53756850999997,28899,158,0.001,12.276577444334288,28631,-54.81632514621901,,
,,,,29000,,0.001,14.108382612466812,28823,-54.4024703502655,397.52019145488737,186.8
123.66,187,392,276.14469822,29667,158,0.001,11.136921079791321,29398,-55.2618093685228,,
,,,,30000,,0.001,13.971259790148054,29766,-55.43285616961393,362.4770490169525,168.4
125.31,192,396,280.54481862,30373,157,0.001,13.947697966761844,30104,-56.04921955781825,,
125.22,195,400,283.11976864,30926,157,0.001,13.09427085428527,30723,-56.6565934383508,,
,,,,31000,,0.001,18.15479069807398,30850,-56.9725986123085,337.44901527166365,155.3
127.47,200,404,288.57516121000003,31583,157,0.001,15.315739368781065,31341,-57.47982377272386,,
,,,,32000,,0.001,17.193921921359507,31809,-57.936891751411636,359.6142551600933,178.5
129.42,205,408,293.72881835,32212,156,0.001,15.617084229129484,31983,-57.78024020140199,,
131.46,209,412,298.82999051999997,32790,156,0.001,16.71783152065779,32573,-58.0723708805285,,
,,,,33000,,0.001,14.900175656943485,32859,-58.128787464565704,335.6363776862621,135.6
133.22,213,416,304.44893752999997,33341,156,0.001,16.3010103771652,33134,-58.396257041157156,,
134.98,216,420,309.56356470000003,33900,156,0.001,14.568580838217251,33683,-58.28452826237333,,
,,,,34000,,0.001,17.657491061704377,33824,-58.47224555217044,337.27476288080214,137.0
136.67,220,424,314.33225518,34460,156,0.001,15.399720492937886,34249,-58.201682390485495,,
,,,,35000,,0.001,17.47004959863775,34799,-58.83417959774242,312.662149310112,131.5
138.17,223,428,319.28472889000005,35007,156,,,,,,
139.83,226,432,323.56896264000005,35563,156,0.001,17.275803242020935,35354,-58.46234113519842,,
,,,,36000,,0.001,18.26725582309536,35888,-58.31249925825331,308.4275801062584,141.5
141.23,231,436,326.77936385,36107,156,,,,,,
142.4,233,440,329.83118384999995,36633,156,0.001,17.62157119021696,36426,-58.484364677877984,,
,,,,37000,,0.001,19.30032517468488,36838,-58.44863134271958,298.9666898429394,129.6
143.39,237,444,331.40970705,37171,156,0.001,18.92131381109357,36966,-58.59815353155136,,
144.22,240,448,333.41880913999995,37679,156,0.001,19.04305424277238,37475,-58.57551495991056,,
,,,,38000,,0.001,20.719228078448584,37858,-58.02319590250651,316.32773783802986,134.6
145.15,243,452,335.86270426000004,38196,156,0.001,17.813100134625156,37994,-58.3682918548584,,
146.51,246,456,340.32788509000005,38711,157,0.001,18.511643719673156,38501,-57.35548553466797,,
,,,,39000,,0.001,19.502431285473726,38895,-57.45717650651932,288.4412437260151,124.6
145.43,250,460,338.9500081099999,39229,156,0.001,20.223378011422565,39024,-57.751217123178336,,
145.98,253,464,341.92669782999997,39800,156,0.001,19.081812986238734,39568,-56.75857228040695,,
,,,,40000,,0.001,20.406841846833746,39890,-56.945088627826735,394.1308483481407,144.5
146.25,258,468,343.47549851,40434,156,0.001,18.19937246085624,40203,-56.811172349112375,,
146.28,261,472,344.92618337,40962,156,0.001,21.53391308443887,40806,-57.37985002426874,,
,,,,41000,,0.001,22.661426055431367,40886,-56.38707418441773,359.1198066234589,142.9
145.03,265,476,343.0963516,41460,156,0.001,22.055639291111426,41304,-56.90416622161865,,
,,,,42000,,0.001,19.46306280336882,41780,-56.707511620772515,398.1276446580887,147.9
144.95,269,480,344.64537397999993,42038,156,,,,,,
143.39,272,484,341.56695559,42534,156,0.001,21.78546566798769,42334,-56.824535567184974,,
,,,,43000,,0.001,24.35262681456173,42848,-56.57625725690056,573.3952508985997,178.8
142.05,277,488,340.62669279,43104,155,,,,,,
141.28,281,492,342.47702221,43795,155,0.001,25.607336074910698,43582,-56.305156180199155,,
,,,,44000,,0.001,22.405048694053704,43719,-57.12268004697912,681.9621550619602,214.3
141.55,287,496,351.3036108799999,44528,155,0.001,26.100604606397223,44299,-57.08922395802507,,
,,,,45000,,0.001,19.17496485090525,44804,-56.66301135802537,711.2044837534428,221.9
144.37,293,500,365.19178741999997,45363,154,0.001,23.500992114369463,45009,-56.852644901649626,,
,,,,46000,,0.001,20.805132267322946,45829,-57.20261618431578,542.8335886955261,178.0
144.89,299,504,373.31012394,46072,153,,,,,,
145.39,303,508,379.9330506,46751,154,0.001,21.28770853774716,46471,-57.633870250046854,,
,,,,47000,,0.001,26.844689759341154,46829,-57.75632803780692,1041.9496123552321,531.0
148.01,313,512,385.69974411,47591,152,0.001,25.407354926118757,47370,-57.641132505813445,,
,,,,48000,,0.001,26.360765349631215,47865,-57.884453979193,764.0271767616272,438.9
150.6,320,516,396.26299616000006,48401,150,0.001,27.41475897605973,48063,-58.133296966552734,,
,,,,49000,,0.001,26.629996743821007,48325,-58.25907883389306,1051.2330317676067,1000.0
,,,,50000,,0.001,25.82159955406189,49325,-58.46041149139404,1027.1084001898766,1000.0
167.75,351,520,407.1757502500001,50675,144,0.001,25.990484334420465,50463,-58.801830347033516,,
,,,,51000,,0.001,25.911049766774557,50870,-59.01539611816406,138.90619805455208,109.6
166.95,355,524,401.4334615700001,51155,143,0.001,26.338989532745636,50981,-58.67597614635121,,
,,,,52000,,0.001,26.942889257649146,51813,-59.24629391926091,432.5647014439106,266.0
174.26,362,528,404.43698114,52433,144,,,,,,
,,,,53000,,0.001,29.693277164417154,52357,-59.30840856888715,1949.982007330656,896.4
,,,,54000,,0.001,32.056432440661,53495,-60.01876272671465,1041.3690345704556,1000.0
193.89,395,532,430.3278537599999,54952,138,0.001,29.463760166168214,54495,-59.47300561523438,,
,,,,55000,,0.001,31.462941893129525,54876,-59.52530496407554,405.2876341402531,232.0
197.4,403,536,438.38402234000006,55847,138,0.001,33.349946853013066,55575,-60.11152743171243,,
,,,,56000,,0.001,34.37067585126728,55912,-59.89886651912206,537.1694963854272,228.5
200.43,409,540,443.84330131,56676,138,0.001,33.13664472730536,56203,-60.445804395173724,,
,,,,57000,,0.001,36.86313083206398,56903,-60.124301633973054,1040.840425625071,356.2
204.72,418,544,454.8353430900001,57643,137,0.001,34.4261536709674,57288,-60.38652584095693,,
,,,,58000,,0.001,34.08459252524974,57567,-60.45391571264473,1194.2500540792942,380.3
206.57,425,548,463.38161098000006,58336,137,0.001,31.837853530357624,58006,-60.42509104410807,,
206.11,428,552,459.75283579,58807,137,0.001,34.613120653950574,58597,-61.087810788835796,,
,,,,59000,,0.001,36.233860385033395,58912,-61.942618339292466,21.77221813481301,37.7
203.53,430,556,450.10906841,59064,137,0.001,32.84129031499227,58948,-59.86526891920302,,
201.17,432,560,441.0569689900001,59346,137,0.001,35.489848265776764,59216,-61.504775691676784,,
198.69,434,564,434.08246778000006,59669,137,0.001,36.7215218708433,59561,-61.18984386838716,,
193.74,434,568,417.61436191,59808,137,0.001,38.738368841317985,59700,-61.57175521850586,,
189.76,435,572,404.49725361000003,59938,137,0.001,32.330806223551434,59829,-61.30244369506836,,
,,,,60000,,0.001,33.616272078620064,59916,-60.35117552015517,21.6024615380913,33.9
186.77,436,576,393.4669728500001,60137,137,0.001,40.739825901232265,60007,-61.050705909729004,,
182.25,437,580,378.8324713400001,60263,137,0.001,35.68520346809836,60156,-61.582756266874426,,
179.32,438,584,368.27415185999996,60466,137,0.001,35.161495414940084,60339,-61.51958359612359,,
175.71,439,588,354.69847239999996,60675,137,0.001,33.4167343718665,60570,-61.612586566380095,,
170.15,440,592,335.56404575,60810,138,0.001,31.151302626638703,60700,-61.17237180822036,,
163.99,441,596,313.11939393,60927,138,0.001,31.61757926940918,60827,-59.63990751902262,,
,,,,61000,,0.001,39.805710568147546,60885,-61.176965601304,35.293214949057436,43.6
157.1,442,600,287.62095226,61073,138,0.001,35.01564324696859,60963,-61.22620391845703,,
151.31,443,604,266.77679408,61203,138,0.001,34.10208428700765,61097,-61.21819839477539,,
145.94,443,608,247.45061184999997,61345,138,0.001,34.28706806461985,61233,-60.99832706451416,,
139.29,445,612,229.90980888,61520,138,0.001,35.52976451873779,61399,-61.19839080810547,,
,,,,62000,,0.001,37.520150968763566,61444,-61.537495488705844,1036.6850732326507,1000.0
,,,,63000,,0.001,34.31470267772674,62444,-60.974791381835935,1045.9796877324582,1000.0
,,,,64000,,0.001,32.35513853263855,63444,-60.849969650268555,1053.5994017958642,1000.0
,,,,65000,,0.001,31.67310209751129,64444,-60.861644912719726,1060.197240459919,1000.0
171.19,498,616,247.88038108,65520,131,,,,,,
,,,,66000,,0.001,29.925989191055297,65444,-60.55576570129394,1057.3342329978943,1000.0
,,,,67000,,0.001,28.759224863052367,66444,-60.53771315765381,1048.6636903345584,1000.0
,,,,68000,,0.001,27.592605935096742,67444,-60.39368334197998,1050.7726660847663,1000.0
,,,,69000,,0.001,27.576410296440123,68444,-60.72384218597412,1062.722840732336,1000.0
188.45,554,620,265.90410458,69520,125,,,,,,
,,,,70000,,0.001,28.04721376991272,69444,-61.30453486633301,1055.9807133436202,1000.0
,,,,71000,,0.001,26.69335432243347,70444,-61.349495376586916,1090.95533772707,1000.0
,,,,72000,,0.001,28.495432953834534,71444,-61.583427726745605,1063.5018628478051,1000.0
,,,,73000,,0.001,26.864361680984498,72444,-61.75020209503174,1135.1298401415347,1000.0
223.65,610,624,301.73726137,73520,120,,,,,,
,,,,74000,,0.001,27.446485368728638,73444,-62.130358100891115,1176.6548254847526,1000.0
225.25,631,628,302.84795801,74958,118,0.001,29.046335697174072,74728,-62.21382322149762,,
,,,,75000,,0.001,27.718109310447396,74882,-62.34564644949777,176.54072258472442,121.0
205.59,637,632,273.15086101,75511,118,0.001,28.26049592314648,75346,-61.56400604248047,,
,,,,76000,,0.001,24.322866609781094,75712,-62.079875572054995,283.19076558947563,188.9
203.87,643,636,264.69100968,76234,118,0.001,25.92885385361393,76051,-62.244061351527826,,
200.34,645,640,257.67087668,76710,118,0.001,24.857414027391854,76519,-62.40260825722905,,
,,,,77000,,0.001,26.12820121890209,76870,-62.3752522703077,261.95582711696625,127.9
194.91,649,644,243.16469079,77134,118,0.001,23.46319576672145,76926,-61.881659507751465,,
192.3,651,648,231.25581332000002,77566,119,0.001,28.12468618613023,77356,-62.074291522686295,,
188.49,652,652,223.06129548,77656,118,0.001,24.83094683147612,77559,-61.529425048828124,,
188.1,653,656,223.26770602,77874,119,0.001,31.16277801990509,77647,-62.220901807149254,,
,,,,78000,,0.001,25.072490988977698,77798,-61.87640516381515,264.1958810836077,152.8
189.54,657,660,228.73999175999998,78300,119,0.001,25.280180470696813,78118,-61.97460642727938,,
190.7,659,664,230.10237152999997,78739,119,0.001,26.24708035954258,78550,-61.82769795467979,,
,,,,79000,,0.001,29.746920779743025,78890,-61.23776265194542,322.2906804084778,138.1
194.01,663,668,239.73241879999998,79209,119,0.001,28.9302559687679,79023,-62.086268742879234,,
197.05,665,672,248.23562729999998,79643,119,0.001,24.882613206313827,79466,-61.88540423118462,,
,,,,80000,,0.001,27.55851307430783,79897,-62.23686079545455,242.6353870153427,112.8
199.47,669,676,256.0653669,80084,119,,,,,,
202.77,671,680,265.070162,80540,119,0.001,25.24747351237706,80349,-61.372167110443115,,
,,,,81000,,0.001,26.993030965820818,80822,-61.66771078891441,316.6987309575081,137.2
205.6,675,684,274.25206572999997,81026,119,,,,,,
208.1,677,688,282.55037651000004,81485,120,0.001,25.102524206178998,81282,-61.7716142134233,,
211.3,680,692,291.87353052,81940,120,0.001,25.001852151389436,81754,-61.514853159586586,,
,,,,82000,,0.001,25.659250372106378,81864,-61.79071960449219,240.4660627245903,108.5
214.64,683,696,301.05163906999996,82391,120,0.001,25.614483664521075,82207,-60.896145480019705,,
217.33,686,700,309.14012167,82806,120,0.001,28.82624761581421,82630,-60.17911483764649,,
,,,,83000,,0.001,33.67579695121529,82827,-60.69883243242899,219.39952045679092,98.5
220.12,689,704,317.19963284999994,83215,120,0.001,24.30088374489232,83041,-60.73353978207237,,
222.74,691,708,325.23476450000004,83619,120,0.001,23.17130808396773,83441,-60.92883869093291,,
,,,,84000,,0.001,27.60728874206543,83852,-60.37505952367243,230.34274485111237,102.0
225.12,694,712,333.2809981000001,84032,120,,,,,,
189.14,696,716,300.2380411,84434,121,0.001,24.551375870565767,84257,-59.77204124600279,,
153.02,699,720,266.64632846,84822,121,0.001,26.65155792236328,84650,-59.9575006134656,,
,,,,85000,,0.001,24.901084607961227,84844,-59.742585240578165,203.63228462934495,92.8
116.86,702,724,231.69654368,85206,121,0.001,24.949133122220953,85032,-59.625785178326545,,
106.7,704,728,223.38753069000003,85628,121,0.001,25.70384174234727,85455,-60.04503609152401,,
,,,,86000,,0.001,21.768425923641598,85757,-59.1516399743422,538.4611642837524,403.2
108.37,711,732,227.12548681999996,86348,121,0.001,22.711331255020028,86164,-58.87765598297119,,
105.71,714,736,226.18050257000002,86805,121,0.001,24.583173056780282,86599,-58.883798243635795,,
,,,,87000,,0.001,26.060917446755955,86846,-59.286679090079616,270.3876121163368,112.7
105.67,717,740,226.99388924999997,87277,121,0.001,23.913813153538136,87064,-58.72617083462802,,
106.84,720,744,232.12450163999998,87818,121,0.001,22.094100067580957,87601,-57.97512430384539,,
,,,,88000,,0.001,23.091544885483998,87868,-58.44734706575908,257.91126735806466,108.9
107.89,724,748,237.14227234999996,88355,121,0.001,23.68082721566045,88160,-58.022950859956964,,
111.54,727,752,247.67668630999998,88810,122,0.001,24.94559646071049,88616,-57.65627322280616,,
,,,,89000,,0.001,27.756777191162108,88839,-57.7624695117657,280.74207537174226,116.8
113.99,730,756,255.67112884,89273,122,0.001,22.16061616151229,89072,-57.446185013343545,,
115.39,733,760,261.39272741,89839,122,0.001,25.61563940251127,89620,-57.383811950683594,,
,,,,90000,,0.001,23.610768680331073,89921,-57.00070538098299,328.1613189220428,127.7
116.52,737,764,265.92300954,90391,122,0.001,25.89913305124842,90174,-57.22404622319919,,
,,,,91000,,0.001,23.88298911236702,90730,-56.86952096643582,872.1846315979958,345.9
120.0,743,768,275.9051112099999,91209,122,,,,,,
122.19,748,772,281.11386449,91862,122,0.001,25.584124902199054,91658,-56.92572271412816,,
,,,,92000,,0.001,24.599481612443924,91786,-56.43507242202759,493.45492349863054,207.6
,,,,93000,,0.001,26.767354354951213,92540,-56.536632056375154,1703.210422062874,634.3
135.32,762,776,315.16501845,93616,122,,,,,,
,,,,94000,,0.001,26.976770032246908,93892,-56.54273474843878,782.082034444809,268.8
140.23,772,780,332.33118912,94563,122,0.001,25.926922772381758,94188,-56.399457622218776,,
,,,,95000,,0.001,25.219418841460875,94487,-56.42449835962897,1048.466227710247,447.5
,,,,96000,,0.001,25.728823606916468,95910,-56.22417875017439,228.10326541662215,131.4
150.93,786,784,356.0964041900001,96119,122,,,,,,
,,,,97000,,0.001,26.013206490154925,96708,-55.77100069769497,1558.5175479114055,818.0
162.99,798,788,379.08829892,97784,122,,,,,,
,,,,98000,,0.001,24.8005306490006,97832,-56.35767063017814,270.34134231209754,144.0
165.31,807,792,382.57888799,98471,122,0.001,23.92834692496758,98129,-55.925700348693056,,
,,,,99000,,0.001,23.457288685513316,98766,-56.31768452223911,958.2159327983857,358.1
,,,,100000,,0.001,24.37913586180887,99565,-56.220005922978466,1278.0715436041355,831.3
182.5,825,796,421.05528456,100641,121,,,,,,
,,,,101000,,0.001,23.410362223504293,100842,-56.58011675552583,362.48370920419694,166.8
183.91,834,800,422.3689422500001,101197,121,0.001,24.614252350547098,100985,-56.29756245142977,,
,,,,102000,,0.001,22.86306528162073,101390,-56.42576862783993,1750.4975498914719,824.1
193.75,847,804,441.80056612,102590,120,0.001,23.951261386366337,102372,-56.512302623989626,,
,,,,103000,,0.001,22.790206063877452,102915,-56.59599552732526,456.61118606328967,207.8
195.05,852,808,442.25382571999995,103124,120,,,,,,
,,,,104000,,0.001,24.59315256582047,103775,-56.39136757766991,785.5442903280258,304.8
202.95,860,812,463.51638346,104327,121,,,,,,
,,,,105000,,0.001,22.462764231096795,104251,-56.57310333572516,1607.9107064902782,570.7
,,,,106000,,0.001,20.376302124797434,105389,-57.14099778990815,1553.516695922613,561.1
218.9,881,816,509.5381022999999,106324,120,0.001,22.328728800684708,106172,-56.97830262476084,,
220.39,884,820,511.70143368000004,106861,120,0.001,24.011938916505688,106646,-57.02227374090665,,
,,,,107000,,0.001,23.453454154858488,106785,-56.85409291585287,265.33100734949113,136.7
,,,,108000,,0.001,20.39468147414071,106925,-57.281471960885185,335.6475295126438,167.0
235.28,894,824,548.93410025,108734,121,0.001,23.771192591174756,108078,-56.94342130190366,,
,,,,109000,,0.001,21.323999521650116,108658,-57.391352015528184,1618.639092093706,555.6
,,,,110000,,0.001,22.547370449265934,109827,-57.77551368713379,277.96532594561575,138.6
244.14,908,828,576.22728315,110042,121,,,,,,
,,,,111000,,0.001,22.769694590914078,110383,-57.67143713909647,1118.9070626020432,375.8
247.94,915,832,592.39041007,111142,121,,,,,,
,,,,112000,,0.001,22.815146525700886,111618,-57.860520680745445,949.1320153534413,339.7
260.82,928,836,633.3219878599999,112887,121,0.001,21.75373811067657,112326,-58.22029322342907,,
,,,,113000,,0.001,23.002917777385907,112811,-58.14375458078936,1291.9526889562608,468.8
,,,,114000,,0.001,21.050283539137652,113725,-58.44770475211123,400.3147833764553,175.7
271.46,943,840,664.4259326900001,114423,121,0.001,24.721752672359862,114189,-58.629187764792604,,
,,,,115000,,0.001,23.953355583963514,114861,-59.07756583298309,1154.336563771963,398.7
278.49,952,844,685.4023088600001,115667,121,0.001,22.230265994404636,115205,-58.4225795435351,,
,,,,116000,,0.001,22.13501126817662,115869,-59.098127503325976,268.37735639810563,135.8
278.67,957,848,683.1110627899999,116222,121,0.001,24.41294725097879,116006,-59.036328633626304,,
,,,,117000,,0.001,20.634256849897668,116427,-57.92419864109584,1077.9339251160623,487.7
283.62,966,852,693.69172436,117172,121,0.001,24.303674101153483,116956,-58.51161153541421,,
284.52,969,856,693.3141577499998,117725,121,0.001,24.80787529019143,117510,-58.823052760532924,,
,,,,118000,,0.001,21.5208236998406,117787,-59.06501504649287,350.16781026721003,160.0
284.37,974,860,689.8053754999997,118276,121,0.001,25.96476783891664,118062,-58.84383375748344,,
,,,,119000,,0.001,20.987673833860573,118613,-58.590308707101,1042.1990990281106,378.8
286.67,980,864,693.9643497799999,119058,121,,,,,,
,,,,120000,,0.001,22.781798700968423,119828,-58.49089563653824,777.5179022550583,280.5
292.5,991,868,713.39363386,120459,121,0.001,21.743444921259293,120113,-58.55522126211247,,
,,,,121000,,0.001,22.166097091354487,120914,-58.55290877364064,1140.3441504597663,393.2
,,,,122000,,0.001,22.565760659134906,121282,-58.175414520761244,2232.3243894100187,775.0
304.96,1007,872,752.7012421799998,122358,121,,,,,,
,,,,123000,,0.001,22.570376044269857,122553,-58.86347613864475,1254.3157044529914,442.6
303.69,1022,876,756.8624873100001,123985,121,0.001,22.994436766230223,123571,-58.9786492442757,,
,,,,124000,,0.001,22.6104637659513,123909,-58.716582935942704,668.797479057312,251.4
303.88,1031,880,756.1536038100002,124951,121,0.001,22.424841961962112,124835,-58.94638715988087,,
,,,,125000,,0.001,19.548378081548783,124917,-58.53520729428246,24.19528607641114,41.6
289.91,1032,884,722.4453023699998,125110,121,0.001,23.71387628408579,124996,-58.860852813720705,,
274.1,1033,888,689.07983656,125194,121,0.001,32.55293855212984,125097,-58.643811798095705,,
268.04,1033,892,675.2442678400001,125275,121,0.001,21.873075485229492,125179,-57.98954734802246,,
247.17,1033,896,626.5924438900001,125358,121,0.001,23.005382901146298,125262,-59.15518569946289,,
242.41,1034,900,616.0396043100001,125438,121,0.001,24.642443943023682,125342,-58.83075523376465,,
229.27,1034,904,587.52444619,125517,121,0.001,26.831523493716592,125422,-58.597157669067386,,
224.69,1035,908,578.04809208,125593,121,0.001,19.335471604999743,125498,-57.83238983154297,,
213.42,1035,912,547.5021852699999,125669,121,0.001,18.962166535226924,125574,-59.26496696472168,,
194.22,1035,916,492.49673977000003,125746,121,0.001,18.55757653085809,125650,-58.98685989379883,,
190.07,1036,920,482.05246461999997,125868,121,0.001,22.296175732332117,125766,-58.67724741422213,,
172.34,1037,924,436.45658685,125968,121,0.001,27.964813444349502,125869,-58.362661801851715,,
,,,,126000,,0.001,25.471554673236348,125915,-59.474654804576524,1.94009112957865,22.8
160.16,1037,928,399.75900490999993,126058,121,0.001,20.85400270379108,125960,-59.71319071451823,,
149.97,1038,932,371.18313646999997,126139,121,0.001,20.229377794265748,126044,-57.68567008972168,,
133.31,1038,936,319.41888756000003,126218,121,0.001,19.95191879272461,126122,-59.00645904541015,,
118.81,1038,940,276.94420081,126304,121,0.001,22.398036176508125,126206,-58.521146600896664,,
107.24,1039,944,242.23483624999997,126391,121,0.001,18.698652137409557,126294,-58.211517333984375,,
102.52,1039,948,230.99701822,126474,121,0.001,19.92781465703791,126378,-58.93022606589577,,
93.86,1040,952,209.48354648,126558,121,0.001,21.2968391938643,126460,-58.95444939353249,,
89.23,1040,956,198.7656868,126648,121,0.001,26.232926845550537,126548,-58.71503795276988,,
84.72,1041,960,187.79936553,126748,121,0.001,20.303109436035157,126645,-58.80920155843099,,
78.06,1041,964,169.71221609,126864,121,0.001,20.86389712629647,126758,-60.91284332275391,,
65.27,1042,968,130.09741657000004,126986,121,0.001,24.886070092519123,126874,-59.247718048095706,,
,,,,127000,,0.001,26.49968632062276,126910,-59.510836919148765,12.642275013774633,39.8
47.93,1043,972,76.82878688,127151,121,0.001,20.71101997994088,127026,-58.760136453728926,,
32.96,1044,976,29.36160351,127281,121,0.001,20.121082305908203,127175,-59.268751271565755,,
24.46,1045,980,3.13496622,127397,121,0.001,25.564017427378687,127294,-59.354591623942056,,
23.82,1045,984,2.32985579,127492,121,0.001,18.423719032951023,127393,-59.30613084272905,,
23.95,1046,988,2.4178487599999996,127589,121,0.001,20.1909503142039,127488,-59.432786305745445,,
24.14,1047,992,2.56815254,127689,121,0.001,22.521701583862306,127588,-59.85771766075721,,
24.36,1047,996,2.7252333099999997,127794,121,0.001,18.69154145167424,127691,-58.707146864670975,,
24.6,1048,1000,2.898968,127898,121,0.001,19.11226309262789,127797,-58.85886852557842,,
,,,,128000,,0.001,18.549005261173956,127911,-60.222685006948616,5.456229973316658,29.8
24.99,1049,1004,3.1464393100000008,128016,122,,,,,,
25.36,1049,1008,3.34178174,128129,122,0.001,20.540356767588648,128026,-59.696380615234375,,
25.75,1050,1012,3.5723541500000007,128244,122,0.001,20.772957461220876,128133,-59.35357747759138,,
26.33,1051,1016,3.97464409,128379,122,0.001,20.49286601122688,128271,-60.01949669333065,,
26.48,1051,1020,4.0292148800000005,128516,122,0.001,21.452667797313016,128407,-59.41686001945944,,
26.86,1052,1024,4.330545989999999,128654,122,0.001,22.41542405793161,128542,-59.850318908691406,,
27.26,1053,1028,4.5920586000000005,128784,122,0.001,23.919145345687866,128676,-59.51751494407654,,
27.74,1054,1032,4.85207311,128913,122,0.001,20.5853564898173,128802,-60.20452092488607,,
,,,,129000,,0.001,21.229381942749022,128899,-60.56196111043294,4.074027767311781,27.0
28.11,1055,1036,5.05336297,129029,122,0.001,25.491793420579697,128926,-60.08725002833775,,
28.54,1055,1040,5.313397609999999,129158,122,0.001,21.781630856650217,129045,-60.5102846963065,,
29.04,1056,1044,5.63024226,129295,122,0.001,23.55739133017404,129184,-60.548652436998154,,
,,,,130000,,0.001,21.96998119354248,129354,-61.11246857819734,986.1234895288944,1000.0
39.56,1067,1048,16.02031629,130430,122,,,,,,
,,,,131000,,0.001,24.55958468437195,130354,-60.20164532470703,1012.0863753676415,743.6
,,,,132000,,0.001,25.0294723958214,131695,-61.33942797043744,1499.7456491291523,514.2
,,,,133000,,0.001,26.370628578771505,132112,-61.30658541227642,1691.4745950602926,604.2
66.3,1098,1052,75.67852933,133188,121,,,,,,
66.33,1103,1056,76.07752157,133281,120,0.001,27.128882473912732,133187,-62.7233031136649,,
66.14,1104,1060,76.30479856000001,133362,120,0.001,26.543259452371036,133271,-62.53714084625244,,
65.89,1104,1064,76.57187334999999,133453,120,0.001,21.712737514126687,133347,-63.3018793741862,,
65.98,1105,1068,77.17609626000001,133584,120,0.001,25.545067703022678,133475,-60.508550082936004,,
65.51,1106,1072,77.30031426000001,133702,120,0.001,25.796931873668324,133593,-62.81603145599365,,
65.04,1106,1076,77.30318070999999,133785,120,0.001,23.59491882324219,133694,-61.01669883728027,,
64.49,1106,1080,77.23951353000001,133846,120,0.001,33.596381505330406,133754,-60.53549575805664,,
64.19,1107,1084,77.27338374000001,133911,120,0.001,35.006281554698944,133818,-61.18298101425171,,
63.83,1107,1088,77.29133274,133972,120,0.001,27.38789333615984,133880,-63.425982339041575,,
,,,,134000,,0.001,21.38225656747818,133912,-62.096405029296875,2.6943218730390073,15.7
63.45,1108,1092,77.28167272,134034,120,0.001,23.83179257710775,133942,-61.80638885498047,,
63.02,1108,1096,77.2625217,134096,120,0.001,23.686244773864747,134004,-62.21981382369995,,
62.77,1108,1100,77.23324615,134175,121,0.001,25.128905729814008,134075,-62.72268988869407,,
62.58,1109,1104,77.14857035,134274,121,0.001,22.03069327427791,134173,-63.41692880483774,,
62.5,1110,1108,77.13159741,134379,121,0.001,25.250047577752007,134276,-63.76919746398926,,
62.44,1110,1112,77.10278742,134488,121,0.001,30.804953751740634,134385,-63.09499065692608,,
62.15,1111,1116,76.89666734999999,134594,121,0.001,26.104074937325937,134491,-62.73239106398363,,
61.91,1111,1120,76.73659662,134707,121,0.001,36.26520100955305,134601,-63.0157037462507,,
61.65,1112,1124,76.50849824,134819,121,0.001,28.294838552121764,134715,-64.72861686119667,,
61.45,1113,1128,76.37994727,134929,121,0.001,25.35434320994786,134826,-63.92797524588449,,
,,,,135000,,0.001,27.23703956604004,134907,-64.84506280081612,4.547021118341945,19.1
61.08,1113,1132,76.28282743000001,135021,121,0.001,25.347543114110042,134926,-64.63830909729003,,
60.74,1114,1136,76.25437367999999,135103,121,0.001,24.423165722897178,135002,-65.12895736694335,,
60.39,1114,1140,76.12415018,135197,121,0.001,30.608528744090687,135102,-65.0025072964755,,
59.85,1115,1144,75.92239228,135280,121,0.001,28.29599952697754,135184,-65.25391214544123,,
49.3,1115,1148,65.71058357,135360,121,0.001,35.309947057203814,135265,-65.09504491632634,,
22.53,1116,1152,6.24209699,135441,121,0.001,28.553932687510613,135345,-65.07480690696023,,
22.39,1116,1156,5.986782389999999,135520,121,0.001,24.44861259460449,135424,-64.53105545043945,,
22.48,1117,1160,5.87753783,135610,121,0.001,29.343280715942385,135511,-66.28954188028972,,
22.81,1118,1164,5.69441057,135734,121,0.001,26.04741682725794,135623,-66.00526450662052,,
22.6,1118,1168,5.065250750000001,135844,121,0.001,23.803255081176758,135740,-65.00329120342548,,
22.27,1119,1172,4.6204579599999995,135929,121,0.001,27.055739879608154,135833,-65.55221824645996,,
,,,,136000,,0.001,27.90992546081543,135911,-66.33091888427734,4.7307173401350155,20.4
22.22,1119,1176,4.503801360000001,136007,121,,,,,,
22.49,1120,1180,4.523843729999999,136095,121,0.001,29.276915550231934,135996,-66.35863670935997,,
22.9,1120,1184,4.55304634,136201,121,0.001,37.78918202718099,136095,-65.78655683077298,,
23.53,1121,1188,4.68074045,136325,121,0.001,28.485008748372397,136216,-66.57894134521484,,
24.73,1122,1192,5.152002230000001,136507,121,0.001,22.97581459581852,136391,-66.55083441734314,,
26.04,1123,1196,5.74821872,136700,121,0.001,24.843339966564642,136581,-66.57997264862061,,
28.08,1125,1200,7.28241537,136983,121,0.001,31.40463676906767,136825,-67.02106194269089,,
,,,,137000,,0.001,34.7937138487653,136907,-66.46518344413943,804.1295349895954,824.8
,,,,138000,,0.001,26.64270187664032,137907,-65.60534192657471,1030.9245348751544,1000.0
,,,,139000,,0.001,24.897807218551637,138907,-65.12863375854492,1015.5315938293934,1000.0
,,,,140000,,0.001,26.602431108474732,139907,-64.78392506408692,1014.5565945863724,1000.0
67.09,1176,1204,47.59067362,140983,119,,,,,,
,,,,141000,,0.001,26.671252599716187,140907,-64.29866269683838,1017.9488112390042,1000.0
,,,,142000,,0.001,26.597052964210512,141907,-63.88697705078125,1019.6320054531097,1000.0
,,,,143000,,0.001,25.772289105415343,142907,-63.28931310272217,1020.7315812766552,1000.0
,,,,144000,,0.001,26.471964084625245,143907,-62.70608235168457,1024.8627733707428,1000.0
106.04,1232,1208,88.26332667999999,144983,117,,,,,,
,,,,145000,,0.001,25.000492126464845,144907,-62.14058618927002,1022.5876853048801,1000.0
,,,,146000,,0.001,22.78192409801483,145907,-61.484290565490724,1057.6051210224628,864.7
,,,,147000,,0.001,22.519370525360106,146907,-60.91140167999268,1012.9770663142205,1000.0
,,,,148000,,0.001,23.74520645523071,147907,-60.44317444610596,1012.4948629260064,1000.0
144.95,1285,1212,129.03731542000003,148983,115,,,,,,
,,,,149000,,0.001,23.653991419792174,148907,-59.632285285949706,1009.1301796853543,1000.0
,,,,150000,,0.001,22.43375905418396,149907,-59.37776579284668,996.6368535101413,1000.0
,,,,151000,,0.001,20.863506741523743,150907,-59.185902313232425,994.250465542078,1000.0
,,,,152000,,0.001,20.08900067472458,151907,-58.73928125762939,1010.5985429286957,1000.0
183.89,1340,1216,168.97242143000003,152983,114,,,,,,
,,,,153000,,0.001,20.340433037757872,152907,-58.35635547637939,1005.2848024964333,1000.0
,,,,154000,,0.001,19.686454907417296,153907,-58.14250553131104,1995.3489700138568,718.0
,,,,155000,,0.001,20.72066569709778,154907,-57.89448854064941,1996.7464300513268,651.3
,,,,156000,,0.001,20.871053085547015,155601,-57.636869600939136,2365.00733011961,930.3
217.48,1387,1220,248.08107577,156455,112,,,,,,
,,,,157000,,0.001,20.301871108401354,156906,-57.48323219445101,1024.849954253435,353.4
227.77,1399,1224,279.80330462000006,157596,112,0.001,19.58258425612056,157257,-57.30478186471122,,
,,,,158000,,0.001,21.75758165017718,157866,-57.23719908874159,2056.162046957016,694.6
,,,,159000,,0.001,18.427719125082326,158631,-57.04368850353152,998.3166517078877,1000.0
247.78,1421,1228,322.78598677,159707,112,,,,,,
,,,,160000,,0.001,18.23469543279107,159899,-56.58576916936618,1154.0082426667213,396.2
257.16,1434,1232,350.87029259999986,160737,112,0.001,18.597775982485878,160386,-56.465576277838814,,
,,,,161000,,0.001,18.136165428161622,160661,-56.6010901458072,821.7717715024949,278.2
,,,,162000,,0.001,19.64508680343628,161501,-56.59191976373846,1448.0272768974305,457.8
274.38,1450,1236,407.04584305,162541,112,0.001,18.885367847454066,162168,-56.539446916408885,,
,,,,163000,,0.001,17.3241831878964,162743,-56.705165780705514,1078.774609863758,361.7
,,,,164000,,0.001,18.617884892943902,163600,-56.8890158815204,1182.53987544775,385.5
288.39,1464,1240,452.00313469,164036,111,,,,,,
,,,,165000,,0.001,18.430575308671855,164786,-57.142854210074624,784.0891834974288,265.9
298.42,1473,1244,484.11940167999995,165122,112,,,,,,
,,,,166000,,0.001,17.71076583268115,165886,-57.03580041257491,801.9391915202141,267.6
308.6,1481,1248,516.15285584,166220,112,,,,,,
,,,,167000,,0.001,17.65494064582411,166144,-57.1315891650296,2779.265718770027,985.9
,,,,168000,,0.001,17.33000690066172,167797,-57.86446519954476,1462.975811135769,494.6
329.21,1505,1252,577.6468805200001,168362,111,,,,,,
,,,,169000,,0.001,19.586807019871436,168286,-57.768898913325096,2273.137344253063,812.0
,,,,170000,,0.001,18.476931721273093,169560,-57.606168612085206,706.567064678669,233.5
344.99,1523,1256,626.0531909599999,170019,111,,,,,,
,,,,171000,,0.001,18.97463372349739,170558,-58.01311578069414,763.5451659202575,251.2
360.21,1535,1260,675.0297492,171631,111,0.001,18.220770156103388,171324,-58.44908702840382,,
,,,,172000,,0.001,17.633787014783717,171555,-58.4205636397652,2101.713071846962,807.5
,,,,173000,,0.001,18.6853663335081,172799,-58.636605747410506,1810.854062151909,561.8
382.21,1558,1264,743.1761277700002,173955,111,0.001,19.134474190044276,173546,-59.19233273184873,,
,,,,174000,,0.001,18.4213960192225,173879,-59.44588465862964,1625.6354139447212,528.0
,,,,175000,,0.001,17.92244062909655,174891,-59.8407075238076,1934.2314707636833,639.2
397.0,1576,1268,791.9125613900001,175544,111,,,,,,
,,,,176000,,0.001,18.57154409402807,175799,-60.11641845703125,1622.6188873052597,535.7
,,,,177000,,0.001,20.110092299955863,176764,-60.70065196355184,844.171834051609,280.7
411.91,1593,1272,839.2653593000002,177120,111,,,,,,
,,,,178000,,0.001,19.331651624776974,177913,-61.30813053496207,1012.7490089535713,347.4
425.15,1604,1276,881.27137598,178522,111,0.001,17.7772077645511,178182,-61.15355326334635,,
,,,,179000,,0.001,18.92254285783653,178778,-61.29476053168975,883.7965584754944,303.3
,,,,180000,,0.001,19.25521172538775,179476,-61.450663318372754,1055.9555080413818,391.8
442.41,1617,1280,932.7197517400001,180336,111,,,,,,
,,,,181000,,0.001,19.676256908535283,180614,-61.67203517418123,1090.6286778450012,379.8
,,,,182000,,0.001,19.273400673613743,181860,-62.13189012515619,727.8961325764656,262.8
459.98,1635,1284,985.09989573,182199,111,,,,,,
,,,,183000,,0.001,21.27294967373212,182603,-62.53827716509501,2645.8038250923155,1000.0
,,,,184000,,0.001,19.42283080339432,183603,-62.72451849365235,1407.8632333159446,475.0
,,,,185000,,0.001,21.536246440702442,184036,-62.93858650312995,1731.1793619930745,600.9
487.87,1665,1288,1064.6366534,185112,111,,,,,,
486.85,1670,1292,1065.38150231,185192,110,0.001,25.246011781692506,185096,-66.74599494934083,,
,,,,186000,,0.001,21.268394275303304,185810,-64.87097708152159,1839.694556593895,619.3
493.03,1680,1296,1086.6438958600002,186003,110,,,,,,
,,,,187000,,0.001,21.097167410448634,186904,-64.23169037212026,879.8599474012851,297.9
502.07,1688,1300,1120.62033092,187190,110,,,,,,
,,,,188000,,0.001,20.953771490505364,187784,-63.27807017097696,1443.946344357729,538.7
474.67,1699,1304,1115.50640769,188450,110,0.001,20.424823783091362,188086,-63.01761473093601,,
437.37,1701,1308,1080.81171214,188720,110,0.001,22.01965398788452,188624,-63.68265037536621,,
,,,,189000,,0.001,19.3514168889899,188663,-62.78113047281901,34.903228694200514,20.1
409.0,1707,1312,1073.7406141400002,189883,111,0.001,19.77882436803869,189550,-62.79808918879582,,
,,,,190000,,0.001,21.243385107136884,189807,-62.97378596663475,746.6955243051052,266.9
377.47,1714,1316,1056.81172694,190730,111,0.001,18.9006569714836,190527,-63.61500612894694,,
,,,,191000,,0.001,21.342853966043958,190788,-63.99705824211462,553.949025374651,203.4
350.31,1719,1320,997.6154812500001,191486,111,0.001,18.986919949020166,191064,-63.805606233900875,,
,,,,192000,,0.001,19.95301215758209,191867,-63.50439513357062,2217.898662644625,781.6
,,,,193000,,0.001,22.550611817787704,192110,-63.39377106213179,2403.0636880755424,839.1
357.32,1744,1324,1016.8181257900001,193328,110,0.001,21.568670399665834,193110,-63.944955078125,,
,,,,194000,,0.001,20.481673919492298,193749,-64.17485115263197,842.9766811490059,332.3
345.88,1750,1328,997.8487209300001,194295,110,,,,,,
,,,,195000,,0.001,20.79124717913411,194646,-64.01813476776408,1397.034351760149,533.2
347.58,1763,1332,1001.24421071,195495,110,0.001,18.563012494415535,195299,-63.94896666730037,,
334.57,1766,1336,957.4282960300001,195998,110,0.001,21.366227342236428,195801,-64.78962596770256,,
,,,,196000,,0.001,20.009748454921503,195922,-63.50816732938172,314.23577603697777,125.8
324.84,1770,1340,925.2469651100001,196520,111,0.001,18.849145459764788,196308,-64.6794604099158,,
,,,,197000,,0.001,19.668438774697922,196839,-63.15839060615091,396.80603739619255,156.2
319.5,1774,1344,906.63669148,197072,111,,,,,,
314.9,1778,1348,890.5115467700001,197710,111,0.001,19.50185536254536,197500,-64.33979716445461,,
,,,,198000,,0.001,22.981545050938923,197766,-65.0534461628307,381.064295899868,149.2
299.12,1782,1352,842.90818828,198274,111,0.001,20.38387106542718,198071,-64.69228096530863,,
287.54,1785,1356,806.20959655,198773,111,0.001,22.01056794290957,198578,-64.56401535560344,,
,,,,199000,,0.001,19.033586600247553,198833,-64.115294119891,271.0671285331249,116.8
276.31,1789,1360,768.5483821099999,199262,111,0.001,19.497779264288432,199066,-64.6531827247749,,
257.66,1791,1364,710.8394646100002,199721,111,0.001,21.46276324019473,199526,-64.72943354461152,,
,,,,200000,,0.001,20.570771737532183,199890,-65.36192044344816,280.0330847799778,118.3
