time/episodes,rollout/ep_rew_mean,rollout/ep_len_mean,time/total_timesteps,time/time_elapsed,time/fps,train/critic_loss,train/actor_loss,train/learning_rate,train/n_updates,eval/mean_reward,eval/mean_ep_length
4,4.299454,27.75,111,0,2410,,,,,,
8,44.95606325,110.5,884,2,307,0.026100032962858677,-1.094648338854313,0.001,586,,
,,,1000,,,0.02505320826338397,-1.3357241398521833,0.001,811,75.18906491061207,188.0
12,69.57725058333334,151.16666666666666,1814,8,205,0.07518803855357525,-2.176786776099886,0.001,1574,,
,,,2000,,,0.09228621529203332,-2.2586706460240378,0.001,1741,76.29640962062695,189.2
16,73.7711105625,163.4375,2615,13,193,0.118741000124084,-2.748672524636442,0.001,2344,,
,,,3000,,,0.31831088712346467,-3.8763811199377614,0.001,2824,143.94495940604247,157.8
20,105.89828915000001,169.75,3395,18,187,0.46576802694194375,-4.90003714674995,0.001,3145,,
,,,4000,,,0.5110601197928191,-6.80413601398468,0.001,3817,286.6814947485924,166.2
24,135.72289070833332,168.75,4050,22,180,,,,,,
28,155.68977410714288,166.85714285714286,4672,25,184,0.3894058792320497,-8.816646093275489,0.001,4450,,
,,,5000,,,0.31101883162151683,-10.068796305222945,0.001,4910,258.8431579647586,251.0
32,162.39297040625002,167.15625,5349,29,179,0.5464329207248061,-10.542443037033081,0.001,5047,,
,,,6000,,,0.38391266913896194,-12.487039544609155,0.001,5817,293.6452505111694,174.2
36,177.65564336111115,168.5,6066,34,174,,,,,,
40,179.90750285,165.7,6628,37,175,0.41496649120940643,-14.499154835531156,0.001,6463,,
,,,7000,,,0.5150244565571056,-14.630002986683564,0.001,6875,147.7932394867399,214.8
44,168.34921961363636,166.61363636363637,7331,41,175,0.4476535897977246,-15.009503738552917,0.001,7078,,
48,154.17816614583333,165.41666666666666,7940,45,176,0.5842448810913733,-15.726851667676653,0.001,7750,,
,,,8000,,,0.7601840338136396,-16.074059321962554,0.001,7867,-43.85211391922785,75.2
52,137.89727246153848,158.76923076923077,8256,47,175,0.8895305210954687,-15.927449139681729,0.001,8117,,
56,127.09120928571429,153.67857142857142,8606,48,176,0.7928751126882878,-15.764674734562002,0.001,8435,,
,,,9000,,,0.8925840544613289,-15.933495563619276,0.001,8921,199.8781243811449,311.8
60,127.18997625,157.95,9477,55,170,1.1526789179126036,-16.291274362397424,0.001,9333,,
64,124.526391359375,153.515625,9825,57,171,1.4802867818360377,-17.390718868800572,0.001,9645,,
,,,10000,,,2.244713205997258,-18.27163969145881,0.001,9923,53.807953278906645,116.5
68,122.94590622058823,150.47058823529412,10232,60,169,2.838009338679276,-18.11055025458336,0.001,10050,,
72,131.24216630555554,151.34722222222223,10897,63,172,2.5359720098666654,-19.401332072722607,0.001,10628,,
,,,11000,,,2.6520742609792824,-19.815761021205358,0.001,10824,278.56043673157694,171.5
76,139.8365215921053,152.75,11609,67,172,2.840168465624799,-21.268907106839695,0.001,11340,,
,,,12000,,,2.569333260258039,-22.40862228756859,0.001,11893,318.3312532544136,198.0
80,148.19831168749997,154.3875,12351,71,172,2.8297712997748303,-23.141659828332756,0.001,12101,,
84,151.88924110714282,152.5595238095238,12815,73,173,2.937743850549062,-24.630656475490994,0.001,12612,,
,,,13000,,,3.1561026605183646,-25.22020388938285,0.001,12891,226.05335563719274,112.8
88,157.30380479545454,152.32954545454547,13405,77,173,3.147522612793805,-26.338695735147553,0.001,13190,,
,,,14000,,,3.0595262197026036,-27.82504751298811,0.001,13908,305.3653821229935,181.1
92,164.37044976086958,154.20652173913044,14187,82,172,,,,,,
96,168.90133939583333,154.07291666666666,14791,85,173,3.064422716917815,-29.5222425180323,0.001,14566,,
,,,15000,,,3.063571066041536,-29.995519638061523,0.001,14876,278.73822471499443,158.9
100,173.04737374,153.9,15390,88,173,2.851598985291816,-31.098109374175202,0.001,15160,,
,,,16000,,,3.0731347546185535,-32.48048343397166,0.001,15733,308.2664446702227,187.6
104,183.92401182,158.99,16010,92,173,,,,,,
108,192.65340403999994,158.23,16707,94,176,3.6830612458522967,-33.84067587852478,0.001,16464,,
,,,17000,,,3.418903153712355,-34.72556077866327,0.001,16761,295.5235914811492,171.8
112,199.90611639,155.68,17382,98,176,3.323810552781628,-35.2780839498941,0.001,17105,,
,,,18000,,,3.8528794920911977,-36.75664078955557,0.001,17822,302.573545948416,187.4
116,208.49121260000004,154.51,18066,102,176,,,,,,
120,211.80895522999998,153.95,18790,105,178,3.4092310165486683,-38.34455224944324,0.001,18555,,
,,,19000,,,3.445340480915336,-39.07816163883653,0.001,18889,358.75754764676094,211.4
124,213.01766363000002,154.55,19505,110,177,3.4754216558691384,-39.810578056003735,0.001,19237,,
,,,20000,,,3.7630949312640776,-40.620179015320616,0.001,19745,290.99609544891865,156.5
128,214.30853279000002,155.3,20202,114,176,4.228019132259044,-40.926857035210794,0.001,19933,,
,,,21000,,,4.5938060937729555,-42.362707706919885,0.001,20714,368.88885400891303,206.5
132,220.70641302000004,157.08,21057,120,175,,,,,,
136,224.47583928,158.57,21923,123,177,4.439709807627768,-44.32423557705349,0.001,21611,,
,,,22000,,,4.249676131304338,-44.799641354878744,0.001,21850,381.33901795595887,210.8
140,230.66115677000002,160.48,22676,128,175,3.7674073264085126,-45.55306311713325,0.001,22433,,
,,,23000,,,4.00571286353198,-46.71223168806596,0.001,22823,407.7138607312925,233.3
144,243.36992094999994,161.62,23493,134,174,3.7898132660809685,-47.02487788480871,0.001,23223,,
,,,24000,,,4.069407441616058,-48.02281842549642,0.001,23868,386.34722579731607,218.4
148,257.79870568999996,163.73,24313,139,174,3.9170350099795432,-48.34218894110786,0.001,24049,,
,,,25000,,,4.072905405651439,-48.53567527158417,0.001,24743,367.6738265865482,222.9
152,276.5523195,170.06,25262,144,175,3.9091060109075473,-49.13396744979055,0.001,24970,,
,,,26000,,,4.113888789529669,-49.85386552723176,0.001,25721,383.24743834659455,221.0
156,288.49491808999994,174.07,26013,149,173,,,,,,
160,296.06593709,174.64,26941,154,174,4.561855774258943,-50.544761424501914,0.001,26651,,
,,,27000,,,4.490224908573836,-50.9335136063602,0.001,26868,356.58984592780473,207.6
164,309.13258672,180.51,27876,160,174,4.299668287897443,-51.16395886294492,0.001,27600,,
,,,28000,,,4.1174348363735405,-51.859108915423406,0.001,27803,378.48185806795954,207.3
168,321.03752462,185.19,28751,165,173,4.259203822645422,-52.46331174657979,0.001,28507,,
,,,29000,,,4.107264063345692,-52.46715728272783,0.001,28867,318.818753734231,168.7
172,322.35102670000003,184.68,29365,169,173,4.434585394337773,-52.66268581151962,0.001,29140,,
,,,30000,,,3.9454744516100204,-53.34158978517028,0.001,29781,326.3953514993191,167.8
176,323.86498091,184.41,30050,172,173,,,,,,
180,325.84930137,184.76,30827,176,175,3.8672670677730014,-53.744158470767665,0.001,30535,,
,,,31000,,,4.230831049348666,-53.846226813576436,0.001,30754,375.03899201750755,203.8
184,331.49897853999994,187.8,31595,180,174,4.0808278246623715,-54.70481139538335,0.001,31331,,
,,,32000,,,3.7025027821735783,-55.0843500829005,0.001,31898,353.63559676408767,181.5
188,335.01093919000004,189.36,32341,185,174,3.7496547931750146,-55.17538097926548,0.001,32067,,
,,,33000,,,3.721415442545057,-55.470372456770676,0.001,32850,335.1280945241451,179.8
192,336.95763023,189.44,33131,189,174,,,,,,
196,340.66114504000006,190.84,33875,192,175,3.9786542719537086,-56.13933802174998,0.001,33589,,
,,,34000,,,3.736205093737499,-56.43514201797058,0.001,33802,360.3844815611839,191.5
200,342.88787701999996,191.96,34586,196,175,4.096193420536378,-56.42438922208898,0.001,34317,,
,,,35000,,,3.671008967301425,-57.22097234164967,0.001,34817,226.8495224535465,128.0
204,342.40993399000007,191.66,35176,199,175,3.9133856239772977,-57.460789937821644,0.001,34943,,
208,342.36738999,191.42,35849,202,176,4.000796006176923,-57.472830577563215,0.001,35612,,
,,,36000,,,4.252568925468667,-57.321350621242146,0.001,35879,278.44483612775804,155.4
212,339.7257606199999,190.02,36384,205,176,3.844825095990125,-57.97104538188261,0.001,36159,,
216,338.6962771800001,189.27,36993,208,177,4.412502685614995,-58.19495958600726,0.001,36782,,
,,,37000,,,4.3541436108989995,-57.79480815279311,0.001,36920,218.2477494597435,118.8
220,336.09897225000003,187.94,37584,211,177,4.186424493789673,-58.26688143850743,0.001,37360,,
,,,38000,,,4.035382900816021,-58.95907022866858,0.001,37820,250.4512714266777,137.7
224,334.55551439000004,186.76,38181,214,177,4.266980601847171,-58.54268274307251,0.001,37980,,
228,331.66185329000007,185.1,38712,217,178,4.281778381716821,-58.85197504105106,0.001,38491,,
,,,39000,,,4.295532230346922,-58.89574196225121,0.001,38765,292.8114909172058,149.2
232,328.41997927000006,182.62,39319,221,177,4.389148504235024,-58.72352050071539,0.001,39103,,
236,324.40941041,180.16,39939,224,177,4.3885360627561,-59.24705762448518,0.001,39717,,
,,,40000,,,4.266777139382074,-58.776790873209634,0.001,39866,276.84222892522814,139.4
240,320.40183497,178.2,40496,228,177,4.058194685351941,-59.35474753379822,0.001,40301,,
,,,41000,,,4.105984277384621,-59.18254852294922,0.001,40839,267.2716131746769,140.1
244,316.06352142,175.58,41051,231,177,,,,,,
248,312.58929248,173.7,41683,234,177,4.343932946908821,-59.31642628641962,0.001,41464,,
,,,42000,,,4.283666934607164,-59.327416038513185,0.001,41902,292.0161937025376,157.1
252,306.98253284000003,170.31,42293,238,177,4.278264158731931,-59.815306824523134,0.001,42056,,
256,307.39715696999997,169.27,42940,241,177,4.3842845944797295,-59.64477090274586,0.001,42672,,
,,,43000,,,4.1494417178325165,-59.73438176420546,0.001,42867,285.57179019451144,166.9
260,306.08945602999995,166.55,43596,245,177,4.090881986990987,-59.87574963039822,0.001,43342,,
,,,44000,,,4.243429709970951,-60.04542512893677,0.001,43881,260.9379750147462,147.5
264,301.27779697,163.74,44250,249,177,4.08392755134956,-59.97039800220065,0.001,44024,,
268,295.99799035,161.31,44882,251,178,4.280091363191604,-60.70479437510173,0.001,44647,,
,,,45000,,,4.192968830650235,-60.25707037654924,0.001,44809,279.20774989128114,155.9
272,293.8499546,160.78,45443,255,178,4.293711055408824,-60.77525069978502,0.001,45242,,
,,,46000,,,4.648024562835693,-60.83778896029033,0.001,45804,201.06140326187014,117.5
276,291.48977058,159.93,46043,258,178,,,,,,
280,289.68762476,158.96,46723,261,178,3.9676622669947776,-60.56517836922094,0.001,46509,,
,,,47000,,,4.6555790062993765,-60.87028741836548,0.001,46806,294.84927958380433,159.2
284,283.47823933,156.29,47224,264,178,4.130603278739543,-61.18876696236526,0.001,46964,,
288,280.32500012,154.99,47840,266,179,4.009369777066865,-61.5327711796415,0.001,47580,,
,,,48000,,,4.2117151716813686,-61.146351598924205,0.001,47767,315.97161275446416,186.9
292,278.56858432999996,154.36,48567,271,179,4.264537288481931,-61.43687452752906,0.001,48327,,
,,,49000,,,4.086807277467516,-61.40190447293795,0.001,48866,292.1185104250908,167.9
296,275.66984819000004,153.7,49245,274,179,4.020695098753898,-61.79535997068727,0.001,49021,,
300,275.20863175000005,153.72,49958,277,179,4.159434752726773,-61.715660130212065,0.001,49722,,
,,,50000,,,3.9088218738696328,-61.452863858069904,0.001,49885,313.3516122937202,187.5
304,276.83576001,154.72,50648,281,179,3.8152390397511997,-61.81201431078789,0.001,50373,,
,,,51000,,,4.090988688130197,-61.67862173227164,0.001,50921,341.2029147982597,190.1
308,277.72535044,155.18,51367,286,179,3.9821845112620173,-61.889146086990195,0.001,51106,,
,,,52000,,,4.112499541449315,-61.94721521914584,0.001,51704,366.8329676032066,204.6
312,282.83605506,158.11,52195,290,179,3.931984072285039,-62.060931307928904,0.001,51928,,
,,,53000,,,4.022451567503572,-62.36160664499542,0.001,52763,361.7931230470538,191.5
316,287.35082161,160.72,53065,295,179,,,,,,
320,291.24343897,162.55,53839,298,180,3.8368848193632927,-62.35962953065571,0.001,53576,,
,,,54000,,,3.8869259884482936,-62.42484660901521,0.001,53766,382.1670370042324,197.9
324,296.60945339,165.76,54757,302,180,3.956575429217416,-62.3691227759844,0.001,54308,,
,,,55000,,,3.718529936394405,-62.48660588526464,0.001,54867,290.64842704534533,164.1
328,301.47592659000003,168.15,55527,307,180,3.640646947688194,-62.56969197591146,0.001,55191,,
,,,56000,,,3.6827492905943187,-62.770020955403645,0.001,55890,299.0517348523252,184.2
332,304.03591561,170.0,56319,311,180,3.7904190606084365,-62.578394148084854,0.001,56035,,
,,,57000,,,3.399737487356347,-62.904078747852736,0.001,56768,322.36073689460756,186.3
336,305.18800322000004,170.94,57033,315,180,,,,,,
340,306.40819085000004,171.42,57638,318,181,3.480935471256574,-62.96855506896973,0.001,57404,,
,,,58000,,,3.4852910089221867,-63.14868532527577,0.001,57914,335.04436762332915,180.7
344,308.55389987,172.59,58310,322,180,3.7170451155507753,-63.20502439800062,0.001,58105,,
,,,59000,,,3.568622453792675,-63.65731368193755,0.001,58863,262.19652898311614,142.3
348,311.55709045000003,173.91,59074,326,181,,,,,,
352,312.46474733,173.93,59686,329,181,3.4010640160146965,-63.46093478834773,0.001,59473,,
,,,60000,,,3.6728077328320845,-63.42800329263928,0.001,59819,356.571657371521,177.7
356,317.19503877,176.09,60549,333,181,3.6883204933104476,-63.82237265362003,0.001,60236,,
,,,61000,,,3.551300626864536,-63.706013555112094,0.001,60871,359.40219495892524,184.3
360,316.49156032999997,175.04,61100,337,181,,,,,,
364,315.51421177,173.89,61639,339,181,3.4628474929797575,-63.463405752182005,0.001,61446,,
,,,62000,,,3.467797339680683,-64.00606987275273,0.001,61886,295.7684662818909,155.1
368,316.98162866,173.81,62263,343,181,3.5840504437685015,-63.639039754867554,0.001,62046,,
372,320.17665395999995,175.12,62955,345,181,3.5271497317302374,-64.06833220116886,0.001,62686,,
,,,63000,,,3.4684460953790315,-63.793541149217255,0.001,62882,283.1940756611526,162.2
376,320.96852273999997,175.13,63556,349,181,3.526344837026393,-64.15319625424667,0.001,63302,,
,,,64000,,,3.5676503990688464,-64.04205367144417,0.001,63827,320.30682928562163,164.4
380,322.8758965899999,175.52,64275,353,181,3.5905459382954765,-64.46161090626435,0.001,63997,,
384,328.75350832,177.68,64992,357,181,3.99534396101667,-64.60292639481393,0.001,64769,,
,,,65000,,,3.4958765808741252,-64.3244785563151,0.001,64919,263.0904773827642,183.5
388,330.14642802,178.32,65672,362,181,3.742720382375867,-64.16930615901947,0.001,65416,,
,,,66000,,,3.3813051357865334,-64.44846534729004,0.001,65918,368.7932052535005,230.2
392,332.19103544999996,178.78,66445,367,180,3.489674270876989,-64.69962943472514,0.001,66165,,
,,,67000,,,4.027110535689075,-64.4840580333363,0.001,66858,547.1756302654743,287.8
396,331.17376543,181.05,67350,373,180,3.9829037623935277,-64.45006769044059,0.001,67083,,
,,,68000,,,4.00992504948903,-64.95845796989673,0.001,67874,340.60738983649645,319.4
400,338.1179649,184.98,68456,380,179,4.020824480466065,-64.48334013182541,0.001,68107,,
,,,69000,,,3.907967696706933,-65.44881089911404,0.001,68549,588.2421546603503,425.7
404,340.5935531100001,191.48,69796,389,178,4.413158285312163,-64.94737847878115,0.001,69306,,
,,,70000,,,4.330024206952797,-64.9701274908506,0.001,69723,350.3818105220795,176.0
408,342.72898634000006,191.91,70558,395,178,4.634976626444264,-65.0242045426569,0.001,70302,,
,,,71000,,,4.301127336241982,-64.14369058609009,0.001,70817,429.0005097150803,218.4
412,347.72917647,193.36,71531,401,178,4.0205604123722845,-64.71589762001221,0.001,71230,,
,,,72000,,,4.621259130022061,-64.93278384208679,0.001,71828,309.0754554152489,154.1
416,346.04461625000005,191.63,72228,404,178,4.26575281813338,-65.33236318021207,0.001,71976,,
,,,73000,,,4.054463581866528,-64.95014158501682,0.001,72805,358.9243047773838,187.4
420,346.7010285500001,191.97,73036,410,178,,,,,,
424,343.66989287,190.04,73761,413,178,4.4459322523779985,-65.23296449242568,0.001,73506,,
,,,74000,,,4.283789657629454,-64.9472668825925,0.001,73688,368.34864777326584,199.3
428,345.00849466999995,191.23,74650,419,177,4.266195279765504,-65.18233658640008,0.001,74423,,
,,,75000,,,4.477898859641921,-64.85482197076502,0.001,74719,532.7683674275875,273.3
432,351.06545721000003,193.62,75681,426,177,4.14881631364795,-65.25256526402065,0.001,75448,,
,,,76000,,,4.427089088352014,-65.43571888808663,0.001,75890,310.41732835173605,164.5
436,355.7851219200001,197.01,76734,431,178,4.237216856168664,-65.112008365584,0.001,76246,,
,,,77000,,,4.470092068346896,-65.26090057136477,0.001,76919,923.8030723066535,557.3
,,,78000,,,4.595609847926207,-65.5624605072588,0.001,77672,504.70402176976205,247.1
440,375.50740464999996,206.94,78332,443,176,4.609436484270318,-65.61356646219889,0.001,77973,,
,,,79000,,,4.994815595864039,-65.50444276683827,0.001,78653,967.0464702606201,506.3
444,393.5243455599999,214.98,79808,453,176,4.77721508027433,-65.89407753158402,0.001,79465,,
,,,80000,,,4.578022104722482,-65.58242755466037,0.001,79735,834.7740837275982,405.2
,,,81000,,,4.721467231088595,-65.74133194470015,0.001,80222,904.0025737992953,599.6
448,413.03352056999995,227.05,81779,468,174,5.081222402767872,-65.88734658308856,0.001,81476,,
,,,82000,,,5.032904379264168,-65.75035645858101,0.001,81706,658.3743398450315,399.8
,,,83000,,,4.8257444539377765,-65.62781516454552,0.001,82550,622.3765792064369,395.0
452,426.15275269,235.1,83196,478,173,,,,,,
,,,84000,,,4.889149496132125,-65.95391861765009,0.001,83692,608.0291306495667,327.7
456,437.03226445,243.37,84886,489,173,5.145330501067174,-65.63987132481166,0.001,84264,,
,,,85000,,,5.386033142416421,-65.54267806728392,0.001,84813,535.8953495740891,270.8
,,,86000,,,5.597710669887522,-65.36539209645478,0.001,85917,1366.423983124271,845.0
460,456.4222326699999,254.77,86577,504,171,5.251595975783876,-65.53635567214889,0.001,86311,,
,,,87000,,,5.342478566699558,-65.51504798451806,0.001,86819,507.4168718516827,291.2
464,466.17714213,261.3,87769,510,171,5.3330773991397304,-65.16958402976012,0.001,87331,,
,,,88000,,,5.304443832773429,-64.97324730799748,0.001,87904,512.539221727848,258.6
468,472.50408222,264.28,88691,516,171,5.527275809186249,-64.76560307299997,0.001,88384,,
,,,89000,,,5.386374557367429,-65.39708033329299,0.001,88857,429.71475610136986,231.6
,,,90000,,,5.545097008266964,-64.61978418363941,0.001,89740,592.4387917041779,307.6
472,482.63727351,270.99,90054,525,171,,,,,,
,,,91000,,,5.538444538761799,-64.32894323822251,0.001,90247,785.5806965649128,526.1
,,,92000,,,5.7630227644652035,-64.56169387817383,0.001,91196,1517.332669186592,899.4
476,514.01664756,292.54,92810,544,170,5.667452093839645,-64.26545593261719,0.001,92196,,
,,,93000,,,5.699018025794884,-64.04928740042227,0.001,92737,468.3869691133499,282.1
480,520.65282138,296.26,93901,552,169,5.8712713895406266,-63.343849416364705,0.001,93611,,
,,,94000,,,5.549855346503895,-63.602716358429795,0.001,93828,902.5342439934611,629.5
484,524.6852793999999,299.13,94905,560,169,5.5747556982740845,-63.056934228104154,0.001,94588,,
,,,95000,,,5.79566584063358,-63.124567407076476,0.001,94832,1181.7284348785877,655.9
,,,96000,,,5.746593853712082,-62.91118099975586,0.001,95832,1123.9853712797164,717.8
,,,97000,,,5.741863798549157,-62.23503386519337,0.001,96922,1127.5053950786591,652.0
488,552.9179732,316.16,97288,581,167,,,,,,
,,,98000,,,5.970809536147048,-61.93713294628055,0.001,97558,744.7956827782094,391.9
,,,99000,,,5.908557140195852,-61.37728734016419,0.001,98653,788.073588449508,421.2
492,567.4910804,325.59,99004,593,166,,,,,,
,,,100000,,,5.820299086716253,-61.19311405235613,0.001,99783,890.3380532924086,493.0
,,,101000,,,5.903276107496762,-60.413493737407116,0.001,100752,1260.034958645026,697.7
496,605.6623686700001,344.75,101825,610,166,,,,,,
,,,102000,,,6.007284201622009,-60.418184776306155,0.001,101752,737.2080453636357,467.0
,,,103000,,,6.022229226301033,-59.94704385425734,0.001,102121,968.0422642178834,600.9
,,,104000,,,6.032093254025377,-59.181395287294265,0.001,103598,717.9248738408089,362.7
500,626.7137280200001,357.79,104235,630,165,,,,,,
,,,105000,,,6.125199904395837,-58.64238857146233,0.001,104819,912.1071422353386,497.4
504,640.3105911199999,360.07,105803,639,165,5.904885412483085,-58.319518212558464,0.001,105112,,
,,,106000,,,5.998157415575194,-58.184497561655384,0.001,105730,824.7630919709802,485.9
,,,107000,,,5.791459471895424,-57.65539063933146,0.001,106834,684.1252756476403,398.1
508,648.1002063699999,365.96,107154,651,164,,,,,,
,,,108000,,,5.917194808324178,-57.02410135950361,0.001,107721,874.1409224397503,568.9
512,658.28750343,374.29,108960,662,164,5.999786599388336,-56.677876808123884,0.001,108437,,
,,,109000,,,6.111616081661648,-56.42892834133572,0.001,108887,560.7266764722765,313.2
,,,110000,,,5.955774898451518,-56.34214066296089,0.001,109712,1068.0552701491747,575.1
516,672.5640588299998,381.69,110397,675,163,6.0615891881926895,-55.89543963538276,0.001,110073,,
,,,111000,,,5.932951094375716,-55.815350426567925,0.001,110821,837.7045083403588,370.0
520,683.3436432400001,386.42,111678,682,163,6.133731372363575,-55.50232139176237,0.001,111154,,
,,,112000,,,6.137537728116362,-55.17698073229253,0.001,111906,535.481091862917,295.3
524,697.04399899,391.77,112938,691,163,6.405948125108888,-55.09564846376829,0.001,112538,,
,,,113000,,,6.152518101059333,-54.62939925866624,0.001,112865,567.368710321188,279.3
,,,114000,,,5.954997770156634,-54.44613733235195,0.001,113840,490.5154958486557,239.7
528,706.52356302,395.25,114175,699,163,,,,,,
,,,115000,,,6.1195410331944835,-54.09644216084652,0.001,114895,498.14811368584634,241.5
532,707.7889262099999,394.8,115161,706,163,,,,,,
,,,116000,,,6.1856836342230075,-53.90919131717166,0.001,115744,426.2716818451183,276.1
536,711.4544141800002,395.26,116260,712,163,6.0669125917088635,-53.89032108500852,0.001,115981,,
,,,117000,,,5.999683266313969,-53.269883577940895,0.001,116706,559.6675483524799,266.7
540,702.59232179,390.67,117399,718,163,5.987777212484559,-53.40111635402291,0.001,117041,,
,,,118000,,,5.88847019856806,-53.45452461453433,0.001,117688,701.4650870484766,345.7
,,,119000,,,5.697089089749166,-53.15614289707608,0.001,118342,915.2535688106524,478.9
544,709.4334981100001,396.07,119415,729,163,,,,,,
,,,120000,,,6.018277550763625,-52.721171358798415,0.001,119922,776.1171191328206,372.0
548,699.2230661499999,388.0,120579,739,163,6.168039713887607,-52.56072547015022,0.001,120262,,
,,,121000,,,6.114569451421352,-52.46919011834807,0.001,120912,570.2466665700078,275.7
552,698.38791466,385.5,121746,746,163,5.897538956300712,-52.31493890480917,0.001,121446,,
,,,122000,,,6.12751258631884,-52.40865025277865,0.001,121909,516.4337159514428,246.6
556,691.18920987,377.89,122675,751,163,5.93834063245895,-51.750153076954376,0.001,122369,,
,,,123000,,,5.867610402540727,-52.091029174136416,0.001,122877,494.18387833740564,246.4
560,681.4688980000001,370.84,123661,757,163,5.662695139173477,-51.81344913301014,0.001,123298,,
,,,124000,,,5.792682492436039,-51.754637772696356,0.001,123869,618.9145515441894,318.5
,,,125000,,,5.68849515063422,-51.88390657499239,0.001,124515,563.9938812496606,308.6
564,687.91318315,372.41,125010,766,163,,,,,,
,,,126000,,,5.8561899930739,-51.66076707611814,0.001,125752,458.7163603728171,237.8
568,695.5367029199999,376.84,126375,775,162,5.547913470438549,-51.617595774786814,0.001,125976,,
,,,127000,,,5.796319715019797,-51.568881104209204,0.001,126743,559.1968144736951,324.3
572,699.54452018,376.93,127747,783,162,5.667558250427246,-51.77877899452492,0.001,127405,,
,,,128000,,,5.685892537236214,-51.65015826906477,0.001,127898,450.09452498555186,218.8
576,677.8392232299999,360.05,128815,789,163,5.592974599202474,-51.50088359948361,0.001,128454,,
,,,129000,,,5.6669698630770045,-51.552335553699066,0.001,128742,593.2950228409725,295.5
580,680.8685726199999,359.96,129897,796,163,5.895358603471403,-51.51223312669499,0.001,129591,,
,,,130000,,,5.859391582881944,-51.44439465775449,0.001,129824,628.0596357405186,267.9
584,685.8402107400001,360.09,130914,801,163,6.151028705007247,-51.340847539537734,0.001,130601,,
,,,131000,,,5.990645085771878,-51.344670581817624,0.001,130841,577.366458672285,259.5
588,668.2096833400001,346.63,131951,807,163,5.915615326318985,-51.52156057113256,0.001,131650,,
,,,132000,,,5.86393850309807,-51.316785979689215,0.001,131878,550.1594122081995,276.1
592,661.07262494,339.69,132973,813,163,6.039140987039059,-51.76737904369383,0.001,132651,,
,,,133000,,,5.827889316053276,-51.47399572753906,0.001,132900,546.4230505462735,267.4
596,633.2335341899999,321.06,133931,818,163,5.914377021606855,-51.321515643869645,0.001,133660,,
,,,134000,,,5.813956913321909,-51.56305960452918,0.001,133858,475.82461499236524,249.0
600,609.05767988,305.05,134740,823,163,5.780004141694408,-51.51578716798262,0.001,134483,,
,,,135000,,,5.7401441023311515,-50.980932682118514,0.001,134854,411.1675708737224,211.7
604,599.132327,298.92,135695,828,163,5.745991627375285,-51.26749532362994,0.001,135279,,
,,,136000,,,5.99484107169238,-51.33882464784564,0.001,135886,880.3145430713892,421.2
608,600.62223453,297.92,136946,837,163,5.746669159599798,-51.13563579559326,0.001,136673,,
,,,137000,,,5.597105702161789,-51.426717567443845,0.001,136873,567.6743621647358,247.3
612,590.1318120700001,288.5,137810,842,163,5.701495066874445,-51.62927891991355,0.001,137455,,
,,,138000,,,5.529855947967962,-51.53892343940464,0.001,137737,422.1919916540384,218.1
616,578.3160417600001,282.13,138610,847,163,5.4009695225867675,-51.44441549060414,0.001,138357,,
,,,139000,,,5.416929759548209,-51.60734219497509,0.001,138908,391.1654593229294,189.8
620,568.27090226,276.69,139347,852,163,5.357024799111069,-51.439078464302966,0.001,139094,,
,,,140000,,,5.379379175775062,-51.389770157840275,0.001,139882,424.1873408317566,207.5
624,557.8492671700001,272.1,140148,857,163,,,,,,
628,549.9195530400001,267.5,140925,860,163,5.381842329767015,-52.03744197421604,0.001,140655,,
,,,141000,,,5.569518918313351,-51.7868406507704,0.001,140852,424.5051365584135,206.4
632,547.2300464000001,266.24,141785,865,163,5.688060094725411,-51.72062855846477,0.001,141497,,
,,,142000,,,5.6684422149214635,-51.65117751227485,0.001,141712,530.8318340718746,238.7
636,546.8778572,265.63,142823,871,163,5.445465335031835,-51.91584087464867,0.001,142544,,
,,,143000,,,5.525681912320332,-51.8863990561476,0.001,142750,609.6225273489952,261.3
640,545.05911697,263.5,143749,877,163,5.298934498040572,-51.838795205821164,0.001,143478,,
,,,144000,,,5.2961399122841,-51.94745401541392,0.001,143869,464.116721701622,199.7
644,525.7209371700001,251.38,144553,882,163,5.690269206021283,-52.20481577005472,0.001,144293,,
,,,145000,,,5.531897387176595,-52.10531729840218,0.001,144879,462.6507716298103,198.8
648,520.77872463,247.67,145346,887,163,5.4144103797440675,-52.31160861929667,0.001,145073,,
,,,146000,,,5.620945309070831,-52.27873879290642,0.001,145874,430.452082914114,205.3
652,514.0498305,243.89,146135,892,163,,,,,,
,,,147000,,,5.617623434579077,-52.35059009898793,0.001,146750,513.3073862433433,243.0
656,514.17197376,243.98,147073,898,163,,,,,,
,,,148000,,,5.609205567647541,-52.30083574567522,0.001,147867,438.390725761652,209.7
660,517.27363935,244.94,148155,904,163,,,,,,
,,,149000,,,5.533208513029532,-52.238422027001015,0.001,148706,622.0299321174622,285.8
664,509.8621586500001,240.89,149099,910,163,,,,,,
,,,150000,,,5.382184445501088,-52.40131825886801,0.001,149897,601.5331860005856,274.4
668,507.54791810999996,238.46,150221,917,163,,,,,,
,,,151000,,,5.482963474988938,-52.46538234710693,0.001,150826,394.6843210220337,196.4
672,498.68278868,233.74,151121,923,163,,,,,,
676,494.73713078000003,231.2,151935,927,163,5.547081161003846,-52.46889594885019,0.001,151642,,
,,,152000,,,5.540831314433705,-52.618134862726386,0.001,151862,426.6912409365177,195.8
680,490.85303641999997,229.91,152888,932,163,5.474206396234714,-52.879622420644374,0.001,152516,,
,,,153000,,,5.525166784241845,-52.96485578293768,0.001,152815,431.3194214999676,207.5
684,487.32914532,228.85,153799,938,163,5.246175312333637,-53.023021132857714,0.001,153515,,
,,,154000,,,5.58590363408183,-52.724400614644146,0.001,153908,570.7522806158289,250.7
688,485.42545896,227.74,154725,943,163,5.612375190144493,-53.09007750011626,0.001,154416,,
,,,155000,,,5.780376703052197,-53.26347606464968,0.001,154652,512.5693448454142,241.5
692,481.56963829000006,226.04,155577,948,163,5.2762094631299865,-53.20556158547873,0.001,155319,,
,,,156000,,,5.577243302402826,-53.43163174596326,0.001,155736,545.9328097343445,249.5
696,480.48015785999996,225.92,156523,954,164,5.692476728227404,-53.3575485433851,0.001,156245,,
,,,157000,,,5.7515692143826875,-53.28029802571172,0.001,156849,497.52740070819857,236.0
700,483.47491006999996,226.88,157428,960,163,5.510625698395419,-53.34848528950154,0.001,157086,,
,,,158000,,,5.4710243855522815,-53.36412253308652,0.001,157834,530.550499945879,236.3
704,484.39188846999997,226.19,158314,966,163,5.668078275320167,-53.318797217475044,0.001,158051,,
,,,159000,,,5.53952009337289,-53.16215000013366,0.001,158732,454.87319787740705,216.2
708,478.4679001799999,222.7,159216,971,163,5.368986854142549,-53.394469884725716,0.001,158941,,
,,,160000,,,5.2756124850242365,-53.62231478009905,0.001,159712,570.888545680046,254.2
712,483.33371511999997,224.65,160275,977,163,5.690245277968495,-53.50484525478952,0.001,159959,,
,,,161000,,,5.3982095685384675,-53.44437464078268,0.001,160837,564.6126162707806,261.7
716,493.24077865,228.55,161465,984,164,5.633211349500978,-53.47627034868513,0.001,161116,,
,,,162000,,,5.560138469934463,-53.57578574589321,0.001,161913,853.5779452443123,399.3
720,503.50984272,233.06,162653,991,164,5.545247747813384,-53.44961228346462,0.001,162307,,
,,,163000,,,5.76274968130248,-53.50376627785819,0.001,162860,570.8767622828484,286.7
724,513.6030189200001,238.2,163968,998,164,5.66587201882022,-53.42329634152926,0.001,163518,,
,,,164000,,,5.560983315070681,-53.53274166837652,0.001,163895,552.8453029228374,278.4
,,,165000,,,5.823541442683486,-53.68774411569234,0.001,164762,704.6394455383531,382.1
728,519.7817575400001,241.82,165107,1008,163,,,,,,
,,,166000,,,5.575625553131103,-53.39762855529785,0.001,165763,494.97332329079507,263.3
732,527.00810474,246.02,166387,1015,163,5.478796727955341,-53.71827480196953,0.001,166019,,
,,,167000,,,5.526034461704847,-53.52532650473339,0.001,166681,764.6724294483662,347.0
736,531.72278887,247.09,167532,1022,163,5.2523761468055925,-53.53181712767657,0.001,167235,,
,,,168000,,,5.226105087017887,-53.496661939119036,0.001,167648,696.5739281325601,332.1
740,531.57966395,247.86,168535,1029,163,5.254653038048163,-53.60030575884067,0.001,168268,,
,,,169000,,,5.2928408729913565,-53.66500994115094,0.001,168769,717.6471862010891,391.9
744,541.25629228,252.84,169837,1037,163,5.322053114147033,-53.59148763972808,0.001,169482,,
,,,170000,,,5.430171706152301,-53.65549417590419,0.001,169764,674.7783493816853,330.7
,,,171000,,,5.351784427960713,-53.81398010253906,0.001,170706,583.2557022511959,260.3
748,548.7825782299999,256.77,171023,1046,163,,,,,,
,,,172000,,,5.426839955334593,-53.81204819326918,0.001,171914,685.826015618362,346.4
752,563.5742144300001,264.57,172592,1054,163,,,,,,
,,,173000,,,5.59057861454082,-53.407542654553296,0.001,172837,1219.6465619356372,638.0
,,,174000,,,5.432015340039684,-53.45311462499534,0.001,173863,486.0164612174034,235.8
756,575.67012447,270.61,174134,1067,163,,,,,,
760,566.79652153,267.01,174856,1070,163,5.565398959226386,-53.56940611018691,0.001,174703,,
,,,175000,,,5.722566083073616,-53.692360496521,0.001,174783,404.6266139566898,195.9
764,567.9109728599999,267.05,175804,1074,163,5.756080535286707,-53.55029302285918,0.001,175481,,
,,,176000,,,5.627074669837952,-53.74300643920898,0.001,175731,720.8798136591911,310.1
768,565.1107686199999,265.3,176751,1080,163,5.779743821097062,-53.469011667612435,0.001,176447,,
,,,177000,,,5.675519812158692,-53.61655412871262,0.001,176678,537.1756280362606,260.5
772,567.93313018,266.9,177811,1087,163,5.69258025658676,-53.44371149898355,0.001,177522,,
,,,178000,,,5.705672598547405,-53.554820166693794,0.001,177738,663.6336248755455,291.9
,,,179000,,,6.0822797539242135,-53.34240965875203,0.001,178713,558.1935512244702,257.5
776,579.83579727,271.34,179069,1097,163,,,,,,
,,,180000,,,6.033242060120698,-53.15726006690492,0.001,179769,802.6086868703366,360.8
780,591.3029020399999,276.66,180554,1106,163,6.243866787137579,-53.34716959587205,0.001,180191,,
,,,181000,,,6.1856199822774744,-53.298594243318135,0.001,180894,631.5726938307286,289.9
784,589.7595910900001,276.55,181454,1111,163,6.4725834253884145,-53.12243939234205,0.001,181137,,
,,,182000,,,6.353512969944212,-53.013099628024634,0.001,181741,678.8574723005295,314.2
788,602.29450481,282.6,182985,1120,163,6.241147868773517,-52.93987216371478,0.001,182578,,
,,,183000,,,6.3921267136842195,-52.900624235233145,0.001,182912,680.8482964456082,286.1
,,,184000,,,6.634546454977874,-52.48040382678692,0.001,183746,547.7335692167283,244.6
792,609.50962182,285.55,184132,1129,163,,,,,,
,,,185000,,,6.5439289657814985,-52.202788714066294,0.001,184671,618.2802153229713,293.7
796,607.63966338,285.35,185058,1135,163,,,,,,
,,,186000,,,6.3113783487053805,-52.239612135776255,0.001,185564,561.0545990169048,265.0
800,618.59665996,292.19,186647,1144,163,6.245045370728005,-51.91662232518561,0.001,186219,,
,,,187000,,,6.341607666383839,-51.73794981490734,0.001,186833,686.9098182737828,303.4
,,,188000,,,6.431345445858804,-51.72517244439376,0.001,187545,909.8330900094937,491.8
804,633.9331279900001,299.61,188275,1155,163,,,,,,
,,,189000,,,6.335861423297932,-51.31969135685971,0.001,188727,509.3246934711933,245.8
808,635.2479235699999,300.64,189280,1161,162,6.309197981478804,-51.51050874742411,0.001,188963,,
,,,190000,,,5.959357880149426,-51.318822011226366,0.001,189875,448.81601771116254,222.1
812,628.3238807700001,298.82,190157,1166,162,,,,,,
,,,191000,,,6.1358580475761775,-50.973910849434986,0.001,190864,520.6428190171719,253.2
816,626.23626792,297.89,191254,1172,163,,,,,,
,,,192000,,,5.975318485905665,-50.89622924046487,0.001,191852,618.6941895782948,269.0
820,630.49470073,298.05,192458,1180,163,6.088036464432538,-51.03682259799672,0.001,192147,,
,,,193000,,,6.091353792328018,-50.81011540304401,0.001,192718,687.0935447585769,390.0
,,,194000,,,6.521366993383485,-50.77937194279262,0.001,193831,739.5947635591031,296.0
824,638.1950820500001,302.34,194202,1193,162,,,,,,
,,,195000,,,6.190895417803212,-50.62552487222772,0.001,194696,510.7544062376022,236.9
828,637.20348573,301.3,195237,1199,162,5.81284768861315,-50.50129677997372,0.001,194943,,
,,,196000,,,6.152252007710217,-50.63412207745491,0.001,195655,686.8948149621486,296.0
832,634.6038658399999,298.58,196245,1206,162,6.001784867666238,-50.577450892130535,0.001,195954,,
,,,197000,,,5.974336419908804,-50.608870833260674,0.001,196672,675.9648093760013,344.4
836,640.90497744,302.4,197772,1215,162,5.678056266739141,-50.54420503779272,0.001,197468,,
,,,198000,,,5.6442060522186805,-50.597259421970534,0.001,197699,558.6760526418686,249.2
,,,199000,,,5.8571297194333685,-50.58748759839359,0.001,198670,965.6423495352268,351.7
840,653.00210027,305.85,199120,1224,162,,,,,,
,,,200000,,,5.736758212684464,-50.70089876651764,0.001,199838,658.7427647769451,251.0
844,649.77817,303.1,200147,1231,162,,,,,,
