rollout/ep_len_mean,time/fps,time/time_elapsed,time/total_timesteps,time/episodes,rollout/ep_rew_mean,train/n_updates,train/actor_loss,train/critic_loss,train/learning_rate,eval/mean_reward,eval/mean_ep_length
17.0,2958,0,68,4,13.752862,,,,,,
14.125,1153,0,113,8,10.710274875,12,-0.7661793927351633,0.3187069905300935,0.001,,
11.75,532,0,141,12,9.12672025,40,-0.9118012636899948,0.019505046840224947,0.001,,
10.5625,398,0,169,16,8.333583375,68,-0.9397261440753937,0.006464516278356314,0.001,,
9.85,341,0,197,20,7.852440899999998,96,-0.9749816954135895,0.004680264741182327,0.001,,
9.375,310,0,225,24,7.526660958333333,124,-1.0367715060710907,0.0029714608431926797,0.001,,
9.035714285714286,290,0,253,28,7.290759357142856,152,-1.0670220851898193,0.004187785188800522,0.001,,
8.78125,278,1,281,32,7.116817875000001,180,-1.0979392528533936,0.007415466010570526,0.001,,
8.583333333333334,266,1,309,36,6.981457416666668,208,-1.15140500664711,0.005418966590826001,0.001,,
8.425,259,1,337,40,6.873481125,236,-1.170944094657898,0.004660150967538357,0.001,,
8.295454545454545,253,1,365,44,6.786929727272727,264,-1.2339232861995697,0.0030407176985006246,0.001,,
8.1875,245,1,393,48,6.7125484166666665,292,-1.2619974315166473,0.006721796534423318,0.001,,
8.096153846153847,239,1,421,52,6.64829425,320,-1.2547312378883362,0.004451029002666473,0.001,,
8.017857142857142,235,1,449,56,6.594697035714286,348,-1.2944137752056122,0.004857371827321393,0.001,,
7.95,231,2,477,60,6.5470005,376,-1.331751435995102,0.014536254307521241,0.001,,
7.890625,227,2,505,64,6.5095954375,404,-1.3322061598300934,0.005400603038391897,0.001,,
7.838235294117647,223,2,533,68,6.473709588235294,432,-1.3651431798934937,0.005953872277002249,0.001,,
7.791666666666667,221,2,561,72,6.445386750000001,460,-1.4266722798347473,0.003718339738302997,0.001,,
7.75,219,2,589,76,6.415152960526316,488,-1.4787630140781403,0.004731632569538695,0.001,,
7.7125,217,2,617,80,6.391156975000001,516,-1.4928610622882843,0.00897850442145552,0.001,,
7.678571428571429,216,2,645,84,6.366269452380953,544,-1.5178068280220032,0.0181023338144379,0.001,,
7.6477272727272725,214,3,673,88,6.344770988636364,572,-1.527914583683014,0.007829927739554219,0.001,,
7.619565217391305,212,3,701,92,6.325515532608696,600,-1.5368817448616028,0.006309944737170424,0.001,,
7.59375,210,3,729,96,6.308902833333335,628,-1.561564415693283,0.005960181488522461,0.001,,
8.03,211,3,803,100,7.298244470000002,686,-1.9980011744932695,0.06341047411445867,0.001,,
8.22,208,4,890,104,8.28291068,774,-2.3591983318328857,0.12574545785107397,0.001,,
8.68,206,4,981,108,9.57819063,864,-2.9272299246354536,0.14252346872606061,0.001,,
,,,1000,,,887,-2.9409867850216953,0.16368735484454944,0.001,38.89345256090164,22.1
9.3,196,5,1071,112,10.92246065,955,-3.2464853633533823,0.21092002514911734,0.001,,
10.46,202,5,1215,116,13.104289549999997,1045,-3.698351188139482,0.24180477792802063,0.001,,
11.16,194,6,1313,120,13.589523219999998,1201,-4.260693920983209,0.36507492595248753,0.001,,
11.6,193,7,1385,124,13.29167055,1273,-4.296984063254462,0.37761668488383293,0.001,,
12.04,192,7,1457,128,12.992268860000003,1345,-4.478122181362576,0.40261254294051063,0.001,,
12.47,192,7,1528,132,12.70022715,1417,-4.412653022342258,0.312697880797916,0.001,,
12.95,192,8,1604,136,12.807203030000004,1488,-4.608035299513075,0.3721959951023261,0.001,,
13.55,192,8,1692,140,14.106864690000004,1575,-4.929110908508301,0.5165685064026287,0.001,,
14.16,192,9,1781,144,15.420504450000001,1665,-5.202171282334761,0.5146060067674388,0.001,,
14.76,191,9,1869,148,16.720561319999998,1753,-5.478649486194957,0.5402649376880039,0.001,,
15.36,191,10,1957,152,18.02774173,1840,-5.7178215980529785,0.5017592388959158,0.001,,
,,,2000,,,1885,-5.99342003735629,0.5295822017572143,0.001,38.78580940961838,22.2
15.96,188,10,2045,156,19.333084569999997,1929,-5.963124491951683,0.4983334622599862,0.001,,
16.55,188,11,2132,160,20.62622305,2017,-6.436395385048606,0.3603815236552195,0.001,,
17.16,188,11,2221,164,21.94387397,2105,-6.833169026808306,0.4893969361754981,0.001,,
17.77,189,12,2310,168,23.256652060000008,2194,-6.974763909975688,0.46151578879874683,0.001,,
18.39,188,12,2400,172,24.587579260000002,2283,-7.465067299929532,0.3885993395339359,0.001,,
19.01,188,13,2490,176,25.914941000000002,2373,-7.721478418870405,0.35745514556765556,0.001,,
19.61,188,13,2578,180,27.217918769999997,2462,-8.134688594124533,0.47585059702396393,0.001,,
20.21,189,14,2666,184,28.52163376,2551,-8.253207206726074,0.36798464540730824,0.001,,
20.81,188,14,2754,188,29.83337603,2638,-8.94678631695834,0.47872447019273584,0.001,,
21.42,188,15,2843,192,31.15872579000001,2726,-9.300309788097035,0.6609483171593059,0.001,,
22.02,187,15,2931,196,32.47209214,2815,-9.284885146401145,0.6278641755166261,0.001,,
,,,3000,,,2901,-9.725614166259765,0.6658575520628974,0.001,38.98573513031006,22.2
22.15,184,16,3018,200,32.754835799999995,,,,,,
22.17,185,16,3107,204,32.78278191,2990,-10.10925206271085,0.6650113562742869,0.001,,
22.15,185,17,3196,208,32.740587569999995,3080,-10.180175383885702,0.6679825277432151,0.001,,
22.12,184,17,3283,212,32.69040726,3167,-10.584853432395242,0.6847704662518068,0.001,,
21.56,184,18,3371,216,31.82096528,3255,-10.962624376470393,0.6052290472117338,0.001,,
21.47,184,18,3460,220,32.66023798,3343,-10.765938845547764,0.6167770928957246,0.001,,
21.64,183,19,3549,224,34.277211349999995,3433,-11.384756088256836,0.6586224151694257,0.001,,
21.8,183,19,3637,228,35.89147258999999,3520,-11.473196029663086,0.6208179869822094,0.001,,
21.98,183,20,3726,232,37.51018391,3610,-11.887903993779963,0.3959025259722363,0.001,,
22.09,184,20,3813,236,38.68644216,3697,-12.038842114535244,0.42443397505716846,0.001,,
22.1,184,21,3902,240,38.71115958,3786,-12.547689958052201,0.3943435021422126,0.001,,
22.09,184,21,3990,244,38.70476504,3874,-12.776700886813076,0.3566132851622321,0.001,,
,,,4000,,,3896,-13.016431374983354,0.4182160740548914,0.001,39.438951921463016,22.4
22.09,182,22,4078,248,38.73390678,3962,-12.842171062122691,0.3902529620311477,0.001,,
22.09,182,22,4166,252,38.74252797,4050,-13.236215591430664,0.266690693795681,0.001,,
22.1,182,23,4255,256,38.761379670000004,4138,-13.190146793018688,0.292506990107623,0.001,,
22.12,183,23,4344,260,38.79541273999999,4228,-13.741393956271084,0.24967133660208096,0.001,,
22.11,183,24,4432,264,38.78627815,4316,-13.878406206766764,0.2540080320575963,0.001,,
22.1,183,24,4520,268,38.78688927,4404,-14.089350006797098,0.26308395103974774,0.001,,
22.09,183,25,4609,272,38.780247370000005,4492,-14.393484462391246,0.26215084303509106,0.001,,
22.07,183,25,4697,276,38.767310970000004,4580,-14.518824317238547,0.2914258201013912,0.001,,
22.07,183,26,4785,280,38.76884857,4668,-15.165990569374777,0.2910591598067965,0.001,,
22.08,184,26,4874,284,38.79140316,4758,-14.70182904330167,0.3068020845001394,0.001,,
22.36,184,27,4990,288,39.108608509999996,4870,-16.060307562351227,0.6209176365406283,0.001,,
,,,5000,,,4896,-16.109237084021935,0.845800410096462,0.001,37.475794261693956,24.7
22.43,182,27,5086,292,39.00719236,4968,-16.436206499735516,1.3271806115905445,0.001,,
22.51,182,28,5182,296,38.90277093,5064,-16.51127250989278,1.3784457047780354,0.001,,
22.6,183,28,5278,300,38.82766447,5160,-16.902371168136597,1.6847278115650017,0.001,,
22.67,183,29,5374,304,38.71137249,5256,-17.717051188151043,1.538656714061896,0.001,,
23.02,183,29,5498,308,38.81699612,5373,-17.80985476175944,1.5705886483192444,0.001,,
24.31,184,31,5714,312,40.61780502,5589,-18.04099544402092,2.091554420609628,0.001,,
25.35,185,31,5906,316,41.78712297,5743,-18.18729575475057,2.249455181260904,0.001,,
,,,6000,,,5890,-18.62480158683581,2.655680768764936,0.001,138.5816542685032,78.9
27.44,182,34,6204,320,45.17110943000001,6043,-18.599030996623792,2.6190826955594515,0.001,,
29.39,182,35,6488,324,48.23189904,6323,-19.347031893048968,2.2209673213287138,0.001,,
31.46,183,37,6783,328,51.50030522,6612,-19.57196483096561,2.8355338785746325,0.001,,
,,,7000,,,6845,-20.19802407960634,2.7514553753534954,0.001,131.35434453487397,77.7
33.63,180,39,7089,332,55.11723043,6921,-20.25765629818565,2.6438152868496743,0.001,,
35.95,181,40,7408,336,59.02927387,7236,-20.8428373336792,3.1521562449634075,0.001,,
38.05,181,42,7707,340,62.54631845,7540,-21.449414443969726,3.9213612645487244,0.001,,
,,,8000,,,7848,-21.948629429465846,3.199546283012942,0.001,132.87978551387786,77.9
40.31,179,44,8021,344,66.33547268000001,,,,,,
42.48,180,46,8326,348,69.93073016999999,8159,-22.269379465203535,3.685851063383253,0.001,,
44.74,180,47,8640,352,73.76802436000001,8471,-23.055303759691192,4.161055132383254,0.001,,
46.88,181,49,8943,356,77.41533199999999,8771,-23.473151206970215,4.010713539625469,0.001,,
,,,9000,,,8849,-23.44019938737918,4.05008697662598,0.001,133.01200029850006,78.0
49.05,179,51,9249,360,81.00937637,9079,-23.691853703679264,4.407222938537598,0.001,,
51.39,179,53,9571,364,84.97723624,9396,-24.23105766659691,4.686861075550677,0.001,,
53.11,179,54,9831,368,87.79521063,9686,-25.06730658919723,4.850845809336062,0.001,,
,,,10000,,,9867,-25.21225180992713,3.786803225301347,0.001,128.9380530357361,77.0
55.05,178,56,10114,372,90.97865001000002,9940,-25.199388710228174,5.910857602341534,0.001,,
56.71,179,57,10368,376,93.60529724999998,10201,-25.762764177824323,4.447841881157516,0.001,,
58.27,178,59,10612,380,96.21961122000002,10467,-26.042428970336914,4.511706445898328,0.001,,
59.21,178,60,10795,384,97.72802541000003,10659,-26.38182382998259,4.5748536586761475,0.001,,
59.79,178,61,10969,388,98.65330182,10845,-27.00747523588293,4.703299903869629,0.001,,
,,,11000,,,10905,-26.999052429199217,6.147005808353424,0.001,39.70204515606165,30.0
60.04,178,62,11090,392,98.79588357,10965,-27.08310661315918,4.903212761878967,0.001,,
60.32,178,62,11214,396,99.01633813000001,11089,-27.475647989908854,6.821925670869889,0.001,,
61.09,178,63,11387,400,100.49656988999999,11260,-27.64344887111498,5.701973153197247,0.001,,
61.67,178,64,11541,404,101.49327944999999,11405,-28.17403777440389,4.578754258652528,0.001,,
62.4,179,65,11738,408,103.24973581,11594,-28.514248809814454,5.167336113598882,0.001,,
62.18,179,66,11932,412,103.25360573,11788,-29.69548972447713,4.352928866942723,0.001,,
,,,12000,,,11885,-29.78336483499278,4.712724792196395,0.001,84.05493723750115,49.1
62.21,178,68,12127,416,103.88078550999998,11982,-30.16378418604533,4.512271891037623,0.001,,
61.13,178,69,12317,420,102.19642592999999,12176,-30.12433346112569,5.629967264831066,0.001,,
60.33,178,70,12521,424,101.07815082,12379,-31.013368606567383,5.524676647186279,0.001,,
59.43,178,71,12726,428,99.77097753999999,12581,-30.96769368207013,5.41888052004355,0.001,,
58.38,178,72,12927,432,98.03760978999999,12783,-31.388134384155272,5.578587548405516,0.001,,
,,,13000,,,12884,-31.849223870497482,5.66605550401351,0.001,83.32378148436547,48.4
57.14,177,73,13122,436,95.97110987999999,12979,-32.45739455845045,5.653857877913942,0.001,,
56.14,177,74,13321,440,94.30921889999999,13175,-32.63442817687988,5.794288308620453,0.001,,
55.11,178,76,13532,444,92.57687981,13385,-32.90943855285644,4.7683830120984245,0.001,,
54.05,178,77,13731,448,90.84716662,13587,-33.49224365234375,6.935314106941223,0.001,,
52.81,178,77,13921,452,88.73061028999999,13779,-33.314891732257344,4.878886613440006,0.001,,
,,,14000,,,13875,-33.90039865175883,4.125169778863589,0.001,84.56713102459908,49.3
51.7,177,79,14113,456,86.82166538999999,13972,-34.00218319892883,5.0587648923198385,0.001,,
50.57,177,80,14306,460,84.9666187,14163,-34.30634172757467,4.8259499218999125,0.001,,
49.41,178,81,14512,464,82.98577889999999,14370,-34.373684353298614,7.024158495443839,0.001,,
48.8,178,82,14711,468,82.04162401000002,14567,-34.50293477376302,4.8925051226907845,0.001,,
47.95,178,83,14909,472,80.71043037,14768,-35.257846408420136,4.869793281240283,0.001,,
,,,15000,,,14865,-35.823140411376954,5.903685007095337,0.001,89.80779349803925,52.0
47.48,177,84,15116,476,80.12808228,14969,-35.85698699951172,4.869323872602903,0.001,,
46.95,177,86,15307,480,79.255858,15163,-35.51993719736735,6.879321843385696,0.001,,
47.16,177,87,15511,484,79.68493883,15365,-35.99616813659668,5.298386800747651,0.001,,
47.19,178,88,15688,488,79.98085456000001,15548,-36.49098500338468,6.605557968450147,0.001,,
47.78,178,89,15868,492,81.5190483,15728,-36.49561425913935,5.1880513456132675,0.001,,
,,,16000,,,15866,-36.72738125013269,8.160609615885694,0.001,152.79414162039757,86.0
49.6,177,91,16174,496,85.21897169,15992,-36.79652749338457,6.105783939361572,0.001,,
50.18,176,92,16405,500,86.26997703,16247,-37.05787194293478,6.045342267827785,0.001,,
51.85,176,94,16726,504,89.54125705,16573,-37.53958266122,6.1079970962861,0.001,,
,,,17000,,,16890,-37.876905314127605,6.834201768542943,0.001,148.89156865477563,83.3
53.34,176,96,17072,508,92.33596541000001,,,,,,
54.65,176,98,17397,512,94.82383470000002,17214,-38.28732370775799,6.2294194123324225,0.001,,
56.18,176,100,17745,516,97.73497163000002,17562,-38.87565266808798,6.237264788852018,0.001,,
,,,18000,,,17821,-38.77785531068459,6.415582869626299,0.001,154.55864556431771,85.8
57.75,175,103,18092,520,100.70962983,17912,-38.659999515699305,5.473553867130489,0.001,,
59.24,175,104,18445,524,103.59052764,18259,-39.14280412462023,6.476375843142415,0.001,,
60.66,175,106,18792,528,106.43617914999999,18613,-39.53633791901345,6.522560600624528,0.001,,
,,,19000,,,18878,-39.3309322781033,6.616459951135847,0.001,165.35767929553987,89.0
62.2,174,109,19147,532,109.49176593999996,18968,-39.24627448187934,5.262566802236769,0.001,,
63.74,174,111,19496,536,112.52974576999999,19315,-39.97280111312866,6.00594509691,0.001,,
65.21,175,113,19842,540,115.40694567999998,19662,-40.064744567871095,7.743461279074351,0.001,,
,,,20000,,,19833,-39.75396964663551,6.373513555526733,0.001,153.48144581913948,85.0
66.6,173,116,20192,544,118.19450036,20016,-39.97827597724067,7.327718849976858,0.001,,
67.94,173,118,20525,548,120.79606340999999,20345,-39.89064081703744,6.730611123234393,0.001,,
69.27,173,119,20848,552,123.25567487,20669,-40.310090008903956,5.169619276243098,0.001,,
,,,21000,,,20835,-40.58122024536133,6.4334545061912065,0.001,153.07628269195556,84.4
70.65,173,122,21178,556,125.83133528,21009,-40.44569475000555,6.37021813202988,0.001,,
72.14,173,124,21520,560,128.65886024999998,21338,-40.54542278108143,6.251218682312103,0.001,,
73.36,173,125,21848,564,130.95100921,21669,-40.72882675543064,6.279809052685657,0.001,,
,,,22000,,,21839,-41.155311221168155,5.544037234081942,0.001,143.51161139011384,81.4
74.67,172,128,22178,568,133.38503957,22003,-40.87129211425781,6.025801606121517,0.001,,
75.97,173,129,22506,572,135.75894145,22331,-41.167558902647436,7.024645689057141,0.001,,
77.17,173,131,22833,576,137.9670175,22658,-41.01308264383456,7.888484419845954,0.001,,
,,,23000,,,22900,-41.46024217605591,4.868591945382613,0.001,143.01547120213507,81.7
78.52,172,134,23159,580,140.38374384,22979,-41.225904220189804,8.383231719837912,0.001,,
79.82,172,136,23493,584,142.78786031,23317,-41.94430216347299,4.61790712052081,0.001,,
81.44,172,138,23832,588,145.82598306,23658,-41.95627399020725,5.696860123216436,0.001,,
,,,24000,,,23822,-42.39035833449591,6.1143858801750905,0.001,147.58428131341935,82.9
82.82,171,140,24150,592,148.26118276,23974,-42.2974484761556,6.347838688980449,0.001,,
83.03,171,142,24477,596,148.66854842,24305,-41.83860524495443,6.59740746588934,0.001,,
83.9,172,143,24795,600,150.31994352,24631,-42.73134178339049,7.09784318679987,0.001,,
,,,25000,,,24843,-43.30895810808454,4.591182386875152,0.001,121.59171469211579,68.7
83.54,171,145,25080,604,149.69852964999998,24913,-42.83998903547015,5.0064952458654135,0.001,,
82.96,171,147,25368,608,148.62747719,25206,-43.10957168130314,4.422031925005071,0.001,,
82.55,171,149,25652,612,147.86259135999998,25480,-43.48473188612196,5.639202032290714,0.001,,
82.47,171,151,25992,616,147.47586469,25806,-43.5681581302565,7.676818482729853,0.001,,
,,,26000,,,25898,-43.99269692794137,6.663233865862307,0.001,123.55680270195008,69.4
82.07,171,153,26299,620,146.66698753,26127,-43.77075772407727,5.596553311898158,0.001,,
81.01,171,154,26546,624,144.60218997999996,26382,-44.201170701246994,5.931158213615418,0.001,,
80.37,171,156,26829,628,142.98763370999998,26670,-44.41369917586043,6.413210253192954,0.001,,
78.08,171,157,26955,632,137.89508167999998,26840,-45.12494087219238,4.532027853162665,0.001,,
,,,27000,,,26904,-45.408733714710586,8.763875982978128,0.001,44.228938832692805,35.3
76.28,171,158,27124,636,133.84121051000002,26963,-45.03680775083345,10.457967725850768,0.001,,
73.66,171,159,27208,640,127.91407397999997,27091,-45.44389088948568,9.349466171529558,0.001,,
71.1,171,159,27302,644,121.99927184999999,27176,-45.460282839261566,8.356029336269085,0.001,,
68.54,171,160,27379,648,116.30406105,27270,-45.39742872450087,9.379197312725914,0.001,,
65.97,171,160,27445,652,110.82735499,27334,-45.77330059475369,9.088492828256944,0.001,,
63.31,171,160,27509,656,105.21854497999998,27399,-45.10023880004883,5.161591678857803,0.001,,
61.21,171,161,27641,660,100.57214542999998,27471,-44.86877981821696,8.693735485275587,0.001,,
61.03,171,163,27951,664,100.00568560000002,27783,-45.43000120865671,7.28245715091103,0.001,,
,,,28000,,,27891,-44.93006627699908,5.293564607115353,0.001,37.09258855879307,40.6
59.0,170,164,28078,668,95.08973686999998,27952,-46.56185621373794,8.266210149316226,0.001,,
56.92,170,165,28198,672,90.21501203,28072,-45.238837178548174,7.352950383876932,0.001,,
54.98,170,165,28331,676,85.52700045,28197,-45.7769577923943,11.509783225900987,0.001,,
54.14,170,167,28573,680,83.27409806,28442,-46.37809629698057,10.437917087529156,0.001,,
53.37,170,168,28830,684,81.49302581,28675,-45.890693283081056,8.474758254157173,0.001,,
,,,29000,,,28880,-45.32834380013602,14.555310090382894,0.001,133.45826753377915,78.1
52.27,170,170,29059,688,78.74044441,,,,,,
52.25,170,172,29375,692,78.91825621,29199,-46.85970045390882,10.500997210477854,0.001,,
52.26,170,174,29703,696,79.00030955999999,29519,-46.835345570634054,8.974329676972815,0.001,,
,,,30000,,,29866,-47.73669195175171,6.735415218751641,0.001,148.67697021365166,83.7
52.44,170,176,30039,700,79.34178277000002,,,,,,
53.03,170,178,30383,704,80.46166585,30207,-47.811866937681685,12.071634748886371,0.001,,
53.61,170,180,30729,708,81.48732763,30547,-48.22632728923451,10.31488799111227,0.001,,
,,,31000,,,30893,-48.1350923018022,9.90407310041149,0.001,165.74502623081207,91.3
54.26,169,182,31078,712,82.69421629,,,,,,
54.56,169,185,31448,716,83.43721934,31260,-48.65966493256238,9.330218098827244,0.001,,
55.35,170,187,31834,720,84.98547425999999,31643,-49.264127528413816,10.90888400534366,0.001,,
,,,32000,,,31848,-48.80362475359881,7.1115457150671215,0.001,173.7575362920761,95.9
56.75,169,190,32221,724,87.60214157,32037,-49.00190760872581,9.967018225219812,0.001,,
57.53,169,192,32582,728,89.38464931,32397,-49.64033465915256,11.814896161739643,0.001,,
59.88,169,194,32943,732,94.48881844000002,32762,-49.85792550173673,10.440690062262796,0.001,,
,,,33000,,,32849,-49.60460334600404,12.103352801553134,0.001,163.0760609984398,90.4
61.75,169,196,33299,736,98.58439929000001,33117,-50.25234465165572,9.021538927313987,0.001,,
64.3,169,198,33638,740,104.33969766999999,33459,-49.28316059112549,9.871376190656497,0.001,,
66.84,169,200,33986,744,110.11378729999998,33806,-50.63237837086553,8.897972387271922,0.001,,
,,,34000,,,33892,-50.38620110445245,10.21783864082292,0.001,160.97572929263114,90.1
69.78,168,203,34357,748,116.46727617999998,34165,-50.38392656114366,9.992315087999616,0.001,,
73.17,168,205,34762,752,123.38911933,34568,-50.411662101745605,8.283638591949757,0.001,,
,,,35000,,,34873,-50.575528364915115,9.891360937981378,0.001,190.06159638762475,109.4
76.61,168,208,35170,756,130.31738966999998,34977,-50.702684475825386,9.465994125375381,0.001,,
79.69,168,211,35610,760,136.50176936999998,35413,-49.92221171515329,7.088280823378437,0.001,,
,,,36000,,,35845,-50.99407445734197,6.925551210437809,0.001,182.9045643746853,103.1
80.88,168,213,36039,764,138.83302298,,,,,,
83.51,168,215,36429,768,144.82505401,36237,-51.07627349853516,7.8003815495967865,0.001,,
86.9,169,218,36888,772,151.82227176000004,36675,-51.26354512860698,6.8878084125518795,0.001,,
,,,37000,,,36794,-50.95260454813639,8.358845424251395,0.001,199.1786703646183,114.2
90.15,168,221,37346,776,158.67386909,37143,-51.41571058545794,10.920736919462154,0.001,,
91.74,169,223,37747,780,162.39042631,37554,-51.26814921696981,7.585570770815799,0.001,,
,,,38000,,,37846,-51.57409739494324,8.822890727470318,0.001,179.07012383937837,99.6
93.07,168,225,38137,784,165.26945565000003,37943,-51.484877030054726,9.548263335965343,0.001,,
94.65,169,227,38524,788,168.78165879000005,38316,-51.03602981567383,8.572872579782858,0.001,,
95.35,169,229,38910,792,169.81955811,38726,-51.674233300345286,8.27766699166525,0.001,,
,,,39000,,,38904,-51.832687464627355,6.783435295928609,0.001,172.7986746251583,91.8
96.19,169,232,39322,796,171.12050104999997,39102,-51.106839705486685,8.061890233536156,0.001,,
96.58,169,234,39697,800,172.01075203,39501,-51.84826578992478,6.625741001179343,0.001,,
,,,40000,,,39808,-52.16646099090576,8.031892931709686,0.001,181.31735648214817,110.2
97.43,168,237,40126,804,172.95323975000002,39917,-52.086032231648765,8.687709711013584,0.001,,
98.0,168,240,40529,808,173.74332100000004,40347,-51.43784515674297,7.388703362299846,0.001,,
98.18,168,242,40896,812,174.14692464000007,40703,-51.84564930459727,6.662275752295619,0.001,,
,,,41000,,,40802,-52.010135116577146,9.06068111790551,0.001,181.34097868800163,112.9
98.74,167,246,41322,816,174.68749707000003,41126,-51.33395248413086,7.002340422868729,0.001,,
98.88,167,249,41722,820,174.80633089,41530,-51.81285047531128,6.611699752509594,0.001,,
,,,42000,,,41820,-51.91616195678711,6.746287219452135,0.001,169.985567009449,89.8
98.63,166,253,42084,824,174.66200052,41910,-51.1302981906467,6.407720140616099,0.001,,
98.46,166,255,42428,828,174.52700835,42250,-51.67942959329356,6.357582544503004,0.001,,
98.34,166,257,42777,832,174.48292837,42593,-51.902679443359375,6.979023923819092,0.001,,
,,,43000,,,42865,-52.360698943442486,5.684809447603023,0.001,175.34019238352775,96.4
98.5,165,260,43149,836,174.87176241999998,42963,-51.95391946909379,6.578004416154355,0.001,,
98.68,166,261,43506,840,175.31127993,43323,-52.23687015880238,7.5737225765531715,0.001,,
99.15,166,263,43901,844,176.24368254,43705,-51.96402813838078,6.9857469487648745,0.001,,
,,,44000,,,43904,-52.87731209579779,8.27520961491103,0.001,185.0376195669174,100.6
99.19,165,266,44276,848,176.50901573,44091,-52.10122050409732,5.681566945968136,0.001,,
99.06,166,268,44668,852,176.54306041999996,44471,-52.74235275268555,6.966209369130654,0.001,,
,,,45000,,,44885,-53.29372069414924,6.4385567591028305,0.001,175.30215647220612,93.5
99.05,165,271,45075,856,176.78113684,,,,,,
98.49,166,273,45459,860,176.17880434000003,45270,-53.48685867932378,7.3671368753787165,0.001,,
97.87,166,275,45826,864,175.40251691999998,45636,-53.233458823346076,6.414471945454998,0.001,,
,,,46000,,,45849,-53.686017398176524,6.700239577863971,0.001,187.29586087465287,103.6
98.38,165,278,46267,868,176.38449694000002,46067,-53.5579565516058,8.296258175484487,0.001,,
97.82,166,281,46670,872,175.82689854,46482,-54.03002746582031,5.047132549863873,0.001,,
,,,47000,,,46873,-53.59097392742451,6.021743941765565,0.001,181.824494856596,99.2
97.2,165,284,47066,876,175.17252420999998,,,,,,
97.12,165,286,47459,880,175.30144191000002,47265,-54.979982223510746,6.014095734357834,0.001,,
97.39,165,288,47876,884,175.85827233999996,47676,-54.154587538346,7.424783345107194,0.001,,
,,,48000,,,47889,-54.61572128871702,5.853621261142124,0.001,190.7108977138996,107.0
98.03,165,291,48327,888,176.96151401000003,48126,-54.929727613925934,6.648576684824125,0.001,,
98.1,165,293,48720,892,177.42174348999998,48527,-54.440101305643715,7.192667779234267,0.001,,
,,,49000,,,48815,-55.34161783301312,7.39274186600921,0.001,180.56646239757538,98.0
97.87,165,296,49109,896,177.47093503,48915,-54.699171447753905,6.985460147857666,0.001,,
98.17,165,299,49514,900,178.06402094000003,49312,-55.171034954963844,4.265084200717033,0.001,,
97.93,165,301,49919,904,178.31445580000002,49721,-55.261986923217776,8.11368701717641,0.001,,
,,,50000,,,49825,-55.54869923224816,6.730695633934094,0.001,185.31938198804855,99.7
98.3,165,304,50359,908,179.30642739000004,50161,-56.10781471946023,6.207518295124844,0.001,,
98.64,165,306,50760,912,180.03524457,50560,-55.91033869523268,7.2341147133937245,0.001,,
,,,51000,,,50883,-56.13569034848894,8.129413548824006,0.001,198.8701372385025,110.5
98.73,164,310,51195,916,180.74607646,50993,-56.18917534568093,7.428523324836384,0.001,,
99.68,164,314,51690,920,182.31202777000001,51477,-56.19483178853989,6.472676816396415,0.001,,
,,,52000,,,51815,-56.661312966976524,6.545226690904149,0.001,208.59061982035638,117.8
100.44,163,318,52128,924,183.41237336000006,51929,-56.64796802453827,8.237288639210819,0.001,,
101.9,163,321,52618,928,185.61136120000003,52405,-57.062026258827984,5.822418043578881,0.001,,
,,,53000,,,52873,-57.01280010871167,5.015314155029801,0.001,218.6280089557171,124.3
103.15,163,325,53092,932,187.54107858999996,,,,,,
104.03,163,328,53552,936,188.91276127,53343,-57.37581022854509,6.428849030763675,0.001,,
,,,54000,,,53835,-57.99387458275105,8.293649130397373,0.001,213.69305242300032,121.8
105.5,162,331,54056,940,191.05475115000002,,,,,,
106.14,162,334,54515,944,192.10231284999998,54305,-57.96359945933024,5.7259969228555345,0.001,,
,,,55000,,,54786,-58.38677439970129,6.558951747768066,0.001,216.2895646929741,124.1
107.36,162,338,55012,948,193.80898449000003,,,,,,
108.65,162,341,55533,952,195.53007815000004,55313,-58.80426119194656,7.118958881643952,0.001,,
,,,56000,,,55794,-59.558421419377915,6.630637031898164,0.001,214.50830080509186,121.5
109.44,162,345,56019,956,196.60758727,,,,,,
110.51,162,347,56510,960,198.15859687,56286,-59.533238145171616,7.133221384907557,0.001,,
,,,57000,,,56807,-59.63516195496516,8.136001047803395,0.001,230.07496148347855,135.1
112.16,162,351,57042,964,200.40796876999997,,,,,,
112.76,162,354,57543,968,201.2007487,57314,-59.76676807981549,6.700313209577371,0.001,,
,,,58000,,,57833,-60.343250744159405,7.5297283043388195,0.001,215.31569154262542,123.8
113.73,161,358,58043,972,202.55284464,,,,,,
114.38,162,360,58504,976,203.4526766,58297,-60.60115674825815,6.137940736917349,0.001,,
,,,59000,,,58769,-60.683292071024574,8.092326162275205,0.001,231.33969345092774,137.3
115.42,161,364,59001,980,204.86828609,,,,,,
116.13,161,367,59489,984,205.90927726,59290,-61.008041882124104,8.33806592964929,0.001,,
116.35,162,369,59962,988,206.40915398,59737,-61.39598760065043,7.103934772660799,0.001,,
,,,60000,,,59868,-60.99041805845319,6.890945865907742,0.001,202.90899592638016,120.0
117.06,161,373,60426,992,207.03710710000004,60209,-61.329203605651855,7.4690158003852485,0.001,,
118.31,161,376,60940,996,208.04782190999998,60756,-61.3101521694299,6.979924566873157,0.001,,
,,,61000,,,60846,-61.65744637383355,6.756981551647186,0.001,180.31299249827862,104.6
119.22,161,379,61436,1000,208.77157820999997,61242,-62.037892737755406,6.05577029631688,0.001,,
119.11,161,381,61830,1004,208.16334407999994,61624,-61.70383791490035,6.709480999530046,0.001,,
,,,62000,,,61855,-62.63352099919723,7.759015297689357,0.001,220.61438586711884,125.8
119.35,161,385,62294,1008,208.43901964999995,62073,-61.76107046739111,5.44489527086042,0.001,,
119.61,161,387,62721,1012,208.61892980000002,62529,-62.52249369127997,7.801500778773735,0.001,,
,,,63000,,,62857,-63.16631031036377,7.678795848010985,0.001,200.53504264950752,110.3
119.74,161,390,63169,1016,208.89516381,62963,-62.675078913850605,7.27955073343133,0.001,,
119.22,161,392,63612,1020,208.33743130999994,63416,-62.554626950350674,7.446241578188809,0.001,,
,,,64000,,,63856,-63.0436258997236,5.557256438902447,0.001,214.04182849526404,118.9
119.39,161,395,64067,1024,208.74176845999995,,,,,,
119.09,162,397,64527,1028,208.47153692999996,64297,-62.66498593417081,7.664687027802339,0.001,,
,,,65000,,,64796,-63.423500916053506,6.8358108385749485,0.001,200.9074240386486,109.2
119.12,161,401,65004,1032,208.64566869999996,,,,,,
119.07,162,404,65459,1036,208.68908926999995,65245,-63.17859875953803,8.73858593278012,0.001,,
118.52,162,406,65908,1040,208.14790128000004,65701,-63.72198049371893,7.525251793431806,0.001,,
,,,66000,,,65814,-63.94129087213884,5.7212572498659116,0.001,192.7227126777172,102.0
118.28,161,409,66343,1044,207.96187268000003,66138,-64.06769482842807,6.4031712443664155,0.001,,
117.68,162,411,66780,1048,206.75971818999997,66552,-64.02693624345083,5.8426450495682065,0.001,,
,,,67000,,,66810,-63.60870361328125,11.387197026321966,0.001,214.67085899114608,116.1
117.4,161,415,67273,1052,206.72652720000002,67059,-64.31711972144342,8.322299432754516,0.001,,
117.09,162,417,67728,1056,206.60126941,67513,-64.78849547764041,3.6275754278560854,0.001,,
,,,68000,,,67860,-64.82988049691184,5.952735258821855,0.001,211.80923361182212,114.5
116.69,161,421,68179,1060,206.37369339000006,67970,-64.59397777210583,11.260687934268605,0.001,,
115.97,161,423,68639,1064,205.77720485000006,68431,-64.92609071731567,6.300757749804428,0.001,,
,,,69000,,,68897,-64.90746999191026,5.363757543644662,0.001,224.2645247220993,121.2
115.77,161,427,69120,1068,205.89824140000005,,,,,,
115.34,161,429,69577,1072,205.73115219000002,69372,-64.84389114379883,7.337782780329387,0.001,,
,,,70000,,,69820,-65.49599781742802,6.149699436293708,0.001,225.19265149235724,122.6
115.32,161,433,70036,1076,206.12144671000001,,,,,,
115.16,161,436,70517,1080,206.27784358,70308,-65.46647669474284,6.759029863278071,0.001,,
,,,71000,,,70785,-65.96975883108671,6.6348444565397795,0.001,221.29069612026214,120.3
115.16,161,439,71005,1084,206.60601455999998,,,,,,
115.42,161,442,71504,1088,207.25361225,71283,-66.62505074152871,8.57590366348507,0.001,,
,,,72000,,,71800,-66.33525532484055,7.536331356503069,0.001,239.0321570456028,133.9
116.05,161,446,72031,1092,208.82481427,,,,,,
116.16,161,448,72556,1096,210.016026,72333,-66.03569290854715,6.908161333113005,0.001,,
,,,73000,,,72849,-66.59642568127862,5.905545038035792,0.001,232.47699677348137,127.1
116.35,161,452,73071,1100,211.13861381000004,,,,,,
117.39,161,454,73569,1104,213.44435922000005,73349,-66.57500207619589,6.49159303258677,0.001,,
,,,74000,,,73843,-67.1493404841019,6.660484972646681,0.001,213.74398782253266,115.2
117.62,161,458,74056,1108,214.13957677000005,,,,,,
118.02,161,461,74523,1112,215.21798721,74314,-66.7859166264534,6.582738062528175,0.001,,
,,,75000,,,74782,-66.96424792363094,9.825287291636833,0.001,230.7303337931633,126.7
118.31,161,464,75000,1116,215.84798268999998,,,,,,
118.07,161,466,75419,1120,215.60512533999997,75229,-67.04933913548787,7.603414706348144,0.001,,
118.16,161,469,75883,1124,215.95681672000003,75670,-68.09837545197585,6.116669475004591,0.001,,
,,,76000,,,75901,-68.16206053325108,4.316874319953578,0.001,211.0500464975834,111.6
118.35,161,472,76362,1128,216.43135187,76141,-67.29465983464168,12.590736432839895,0.001,,
118.13,161,474,76817,1132,216.37462624000003,76603,-67.90614291599819,8.696395053395204,0.001,,
,,,77000,,,76836,-68.28807429263466,7.5140091887617535,0.001,201.45210760831833,104.8
117.94,161,477,77253,1136,216.42626825,77043,-67.8222075481804,5.590100511155947,0.001,,
118.27,161,480,77735,1140,217.12813634000003,77511,-67.94376121133061,6.327270047139313,0.001,,
,,,78000,,,77858,-68.62586045265198,6.367662360793666,0.001,183.0103015780449,94.9
118.01,161,483,78144,1144,216.87208053999998,77952,-68.47253450434259,6.810746740787588,0.001,,
118.37,161,485,78617,1148,218.26792908000004,78408,-68.98663792844678,5.725340738769405,0.001,,
,,,79000,,,78885,-68.88664245605469,6.049776690065368,0.001,224.4376428425312,122.4
118.27,161,489,79100,1152,218.26447115000002,,,,,,
118.83,161,491,79611,1156,219.16398269,79383,-68.77047505454412,6.327245308293237,0.001,,
,,,80000,,,79870,-69.24191096571626,5.214333045581156,0.001,234.55287211537362,128.2
119.1,161,495,80089,1160,219.67818579000001,,,,,,
119.7,161,497,80609,1164,220.65144787000006,80388,-69.65642564436969,5.643612128716928,0.001,,
,,,81000,,,80871,-70.29890138011868,5.492133203199354,0.001,225.8924324631691,123.4
119.69,161,501,81089,1168,220.6703928,,,,,,
119.77,161,503,81554,1172,220.81466622,81348,-69.64647721407707,9.720690478265812,0.001,,
,,,82000,,,81794,-69.92328590259217,6.907398914035998,0.001,222.96701553463936,119.2
119.68,161,507,82004,1176,220.77509311000003,,,,,,
119.9,161,510,82507,1180,221.04993782999998,82287,-69.76131949990483,8.383802575580145,0.001,,
119.82,161,512,82987,1184,220.96494836,82778,-70.03921654110863,8.476962890625,0.001,,
,,,83000,,,82893,-69.58331727145011,10.03025216848954,0.001,216.5539566755295,116.8
119.63,161,515,83467,1188,220.66991772999998,83250,-70.12639544302957,7.005427449150423,0.001,,
119.14,162,518,83945,1192,219.99343562000004,83741,-70.44171733240927,5.817097865104675,0.001,,
,,,84000,,,83851,-69.78826404918324,6.28165300434286,0.001,219.37046458721161,119.5
118.69,161,521,84425,1196,219.5132655,84215,-70.41224720438973,9.823253461985084,0.001,,
118.05,161,523,84876,1200,218.72810141000002,84675,-70.96045731661613,7.747354709265525,0.001,,
,,,85000,,,84782,-69.75342001738372,9.192388914455877,0.001,227.89365702867508,123.5
118.38,161,527,85407,1204,219.14586057000005,85192,-70.67958710410379,6.290839062392257,0.001,,
118.27,161,530,85883,1208,219.05950601000004,85665,-71.02095426362136,8.345911309636872,0.001,,
,,,86000,,,85789,-71.24417384978264,4.792081432957803,0.001,235.96177791357042,130.7
118.93,161,534,86416,1212,219.93559598000007,86194,-70.99256556584285,7.595596602329841,0.001,,
119.43,161,536,86943,1216,220.71725159,86732,-70.97131962562675,6.8575853279658725,0.001,,
,,,87000,,,86849,-71.39393773572198,6.032215713435768,0.001,216.2666991353035,116.9
119.86,161,540,87405,1220,221.45503307999996,87200,-71.234455431922,7.410819701219009,0.001,,
120.12,161,542,87895,1224,221.74126103999998,87672,-71.25844930833385,9.70674160411281,0.001,,
,,,88000,,,87801,-71.590829372406,5.5975107998811,0.001,225.66856155395507,122.3
120.16,161,546,88378,1228,221.84022854000006,88160,-71.19393007872534,7.061355154376384,0.001,,
120.43,161,549,88860,1232,222.17588817000004,88650,-71.181395007718,4.967483262381246,0.001,,
,,,89000,,,88893,-71.41218021937779,7.07568545228853,0.001,224.1679481804371,123.7
120.9,161,552,89343,1236,222.75683644,89137,-71.58885294596354,7.978033498299023,0.001,,
121.06,161,555,89841,1240,223.01588954000002,89628,-71.87761455471232,5.974868601156493,0.001,,
,,,90000,,,89889,-71.77580164519834,6.263751759495534,0.001,228.21402109861373,124.0
122.23,161,559,90367,1244,224.70880509999998,90152,-72.36300659179688,7.173733071604771,0.001,,
122.29,161,561,90846,1248,224.67905215000002,90634,-71.88745839972245,7.939862523162574,0.001,,
,,,91000,,,90876,-72.47456975137034,6.424417256347595,0.001,218.8516848921776,117.7
122.07,161,565,91307,1252,224.36869204999996,91098,-72.34607883669295,5.210639899117606,0.001,,
121.3,161,567,91741,1256,223.26249337999997,91534,-72.69997655428372,8.911154807760166,0.001,,
,,,92000,,,91886,-72.19941598860945,5.2596947140380985,0.001,227.8845405101776,124.3
121.24,161,570,92213,1260,223.16416259999997,92002,-72.57920745323445,8.675330421020245,0.001,,
120.54,161,572,92663,1264,222.17917619,92456,-72.72585891465009,4.6440649729664045,0.001,,
,,,93000,,,92809,-72.86617225513123,6.36654490859885,0.001,218.87372918128966,118.8
120.6,161,576,93149,1268,222.21263131999996,92934,-73.43487318735274,5.964602703094482,0.001,,
120.8,161,578,93634,1272,222.47371597999998,93424,-72.8030321525805,7.471589428322916,0.001,,
,,,94000,,,93798,-73.1734609042897,6.508780662627781,0.001,225.24674575328828,123.3
121.39,161,582,94143,1276,223.12172621999997,93927,-72.87159621715546,6.532889037169228,0.001,,
121.25,161,585,94632,1280,222.91269223999998,94422,-73.00696300638133,6.421759348330291,0.001,,
,,,95000,,,94899,-73.13403431061775,6.979203885601413,0.001,235.3081742823124,130.0
121.33,161,588,95120,1284,223.04614126,,,,,,
121.64,161,591,95631,1288,223.42411195,95419,-73.29726905153508,7.590496315126834,0.001,,
,,,96000,,,95783,-73.01426856748519,7.04404170763108,0.001,226.3925167620182,125.2
122.0,161,594,96145,1292,223.87469492999998,95920,-73.56666432256284,6.939196771078736,0.001,,
121.94,161,597,96619,1296,223.69887927999997,96407,-73.70780608613612,6.292696781077628,0.001,,
,,,97000,,,96899,-73.35710943312873,6.246751966930571,0.001,224.22974363565444,122.3
122.36,161,600,97112,1300,224.14957661,,,,,,
122.31,161,602,97638,1304,224.04458831,97417,-72.95015612515536,6.157956072778413,0.001,,
,,,98000,,,97806,-73.52989310648904,6.9529482829037,0.001,232.92786626219748,129.0
122.66,161,606,98149,1308,224.42995281000003,97931,-72.82694736603767,5.100460419654846,0.001,,
122.31,161,608,98647,1312,224.01475872,98427,-73.6329102054719,7.283700145721435,0.001,,
,,,99000,,,98796,-73.83232879638672,5.892766571677892,0.001,226.27963396906853,124.9
122.02,161,612,99145,1316,223.46585347999996,98925,-74.10600852966309,6.907831499280856,0.001,,
122.72,162,615,99677,1320,224.27530713,99442,-74.08216107477907,8.206358148046762,0.001,,
,,,100000,,,99817,-74.65052111395474,6.924583528795813,0.001,201.83908354043962,106.8
122.43,161,618,100138,1324,223.95775142999995,99924,-73.76181934497974,9.370106095465545,0.001,,
122.42,161,621,100620,1328,223.98568951,100408,-73.79253575059234,9.609252324774246,0.001,,
,,,101000,,,100886,-73.36919560925713,4.857468507600867,0.001,227.56922414302826,124.8
122.48,161,624,101108,1332,224.08884044,,,,,,
123.07,162,627,101650,1336,224.78637805999998,101411,-74.23439180398289,6.629795066215707,0.001,,
,,,102000,,,101835,-73.65973957606724,5.381752470561437,0.001,239.23954203128815,136.0
123.55,161,631,102196,1340,225.35255972999997,101976,-73.94552913182218,5.480630731329005,0.001,,
123.89,161,634,102756,1344,225.76510346000003,102512,-74.29684656316584,4.003167686588837,0.001,,
,,,103000,,,102793,-73.88179755577674,5.391042692515686,0.001,240.93149888515472,133.9
124.24,161,637,103270,1348,226.25607022,103058,-73.72922261555989,6.058207234382629,0.001,,
124.61,162,640,103768,1352,226.84216125999998,103551,-74.08987996115613,5.241050746903491,0.001,,
,,,104000,,,103791,-73.93187450540476,5.650556089531662,0.001,232.96294136047362,126.8
125.15,162,643,104256,1356,227.71224525999997,104036,-74.43021404743195,4.400985238120311,0.001,,
125.5,162,645,104763,1360,228.15962325000004,104528,-74.22539335681546,5.149795881202144,0.001,,
,,,105000,,,104781,-73.87529482160296,4.858990400497403,0.001,244.4969451546669,136.2
126.39,162,649,105302,1364,229.38633142000003,105065,-73.80226262410481,6.473649347821872,0.001,,
127.54,162,652,105903,1368,230.90167215000002,105651,-74.63573872884115,6.488076241811116,0.001,,
,,,106000,,,105809,-74.70644156540496,5.508998920645895,0.001,239.2883800625801,131.3
128.06,162,655,106440,1372,231.61701183000002,106210,-74.22534473964146,5.625643093808949,0.001,,
128.2,162,658,106963,1376,231.89858521000005,106729,-74.11865900433253,5.615034963876482,0.001,,
,,,107000,,,106869,-74.53743111746651,4.540832004802567,0.001,237.03272255063058,130.6
128.34,162,662,107466,1380,232.16941183999998,107244,-74.95606371561686,6.725129522879919,0.001,,
128.52,162,664,107972,1384,232.49352649,107748,-74.74968411845546,3.3713849351658083,0.001,,
,,,108000,,,107878,-74.58447993351864,6.87536332148772,0.001,243.4766057729721,135.4
128.61,162,668,108492,1388,232.73485848,108258,-74.4000985622406,3.905784330330789,0.001,,
,,,109000,,,108837,-75.34249781219053,4.977503125484173,0.001,253.3452778041363,144.5
129.35,162,672,109080,1392,233.78244777999996,,,,,,
129.76,162,675,109595,1396,234.38890036,109383,-75.155373544404,6.105364206162366,0.001,,
,,,110000,,,109873,-74.49023207407149,5.819202050918669,0.001,237.4832541167736,130.4
129.85,162,679,110097,1400,234.65046859000003,,,,,,
129.68,162,681,110606,1404,234.62257540000002,110382,-75.20229573403635,6.354300304641568,0.001,,
,,,111000,,,110884,-75.34420122419085,4.911226710220715,0.001,231.14635896086693,125.6
129.6,162,685,111109,1408,234.62646743000005,,,,,,
129.51,162,688,111598,1412,234.57204843,111382,-75.07722666906932,6.062250834135782,0.001,,
,,,112000,,,111880,-75.48515356740644,5.9444984798508935,0.001,221.98972789049148,118.8
129.5,162,691,112095,1416,234.75574358000003,,,,,,
129.01,162,694,112578,1420,234.35750831000004,112363,-75.40404110863095,7.6502958961895535,0.001,,
,,,113000,,,112881,-75.5658846768466,4.708639075810259,0.001,237.98229479789734,130.7
129.73,161,698,113111,1424,235.47604134000002,,,,,,
129.83,162,700,113603,1428,235.75764550000002,113394,-75.35044300556183,7.361863567493856,0.001,,
,,,114000,,,113878,-75.47084105960907,5.670273360729218,0.001,224.34218685030936,118.9
129.78,161,704,114086,1432,235.94964863000004,,,,,,
129.19,162,706,114569,1436,235.47254544000003,114355,-74.44928793179787,4.120192442621503,0.001,,
,,,115000,,,114851,-75.47329052424027,5.551978284019535,0.001,236.2081999003887,126.5
128.73,162,710,115069,1440,235.12048386999996,,,,,,
128.13,162,712,115569,1444,234.55421444000004,115349,-75.7466251488888,6.225151441599193,0.001,,
,,,116000,,,115847,-75.47585665795111,5.566742918183727,0.001,243.6622898697853,131.6
128.0,162,716,116070,1448,234.54984771999997,,,,,,
128.18,162,718,116586,1452,234.96305110999998,116371,-75.83069963597539,4.91098091006279,0.001,,
,,,117000,,,116884,-75.53954679048978,8.393287332483041,0.001,244.9302542567253,132.6
128.62,162,722,117118,1456,235.73240952000003,,,,,,
128.67,162,725,117630,1460,236.00749331999998,117409,-75.44883851082095,5.193892328489211,0.001,,
,,,118000,,,117785,-76.01393214991835,5.086488620052493,0.001,234.84302664399146,124.8
128.26,162,728,118128,1464,235.62665284000002,117910,-75.3022948976547,6.558714295864105,0.001,,
127.33,162,731,118636,1468,234.60336230000001,118417,-75.9676558971405,6.514658158645034,0.001,,
,,,119000,,,118903,-75.32060915629069,5.58587965965271,0.001,245.61637389063836,132.5
126.92,162,734,119132,1472,234.27851496000002,,,,,,
127.1,162,737,119673,1476,234.68702539000003,119433,-76.56500071863974,4.742981958389282,0.001,,
,,,120000,,,119838,-76.73707919650607,5.815725877171471,0.001,240.70356318354607,129.9
127.19,162,740,120185,1480,235.03431626000005,119966,-75.80485165119171,5.686062151566148,0.001,,
127.18,162,743,120690,1484,235.18932642,120463,-76.16146741594586,4.327283032356747,0.001,,
,,,121000,,,120849,-76.13475631455243,5.634491898933379,0.001,238.86088281869888,126.0
127.0,162,746,121192,1488,235.20182108,120974,-76.73644547235398,5.760824850082398,0.001,,
126.2,162,749,121700,1492,234.51872416999998,121478,-76.17996806483114,6.36913688638346,0.001,,
,,,122000,,,121867,-76.8384428024292,4.704252108122951,0.001,239.39521503448486,127.6
126.25,162,752,122220,1496,234.86797987000003,121996,-76.42669266920824,5.169720933418866,0.001,,
126.43,162,754,122740,1500,235.44368931,122507,-76.60824437295237,8.03923591041565,0.001,,
,,,123000,,,122777,-76.88479203444261,4.4695587390251745,0.001,242.0131527006626,129.1
126.74,162,758,123280,1504,236.10698762,123044,-76.55920948701747,5.377885864499738,0.001,,
126.97,162,761,123806,1508,236.61015107000003,123579,-77.31694672599671,5.523772373558983,0.001,,
,,,124000,,,123835,-76.64205782530738,4.10298623641332,0.001,241.60688333511354,130.1
127.04,162,764,124302,1512,236.93157921999997,124083,-76.18852996826172,4.212652084231377,0.001,,
127.24,162,767,124819,1516,237.35994854,124580,-76.53946590423584,3.0719652357511222,0.001,,
,,,125000,,,124877,-76.37966507359555,6.0303388265402695,0.001,247.6144544363022,133.9
128.0,162,771,125378,1520,238.55393021,125148,-76.76740358792819,4.649054092627305,0.001,,
127.96,162,773,125907,1524,238.74521652000004,125690,-77.26674183436802,5.970179602929524,0.001,,
,,,126000,,,125813,-77.10038244528849,5.398619559237628,0.001,244.5509730756283,127.4
128.17,162,777,126420,1528,239.32161369000005,126202,-77.34662827201511,6.033476140188134,0.001,,
128.64,162,780,126950,1532,240.03679176999998,126718,-76.79231988230059,4.87344099302602,0.001,,
,,,127000,,,126856,-77.92911330513333,6.918637840644173,0.001,245.8135726749897,133.6
128.96,162,783,127465,1536,240.57119749999995,127233,-77.16520376054068,6.055095668852799,0.001,,
129.17,162,786,127986,1540,241.02341882999994,127764,-77.18042349815369,7.529936519917101,0.001,,
,,,128000,,,127892,-76.86868834495544,4.137055151630193,0.001,243.10179867744446,131.2
129.51,162,790,128520,1544,241.5794035,128296,-78.26598283979628,4.892217329332045,0.001,,
,,,129000,,,128831,-77.64693133036296,3.9610474386976824,0.001,257.90905101299285,140.7
129.93,162,794,129063,1548,242.28341081000002,,,,,,
130.13,162,797,129599,1552,242.64237116,129377,-77.42930924892426,7.4354036491970685,0.001,,
,,,130000,,,129875,-78.12779078407893,6.353100389007508,0.001,242.7346362888813,131.7
129.88,162,800,130106,1556,242.11650040000004,,,,,,
129.94,162,803,130624,1560,242.13800185999997,130401,-77.92281049092611,6.272644255279509,0.001,,
,,,131000,,,130905,-78.04368628830206,6.449958723735034,0.001,237.55972269773483,127.5
129.95,162,806,131123,1564,242.25615028999997,,,,,,
130.24,162,809,131660,1568,242.95041090000004,131428,-78.2766006932114,6.720650881980404,0.001,,
,,,132000,,,131830,-78.33229143479291,4.67112081191119,0.001,230.61630020737647,124.8
130.49,162,812,132181,1572,243.35326260000002,131954,-78.67931279828471,6.541445167314622,0.001,,
130.23,162,815,132696,1576,243.12807122,132473,-78.33783891465929,6.054466800426874,0.001,,
,,,133000,,,132884,-78.2610151163737,5.718310977617899,0.001,243.23826226592064,132.3
130.58,162,818,133243,1580,243.68246289,133012,-78.65741968154907,3.689906929153949,0.001,,
130.68,162,821,133758,1584,243.86868749,133532,-78.80465559525923,4.316742906967799,0.001,,
,,,134000,,,133792,-77.62877523899078,6.287960136774927,0.001,249.25669846534728,134.2
130.82,162,825,134274,1588,243.99811146999997,134055,-78.89241234915598,5.1195211736023,0.001,,
131.04,162,827,134804,1592,244.24700895,134578,-78.31790221683563,5.709148129463196,0.001,,
,,,135000,,,134839,-78.37485027313232,5.019855650358422,0.001,248.74467459321022,130.1
131.28,162,831,135348,1596,244.88720515,135116,-78.61019701276507,5.807000420505195,0.001,,
131.38,162,833,135878,1600,245.24351359999997,135652,-78.9877212524414,7.391793095214027,0.001,,
,,,136000,,,135784,-78.57099325006658,5.401481824842366,0.001,256.6554073512554,134.2
131.24,162,837,136404,1604,245.43256865999996,136181,-78.5634408068301,4.4077863364077325,0.001,,
131.25,163,839,136931,1608,245.69454728999997,136711,-78.84777889829694,3.3186496279456397,0.001,,
,,,137000,,,136837,-78.38961210704986,4.163140291259403,0.001,251.8365760087967,130.1
131.68,163,842,137470,1612,246.79710740000002,137227,-78.9658210167518,4.020327138536759,0.001,,
131.76,163,845,137995,1616,247.33148321000002,137775,-78.82519276936848,2.6149551671126794,0.001,,
,,,138000,,,137901,-79.22889455159505,6.255074254577122,0.001,248.6422020673752,125.1
131.59,163,848,138537,1620,247.62132562000002,138308,-78.91468987948653,4.7375906109809875,0.001,,
,,,139000,,,138884,-79.69273742675782,6.045911124488652,0.001,255.56270408034325,132.7
132.04,163,852,139111,1624,248.73607536,,,,,,
132.26,163,854,139646,1628,249.49792687999994,139415,-78.73376476764679,5.037059736344242,0.001,,
,,,140000,,,139832,-79.69889548165457,4.210046701346125,0.001,292.5877384722233,143.5
132.52,163,858,140202,1632,250.95040859999997,139972,-79.25620487758091,6.640196598427636,0.001,,
133.02,163,861,140767,1636,252.74572246999998,140536,-79.11947431062397,6.083558768426117,0.001,,
,,,141000,,,140823,-79.60020680745443,5.036403514544169,0.001,287.2602379500866,144.0
133.67,163,865,141353,1640,254.74535125999998,141115,-79.34726434004934,4.17108385500155,0.001,,
134.44,163,868,141964,1644,256.95056631000006,141720,-79.36128410926231,5.0085070201983815,0.001,,
,,,142000,,,141870,-79.54769805908204,6.587948752244314,0.001,301.61503010988235,149.9
135.03,163,872,142566,1648,258.96369755,142333,-78.87715228192218,5.768046536753254,0.001,,
,,,143000,,,142759,-80.1497310093471,4.5722612134108305,0.001,294.25190674066545,145.4
135.55,163,876,143154,1652,261.04857904999994,142909,-79.9450606282552,5.645310627619425,0.001,,
136.24,163,879,143730,1656,263.52558841,143487,-80.11722081144092,5.857892690829828,0.001,,
,,,144000,,,143777,-80.21222490583148,4.5982265497775785,0.001,293.3976486802101,144.0
136.91,163,883,144315,1660,265.68399038999996,144081,-80.55384492874146,4.944856972247362,0.001,,
137.8,163,886,144903,1664,268.33241988,144667,-80.33554818596639,5.800770463643374,0.001,,
,,,145000,,,144809,-80.3354478218186,5.404900963037786,0.001,290.0554719507694,140.8
138.1,163,891,145470,1668,270.01348501999996,145236,-80.22738658206563,5.127774755719682,0.001,,
,,,146000,,,145810,-80.49739902120241,4.208815537445934,0.001,267.1309746384621,136.1
138.68,163,895,146049,1672,271.98362087000004,,,,,,
139.71,163,898,146667,1676,274.52531019,146429,-81.2535756111145,6.775710623086609,0.001,,
,,,147000,,,146848,-81.3590646273848,4.112060154261797,0.001,277.81495996713636,142.2
139.58,163,902,147201,1680,275.17598923,146986,-80.88594983971637,6.075958164273828,0.001,,
139.68,163,905,147726,1684,276.31705592000003,147494,-81.4365156942339,3.6630493034993794,0.001,,
,,,148000,,,147902,-81.64429667458606,4.911576571321129,0.001,254.40305433450266,145.4
139.67,162,909,148241,1688,275.5513889,147981,-80.62416526598808,5.306592687775817,0.001,,
140.17,163,912,148821,1692,275.58550533,148579,-81.42967572893416,4.719895799109277,0.001,,
,,,149000,,,148864,-81.73420947530995,5.691655180750102,0.001,295.50199619531634,140.4
140.32,162,916,149380,1696,276.98521236000005,149145,-82.48706523350307,6.776000377110073,0.001,,
140.92,163,919,149970,1700,279.27431367,149732,-82.1274646577381,5.638162931282364,0.001,,
,,,150000,,,149876,-82.42708280351427,5.499996138943566,0.001,303.9380040168762,143.7
141.38,162,923,150542,1704,281.11819520000006,150308,-82.51547263325125,5.188919485479161,0.001,,
,,,151000,,,150888,-82.10063252766928,4.828669460614522,0.001,304.70987248420715,149.6
141.98,162,927,151129,1708,283.35905241,,,,,,
142.72,162,930,151742,1712,285.26772753,151496,-83.28976922286184,5.431810622973158,0.001,,
,,,152000,,,151806,-83.38514796389809,5.794839717919314,0.001,294.5044091939926,145.3
143.55,162,935,152350,1716,287.69975435,152109,-84.0135579566433,5.055846918119143,0.001,,
144.03,162,938,152940,1720,289.09624998000004,152698,-83.67578937480977,4.500445967757857,0.001,,
,,,153000,,,152846,-83.7323278478674,3.800238778059547,0.001,322.48797218203543,155.0
144.35,162,943,153546,1724,290.53486121000003,153306,-83.87112008708797,6.326465191089944,0.001,,
,,,154000,,,153776,-83.74894630618212,7.874806493520737,0.001,313.254861497879,151.9
145.37,162,947,154183,1728,292.51934707,153928,-84.41484852841026,8.047451631803261,0.001,,
145.91,162,950,154793,1732,294.06413268999995,154546,-84.58377294671045,4.485037807760568,0.001,,
,,,155000,,,154853,-84.81903690486759,5.7935697707262905,0.001,322.9742655217648,153.0
146.43,162,955,155410,1736,295.39454452999996,155163,-85.49963301646558,4.52089998219748,0.001,,
,,,156000,,,155780,-85.70013895670573,6.261836087143661,0.001,305.6553227066994,153.5
146.75,162,959,156028,1740,295.8155565,,,,,,
146.76,162,963,156640,1744,296.36271544000004,156397,-86.06282221127863,4.614731519400668,0.001,,
,,,157000,,,156848,-85.76099540613875,8.225865748109698,0.001,308.0530707776546,147.2
146.67,162,967,157233,1748,296.70968568999996,156989,-86.67358692714146,5.052940310315883,0.001,,
146.81,162,970,157835,1752,297.48695491999996,157590,-87.23120829933568,5.578259941757909,0.001,,
,,,158000,,,157895,-86.79258054262633,7.552309806083704,0.001,315.17916291356084,149.8
147.15,162,975,158445,1756,298.42298789,158198,-87.29915120051457,7.167855015108662,0.001,,
,,,159000,,,158793,-87.31730561507375,6.004332861090018,0.001,323.26998403072355,151.9
147.27,162,979,159042,1760,299.45099767,,,,,,
147.54,162,982,159657,1764,300.37537422,159401,-88.42949270900291,4.121363603616063,0.001,,
,,,160000,,,159867,-88.36235196966874,4.821889575374754,0.001,327.7678731203079,155.2
148.01,162,987,160271,1768,301.73171074000004,160023,-88.73188331799629,7.812047849863004,0.001,,
148.32,162,990,160881,1772,302.90888842,160627,-89.56387504371438,5.4616317185195715,0.001,,
,,,161000,,,160787,-89.32788209915161,5.147705900669098,0.001,308.5028129696846,142.5
148.24,162,994,161491,1776,303.56734739,161245,-89.5551286528382,4.544679119152093,0.001,,
,,,162000,,,161864,-90.64770096226742,6.5787072126439075,0.001,326.9872041642666,154.3
149.18,162,999,162119,1780,305.93030247,,,,,,
150.08,162,1002,162734,1784,308.15098751,162483,-89.85905983078648,7.1109172972765835,0.001,,
,,,163000,,,162798,-90.84119589117509,5.569828843014149,0.001,322.371933734417,151.2
151.14,162,1006,163355,1788,312.42102183,163112,-90.31811175768888,7.057311099046355,0.001,,
151.14,162,1009,163935,1792,315.14108809000004,163712,-90.78697886149088,6.147372702624174,0.001,,
,,,164000,,,163841,-91.74547290802002,7.927031937495682,0.001,321.5247545003891,148.7
151.61,162,1014,164541,1796,316.34807976999997,164293,-91.26790668438008,4.906851649284363,0.001,,
,,,165000,,,164893,-91.46330190959729,9.098919511620515,0.001,339.285376149416,160.1
151.71,162,1019,165141,1800,316.97274366,,,,,,
152.18,162,1022,165760,1804,317.98587036000004,165512,-91.97217405164564,5.566474540813549,0.001,,
,,,166000,,,165818,-92.3989863144724,5.894954439840819,0.001,328.05791438817977,155.3
152.39,161,1027,166368,1808,318.76685497,166124,-92.48270457499736,6.81968781493959,0.001,,
152.38,162,1030,166980,1812,319.44523633,166731,-93.42806295446448,5.923796854563207,0.001,,
,,,167000,,,166886,-93.15852365738306,7.4547999189746,0.001,318.48299885988234,147.0
152.21,161,1034,167571,1816,319.6615600100001,167331,-93.72485330942514,3.248544963414237,0.001,,
,,,168000,,,167783,-93.66029638993113,7.070714608516568,0.001,321.94536477923396,149.1
152.38,161,1039,168178,1820,320.75991295999995,167929,-93.83915511875936,5.117079480870129,0.001,,
152.36,161,1043,168782,1824,321.33309588,168539,-94.45226463904747,7.123717590502113,0.001,,
,,,169000,,,168829,-93.93080357142857,7.590548611701803,0.001,320.7718328475952,147.7
152.07,161,1047,169390,1828,321.84549962,169134,-95.02465520931196,6.252232397658916,0.001,,
151.0,161,1051,169893,1832,319.49970792,169761,-95.29068053396125,7.865063971164179,0.001,,
,,,170000,,,169799,-95.10792501349198,4.666588115064721,0.001,318.97173365354536,149.7
150.9,161,1055,170500,1836,319.7238654,170255,-94.85309662690034,6.991995201814895,0.001,,
,,,171000,,,170866,-94.7426828951449,6.207692153550483,0.001,325.1377148747444,152.2
150.82,161,1060,171110,1840,320.59576477,,,,,,
150.83,161,1063,171723,1844,321.05256403,171477,-95.71639869786516,5.010366709727161,0.001,,
,,,172000,,,171778,-96.24367655436198,7.072585022689512,0.001,326.9031318068504,151.6
150.81,161,1068,172314,1848,321.621004,172081,-96.41312683105468,7.883549862702687,0.001,,
150.73,161,1071,172908,1852,321.69071841,172665,-96.54897617649388,8.147753984336084,0.001,,
,,,173000,,,172814,-96.83523244222005,6.2544919588421815,0.001,320.6339632809162,147.9
150.48,161,1075,173493,1856,321.84814534,173265,-96.74282795109161,5.29131081315125,0.001,,
,,,174000,,,173840,-96.40612933510228,6.190072800768049,0.001,329.444070994854,153.0
150.5,161,1080,174092,1860,322.13371915,,,,,,
150.28,161,1083,174685,1864,322.01269116,174449,-97.3511125664962,5.276627482552278,0.001,,
,,,175000,,,174892,-97.40084333543653,6.811150608499066,0.001,320.22569144964217,149.6
150.13,161,1088,175284,1868,321.83149718,175039,-97.56486344010862,7.705442418857497,0.001,,
150.0,161,1091,175881,1872,321.84382500000004,175639,-97.8730961192738,5.853116140737162,0.001,,
,,,176000,,,175787,-98.13348770141602,7.224605568357416,0.001,318.1544810295105,144.6
149.76,161,1095,176467,1876,321.81568211,176232,-98.0951167515346,5.707935688557563,0.001,,
,,,177000,,,176825,-98.30226960900711,5.852397398589408,0.001,327.1284299373627,151.3
149.51,160,1100,177070,1880,321.51804635,,,,,,
149.37,161,1103,177671,1884,321.32388762,177424,-98.58263630337186,7.367725758285789,0.001,,
,,,178000,,,177884,-99.00576901126217,9.169380235516169,0.001,328.8444937348366,156.0
149.41,160,1108,178296,1888,321.34028055,178045,-99.0374192237854,6.687558411071019,0.001,,
149.82,160,1111,178917,1892,321.99792792,178674,-99.84505844116211,5.035945593926215,0.001,,
,,,179000,,,178823,-100.30472894617029,5.7491021652349685,0.001,329.5080100595951,155.3
149.9,160,1115,179531,1896,322.06411549000006,179283,-99.55495090973683,5.872364970529155,0.001,,
,,,180000,,,179883,-100.45773727829392,6.8877440306964335,0.001,330.1078786313534,154.9
149.88,160,1120,180129,1900,321.9532152,,,,,,
149.72,160,1123,180732,1904,321.84757597000004,180486,-100.12914703369141,5.533129558563233,0.001,,
,,,181000,,,180794,-100.7214497297238,9.762498639332943,0.001,327.6890001356602,145.8
149.82,160,1128,181350,1908,322.19745992000003,181102,-101.22176417598018,6.404574065296738,0.001,,
149.76,160,1131,181956,1912,322.28352723000006,181719,-100.96519507890866,5.769844604416128,0.001,,
,,,182000,,,181862,-101.19677808549669,6.3923187906091865,0.001,329.2238105535507,152.1
149.84,160,1135,182555,1916,322.60743189,182308,-101.17743322584364,9.996168133262154,0.001,,
,,,183000,,,182768,-101.51757985432943,4.902768123149872,0.001,330.59491496682165,153.4
149.97,160,1140,183175,1920,322.78280694,182925,-101.93895075871394,5.1357738873001875,0.001,,
150.06,160,1143,183788,1924,322.91347304000004,183543,-101.88067626953125,5.473228280481539,0.001,,
,,,184000,,,183850,-102.76187984759991,5.547778396270214,0.001,329.4600028693676,152.8
150.0,160,1148,184390,1928,323.01908043,184152,-102.81551220542507,5.11030622454066,0.001,,
151.02,160,1151,184995,1932,325.74739950000003,184733,-103.14159608498598,7.97630041875657,0.001,,
,,,185000,,,184901,-103.50602894737607,6.814023496849196,0.001,332.81822698116304,154.9
151.08,160,1156,185608,1936,325.91843969000007,185349,-103.01833375295003,7.091424451933967,0.001,,
,,,186000,,,185823,-103.30606881166116,6.176690939885036,0.001,331.57827097177505,150.2
151.29,160,1160,186239,1940,326.39147610000003,185969,-102.86113529989164,4.757644832950749,0.001,,
149.16,160,1163,186639,1944,321.33411537,186509,-103.94606922290943,10.060887046293779,0.001,,
,,,187000,,,186764,-103.340224277826,7.351569536309805,0.001,346.0792715847492,163.7
148.65,160,1167,187179,1948,319.46700347999996,186935,-103.825500757554,15.064513442809123,0.001,,
146.03,160,1169,187511,1952,312.67606439,187264,-103.31963545276272,7.018984781157586,0.001,,
,,,188000,,,187902,-104.75420803493924,5.993064851494309,0.001,323.99469062685966,149.7
146.5,160,1173,188143,1956,313.27746749,,,,,,
146.48,160,1176,188740,1960,313.24183884999997,188494,-104.83061848958333,6.954231841452169,0.001,,
,,,189000,,,188799,-104.72843240436755,4.991816047749488,0.001,335.06626143455503,156.9
147.01,160,1180,189386,1964,313.90071283000003,189124,-104.74447490550854,8.666081706929651,0.001,,
146.99,160,1184,189983,1968,313.98858915,189752,-105.118654815244,7.591054974307476,0.001,,
,,,190000,,,189889,-104.77533912658691,11.483445515597824,0.001,321.8857616364956,147.3
147.33,160,1188,190614,1972,314.45516114000003,190363,-105.70501882818681,7.703145348051059,0.001,,
,,,191000,,,190813,-105.72278708380622,8.659352000927765,0.001,331.64772604703904,157.4
147.61,160,1193,191228,1976,314.72687894,190976,-105.10281855885576,7.357367231070629,0.001,,
147.81,160,1196,191851,1980,315.21796551000006,191598,-105.7019028106293,6.251012559835013,0.001,,
,,,192000,,,191757,-106.37346282186387,8.92604792942791,0.001,332.8924412429333,155.9
148.38,160,1201,192509,1984,316.09450537,192251,-106.04370420524873,10.049246207777276,0.001,,
,,,193000,,,192866,-106.64331837189503,9.309747242010557,0.001,321.6441114127636,146.2
148.28,160,1205,193124,1988,316.18937249000004,,,,,,
147.9,160,1208,193707,1992,315.75345493000003,193470,-107.3635722569057,5.977114977000595,0.001,,
,,,194000,,,193758,-106.71063305580452,7.927066853950763,0.001,345.36768491864206,164.4
147.81,160,1213,194312,1996,315.9380931200001,194065,-107.26914118377256,8.773493135725701,0.001,,
148.02,160,1217,194931,2000,316.20669816000003,194679,-107.18236176396759,6.600342648012655,0.001,,
,,,195000,,,194837,-107.26217873488801,9.016111394272574,0.001,327.5590841829777,153.0
148.0,160,1221,195532,2004,316.15009133,195286,-106.97651280297174,4.74295487254858,0.001,,
,,,196000,,,195889,-107.73831897892364,8.961728987239656,0.001,328.96441479325296,155.6
147.87,159,1226,196137,2008,315.80799401,,,,,,
147.86,160,1229,196742,2012,315.66138061000004,196497,-108.0587427239669,10.099821503225126,0.001,,
,,,197000,,,196809,-108.56424617767334,5.533227476274004,0.001,337.6387496471405,160.9
148.63,160,1233,197418,2016,316.44135062000004,197147,-108.07932776147193,7.038758464566954,0.001,,
,,,198000,,,197819,-107.95141434087986,7.711097649684766,0.001,334.66101949214936,154.4
148.98,159,1238,198073,2020,317.04103118,,,,,,
148.92,160,1241,198680,2024,316.98927690999994,198432,-107.80175380706787,6.4228765814559265,0.001,,
,,,199000,,,198901,-108.70626993179322,7.732348200678826,0.001,337.3679331123829,160.1
149.18,159,1246,199308,2028,317.25653619,199062,-108.48779777244285,10.769072059518802,0.001,,
149.32,159,1249,199927,2032,317.35577195,199678,-108.46221261275441,6.888714109035517,0.001,,
,,,200000,,,199833,-108.89062618899655,7.4797623818920504,0.001,319.67532926797867,149.5
