time/fps,time/episodes,time/total_timesteps,rollout/ep_rew_mean,rollout/ep_len_mean,time/time_elapsed,train/critic_loss,train/learning_rate,train/n_updates,train/actor_loss,eval/mean_reward,eval/mean_ep_length
3671,4,85,14.577585500000001,21.25,0,,,,,,
574,8,129,12.18054775,16.125,0,0.030241184202688082,0.001,37,-0.7569753328959147,,
398,12,157,10.095588166666667,13.083333333333334,0,0.02985803729721478,0.001,65,-0.770250658194224,,
316,16,185,9.050376125,11.5625,0,0.01960326119193009,0.001,93,-0.7657183607419332,,
279,20,213,8.433431449999997,10.65,0,0.008150997571647167,0.001,121,-0.8047012289365133,,
255,24,241,8.011841291666666,10.041666666666666,0,0.003106497327930161,0.001,149,-0.8846797943115234,,
242,28,269,7.713457678571429,9.607142857142858,1,0.0017736554312120592,0.001,177,-0.8865848580996195,,
232,32,297,7.49109415625,9.28125,1,0.0019121392563517605,0.001,205,-0.9084779222806295,,
222,36,325,7.315978444444446,9.027777777777779,1,0.0020901154660220656,0.001,233,-0.9231699705123901,,
214,40,353,7.17740895,8.825,1,0.00340821424366108,0.001,261,-1.0110559066136677,,
209,44,381,7.064677181818182,8.659090909090908,1,0.0025083618903798716,0.001,289,-0.9964970946311951,,
205,48,409,6.968919770833334,8.520833333333334,1,0.0034551275561430623,0.001,317,-1.0401870012283325,,
202,52,437,6.8893088076923075,8.403846153846153,2,0.006686230123575244,0.001,345,-1.0788257122039795,,
202,56,513,8.670003107142858,9.160714285714286,2,0.03266104213385419,0.001,406,-1.536419304934415,,
196,60,600,10.656603183333337,10.0,3,0.07651908111504534,0.001,493,-2.0293931419199165,,
191,64,687,12.388507765625,10.734375,3,0.11272328414700249,0.001,581,-2.4148626761002974,,
188,68,776,13.963725985294118,11.411764705882353,4,0.11575554209676656,0.001,669,-2.659119974483143,,
187,72,862,15.294682708333331,11.972222222222221,4,0.1520981416106224,0.001,755,-3.074407945979725,,
187,76,951,16.54303460526316,12.513157894736842,5,0.17216562919996,0.001,844,-3.455342661250721,,
,,1000,,,,0.15752717750993642,0.001,911,-3.676319035616788,38.89345637559891,22.1
182,80,1040,17.6719428625,13.0,5,0.13684831830588254,0.001,933,-3.8163516738198022,,
182,84,1131,18.73719448809524,13.464285714285714,6,0.16603910652073947,0.001,1023,-4.1810923489657315,,
182,88,1219,19.64669918181818,13.852272727272727,6,0.17133807153864342,0.001,1112,-4.419393929568204,,
183,92,1310,20.53373704347826,14.23913043478261,7,0.1727682878465756,0.001,1202,-4.831500808397929,,
184,96,1396,21.252533416666665,14.541666666666666,7,0.2224868190559474,0.001,1289,-5.140065149827437,,
184,100,1483,21.93960767,14.83,8,0.1832243690097874,0.001,1376,-5.2530645890669385,,
184,104,1571,22.897790609999998,14.86,8,0.17682912742549722,0.001,1464,-5.711725581776012,,
183,108,1687,24.366627270000002,15.58,9,0.16357832551002502,0.001,1592,-6.5757301330566404,,
185,112,1799,25.97131734,16.42,9,0.16372840954311962,0.001,1687,-6.621294941220965,,
186,116,1987,29.006394619999995,18.02,10,0.40062240851314174,0.001,1852,-7.109362477841585,,
,,2000,,,,0.5016185420751572,0.001,1902,-7.3083152580261235,91.87916634082794,52.1
184,120,2257,33.66524504,20.44,12,0.6517800166090922,0.001,2086,-7.946193891413071,,
184,124,2562,39.232285229999995,23.21,13,0.8131306403875351,0.001,2392,-8.766425590515137,,
185,128,2781,43.11729674,25.12,14,0.9732977079994538,0.001,2613,-9.814639341263543,,
182,132,2886,44.72208963,25.89,15,1.419745413156656,0.001,2773,-10.666770861699032,,
,,3000,,,,1.8765294407353257,0.001,2897,-11.050775289535522,74.42698456048966,42.1
180,136,3024,46.886476310000006,26.99,16,,,,,,
180,140,3197,49.72984429,28.44,17,1.7395793828699324,0.001,3069,-11.951484940268777,,
179,144,3336,51.9354173,29.55,18,1.9400539965164372,0.001,3223,-12.443762493133544,,
180,148,3489,54.393272479999986,30.8,19,2.517893361490826,0.001,3362,-12.914509166370738,,
181,152,3663,57.23347795999999,32.26,20,2.257664901018143,0.001,3535,-13.63162426515059,,
183,156,3879,59.850970849999996,33.66,21,3.060000659303462,0.001,3717,-14.27595909782078,,
,,4000,,,,2.7730795090848748,0.001,3871,-14.781191123159308,84.07829916477203,46.7
181,160,4156,63.38111017999999,35.56,22,2.4950617591017172,0.001,3993,-15.102958227458753,,
182,164,4471,67.71864149,37.84,24,3.2151564275607085,0.001,4306,-15.96035813062619,,
183,168,4785,72.08421680000001,40.09,26,3.09614550910498,0.001,4618,-17.139582182231702,,
,,5000,,,,2.73142009247572,0.001,4864,-17.868021842760918,148.57318856716157,79.8
180,172,5114,76.77465038,42.52,28,3.155967948557455,0.001,4943,-18.1519960745787,,
180,176,5436,81.23702767,44.85,30,3.1965978817884313,0.001,5268,-19.056948994481285,,
181,180,5768,86.02318955000001,47.28,31,3.5688512429248456,0.001,5598,-19.966968181521395,,
,,6000,,,,3.301396333200987,0.001,5855,-20.810316839883495,164.99184466600417,85.2
179,184,6112,91.03843499,49.81,34,3.655784017817919,0.001,5941,-21.016814032266307,,
180,188,6452,96.06070862000003,52.33,35,3.997526978043949,0.001,6282,-21.966111294058866,,
180,192,6793,101.03827878,54.83,37,3.889518998918079,0.001,6622,-22.874279794238863,,
,,7000,,,,5.4405603297921115,0.001,6879,-23.553796635117642,167.04423588514328,84.9
178,196,7135,106.20188118,57.39,39,4.126574829567311,0.001,6965,-23.767593916072403,,
178,200,7475,111.29064039000001,59.92,41,5.845737148480243,0.001,7305,-24.762767093937573,,
179,204,7817,116.46573787,62.46,43,5.3996433776967665,0.001,7646,-25.465475215468295,,
,,8000,,,,5.689571100122788,0.001,7903,-26.01756055014474,167.7442742705345,85.1
177,208,8159,121.33225963999998,64.72,46,4.932477183120195,0.001,7989,-26.043457874031954,,
177,212,8469,125.45182126000002,66.7,47,5.418114026387532,0.001,8299,-27.046269028275102,,
178,216,8774,128.02514694,67.87,49,5.461208374001259,0.001,8603,-27.48625041163245,,
,,9000,,,,7.189446313240949,0.001,8860,-28.35546857257222,165.30779176950455,85.1
177,220,9116,129.78376156000002,68.59,51,7.4385050881740655,0.001,8946,-28.57171391331872,,
177,224,9456,130.51798473999997,68.94,53,6.09721100470599,0.001,9287,-29.06820556095668,,
176,228,9796,132.97327359,70.15,55,7.432051333259134,0.001,9627,-29.878748121715727,,
,,10000,,,,6.940600745818195,0.001,9882,-30.495542127032614,165.9623860478401,85.1
175,232,10138,137.81164335999998,72.52,57,6.827460555143134,0.001,9968,-30.336005854052168,,
175,236,10483,142.15306821000001,74.59,59,6.873362580935161,0.001,10312,-31.365075891668145,,
175,240,10821,145.64876037999997,76.24,61,5.527223952980929,0.001,10650,-31.79115778900856,,
,,11000,,,,6.897799789905548,0.001,10908,-31.70765073909316,165.7513912320137,85.0
174,244,11163,149.87930279999998,78.27,63,6.424533628282093,0.001,10992,-32.36941705431257,,
174,248,11503,153.83552613999998,80.14,65,5.911133978255959,0.001,11334,-32.89310415401015,,
174,252,11842,157.39315961,81.79,67,9.098570561686227,0.001,11674,-33.59157194093216,,
,,12000,,,,7.89711242179348,0.001,11830,-33.91751418242583,166.30362441539765,85.2
173,256,12152,159.28414136,82.73,70,6.7926681575022245,0.001,11993,-34.0628076854505,,
173,260,12461,159.93034819000002,83.05,71,8.736036930765424,0.001,12299,-34.451758535284746,,
172,264,12774,159.84622871000002,83.03,73,6.682202502142025,0.001,12611,-35.20728008563702,,
,,13000,,,,6.517519969444771,0.001,12843,-35.34159916325619,135.4199244260788,74.1
171,268,13078,159.5560119,82.93,76,7.11111073297997,0.001,12916,-35.63368539552431,,
171,272,13386,159.04802328,82.72,78,5.463615131068539,0.001,13224,-35.6589114849384,,
171,276,13699,158.88171892,82.63,79,7.586671765034016,0.001,13536,-36.18493417593149,,
,,14000,,,,8.477163823875221,0.001,13842,-36.722180237641204,147.6399111032486,78.8
170,280,14004,158.18484237,82.36,81,,,,,,
171,284,14313,157.30409818,82.01,83,6.455825672873968,0.001,14150,-37.26472816467285,,
171,288,14613,156.2662646,81.61,85,8.033712371190388,0.001,14456,-37.63039538734838,,
171,292,14922,155.37638052,81.29,87,7.150148357215681,0.001,14760,-37.835838518644636,,
,,15000,,,,6.230704151190721,0.001,14837,-38.006348860891244,140.63497507572174,76.1
169,296,15223,154.23464974,80.88,89,6.057137180681098,0.001,15065,-38.358076413472496,,
169,300,15529,153.27495824000002,80.54,91,9.630299687385559,0.001,15368,-38.638688111916565,,
169,304,15831,152.13155622,80.14,93,7.25908282824925,0.001,15673,-38.917030334472656,,
,,16000,,,,6.486563144545806,0.001,15899,-38.66112297459652,140.22477425336837,75.9
167,308,16134,151.00302814,79.75,96,8.099587378436572,0.001,15972,-39.23025636415224,,
167,312,16433,150.53562601000002,79.64,97,9.851721729987707,0.001,16275,-39.437433389516976,,
168,316,16740,150.37579252999998,79.66,99,8.44019420330341,0.001,16581,-39.648614541078224,,
,,17000,,,,6.414251822929878,0.001,16879,-39.86138363888389,139.21300092935562,75.4
167,320,17039,149.23325369000003,79.23,101,,,,,,
167,324,17383,149.45504145000004,79.27,103,7.638177247934563,0.001,17211,-40.07577434805937,,
167,328,17728,149.66939103,79.32,105,8.640866731488428,0.001,17557,-40.147106791651524,,
,,18000,,,,8.096690937020313,0.001,17903,-39.79962450958962,167.75309801101685,85.0
166,332,18074,149.77621509,79.36,108,,,,,,
167,336,18414,149.74942722,79.31,110,6.253719639778137,0.001,18244,-40.82026903019395,,
166,340,18572,144.99746202,77.51,111,7.823376292767732,0.001,18461,-41.04378995028409,,
167,344,18878,144.17727702000002,77.15,112,13.126925077844174,0.001,18707,-41.192897464918055,,
,,19000,,,,9.672054674567246,0.001,18875,-41.22143340692288,167.0826082587242,85.1
167,348,19218,144.16738980999997,77.15,115,9.386862395791447,0.001,19047,-40.651765550885884,,
167,352,19560,144.22599376999997,77.18,116,8.369254184323689,0.001,19390,-41.23960840979288,,
167,356,19904,145.18357008,77.52,118,9.098294155542241,0.001,19733,-41.40594961476881,,
,,20000,,,,6.962768039038015,0.001,19905,-41.31113708850949,169.11865400075914,85.2
167,360,20245,146.23330627999997,77.84,121,7.739916622638702,0.001,20074,-41.167545318603516,,
167,364,20589,147.26175912,78.15,123,6.381639577876562,0.001,20418,-41.109867962923914,,
167,368,20929,148.32116657999998,78.51,125,6.954563455922263,0.001,20758,-41.957919438680015,,
,,21000,,,,9.150422261204831,0.001,20844,-41.574362022932185,169.76975623965262,85.5
166,372,21271,149.34342741,78.85,127,8.933241630709448,0.001,21100,-42.01686264747797,,
167,376,21615,150.25160140999998,79.16,129,8.084495534730513,0.001,21444,-41.36316645422647,,
167,380,21958,151.33989052,79.54,131,7.054383024226787,0.001,21788,-42.16559591958689,,
,,22000,,,,9.722065478212693,0.001,21873,-41.84531511579241,171.39261621832847,86.0
166,384,22302,152.47192694,79.89,133,6.883788449819698,0.001,22131,-42.25240822725518,,
166,388,22645,153.75171369,80.32,135,7.465872843125287,0.001,22474,-42.562678935915926,,
167,392,22988,154.78720041,80.66,137,6.187308608099472,0.001,22819,-42.433754322140715,,
,,23000,,,,5.649508412395205,0.001,22903,-42.317591530936106,170.63247780799867,86.0
166,396,23330,156.09815003,81.07,140,5.979422238293816,0.001,23159,-42.29801386878604,,
166,400,23669,157.29214664999998,81.4,142,4.640288223822911,0.001,23500,-42.510992140997026,,
,,24000,,,,6.567897009849548,0.001,23840,-42.5771527844806,169.55359636545182,85.8
165,404,24011,158.5642387,81.8,144,,,,,,
166,408,24346,159.51914335,82.12,146,7.6789764264050655,0.001,24176,-42.230349341104194,,
166,412,24691,160.84960193,82.58,148,9.173806351284648,0.001,24521,-42.85863778757494,,
,,25000,,,,9.136863719457867,0.001,24863,-42.7635076655898,170.40286720395088,86.2
165,416,25034,161.93622416,82.94,151,,,,,,
165,420,25377,163.206036,83.38,152,6.956856758095498,0.001,25207,-42.8635095995526,,
166,424,25720,163.14930067,83.37,154,5.94048399364247,0.001,25549,-43.680642900012785,,
,,26000,,,,7.690192530100996,0.001,25896,-43.1862512068315,170.46346417069435,86.7
166,428,26068,163.22638093,83.4,157,,,,,,
166,432,26418,163.35247254,83.44,158,5.80175349219092,0.001,26245,-43.95699567573015,,
166,436,26802,163.43550860000002,83.88,160,5.524642177011775,0.001,26611,-43.47816733426826,,
,,27000,,,,6.522103294558908,0.001,26891,-43.52258593537087,171.00849882364273,86.1
166,440,27150,168.45620652999997,85.78,163,6.668248310856436,0.001,26978,-43.87685064835982,,
166,444,27497,169.44179737000002,86.19,164,5.519819144641652,0.001,27325,-43.25837525867281,,
166,448,27844,169.62275232,86.26,166,6.380856696949449,0.001,27672,-44.001179628593974,,
,,28000,,,,6.526927935666051,0.001,27846,-43.629493019797586,170.08079866170883,86.4
166,452,28190,169.72524269000002,86.3,169,9.048160977747248,0.001,28017,-43.414885055187135,,
166,456,28531,169.66939843,86.27,171,5.420384608466049,0.001,28362,-43.78516240553422,,
166,460,28870,169.56690072,86.25,172,8.28943170519436,0.001,28700,-44.00283440878225,,
,,29000,,,,6.9382348698239,0.001,28871,-44.335512560467386,170.01753959059715,86.5
166,464,29210,169.43033458000002,86.21,175,6.1632143707836375,0.001,29039,-43.917210261027016,,
167,468,29555,169.49117132,86.26,176,5.380213763226163,0.001,29386,-44.054365851662375,,
167,472,29902,169.60970261999998,86.31,178,7.453456644450917,0.001,29729,-43.9534783136277,,
,,30000,,,,6.709586948849434,0.001,29903,-44.23420076592024,167.9364276468754,85.7
166,476,30247,169.62764926,86.32,181,5.513822810403232,0.001,30075,-44.349074696385586,,
167,480,30594,169.70759658999995,86.36,183,5.0561759691128785,0.001,30422,-44.51285466280851,,
167,484,30941,169.66534435000003,86.39,185,5.255208460022422,0.001,30769,-44.71828515189035,,
,,31000,,,,5.131802943931229,0.001,30856,-45.10599699887362,169.1448700964451,86.2
166,488,31283,169.54116133000002,86.38,187,7.675585278342752,0.001,31112,-44.82330819063409,,
167,492,31630,169.62441562000004,86.42,189,4.984831209840445,0.001,31457,-44.87593397983285,,
167,496,31967,169.37285652000003,86.37,191,7.4338431659951265,0.001,31798,-44.819928305489675,,
,,32000,,,,5.817636572179341,0.001,31882,-44.77267837524414,169.43504592180253,86.1
166,500,32312,169.26857952999998,86.43,193,6.000190596688878,0.001,32140,-45.419039552861996,,
166,504,32658,169.19042582000003,86.47,195,6.116353055765463,0.001,32486,-45.18450590621593,,
,,33000,,,,6.408846470571699,0.001,32830,-45.42477807544527,159.65901377797127,81.9
166,508,33001,169.37690321999997,86.55,198,,,,,,
166,512,33347,169.40294593000002,86.56,200,6.2151704629262285,0.001,33174,-45.40672631697221,,
166,516,33676,169.03795055999998,86.42,202,5.013729262955581,0.001,33509,-45.281493064684746,,
166,520,33980,168.09271798999998,86.03,203,6.318923177088008,0.001,33809,-45.692386627197266,,
,,34000,,,,5.214285685572514,0.001,33895,-45.35374069213867,164.70200425982475,83.3
166,524,34316,167.98428533999999,85.96,206,5.737376311246087,0.001,34148,-45.692742103754085,,
166,528,34659,167.88343673000003,85.91,208,6.936272601748621,0.001,34488,-45.57299334503884,,
166,532,34967,166.93868735999996,85.49,210,5.9689139793085495,0.001,34796,-45.915351157964665,,
,,35000,,,,6.071108679438746,0.001,34882,-45.999144620673604,168.4201286673546,85.4
165,536,35310,166.91992803000002,85.08,212,6.058060548771387,0.001,35140,-45.53010940551758,,
166,540,35633,166.44451801,84.83,214,5.72629691993489,0.001,35482,-46.49703464951626,,
166,544,35957,165.94345257999998,84.6,216,11.754547134388325,0.001,35785,-46.094095185745594,,
,,36000,,,,6.297770955096716,0.001,35872,-46.41806706515226,169.3916855752468,85.8
165,548,36283,165.51760217,84.39,218,6.171605133733084,0.001,36129,-46.524820105974065,,
165,552,36590,164.67344859000002,84.0,220,5.997423212195551,0.001,36438,-46.17872646243073,,
166,556,36915,164.35153816,83.84,222,4.060520277303808,0.001,36746,-46.579619463752294,,
,,37000,,,,4.400481811591557,0.001,36830,-46.23044241042364,170.32847799658776,85.7
165,560,37280,164.46325091999998,84.1,224,6.035415585650954,0.001,37089,-47.09308837180914,,
165,564,37647,162.98217236,84.37,227,7.325163464319139,0.001,37487,-47.17327147263747,,
165,568,37976,161.3203373,84.21,229,7.847129427153488,0.001,37853,-46.7249659161235,,
,,38000,,,,7.709618963693318,0.001,37891,-47.11988147936369,91.7285728096962,61.9
165,572,38289,159.05218264,83.87,230,6.749496194578352,0.001,38117,-47.23749914623442,,
165,576,38551,156.18436680000002,83.04,232,5.407914736054161,0.001,38431,-47.390044472434305,,
165,580,38641,149.90516477,80.47,233,8.700050820003856,0.001,38535,-47.06209668246183,,
165,584,38914,147.32194115000001,79.73,234,9.621068866164595,0.001,38749,-47.54828796386719,,
,,39000,,,,8.179251370491919,0.001,38906,-47.957311679155396,139.4689236521721,85.2
165,588,39251,145.99061870000003,79.68,237,6.194110764698549,0.001,39076,-47.63374857469039,,
165,592,39592,144.57360766000002,79.62,238,5.433960400521755,0.001,39406,-47.94722108840942,,
165,596,39978,144.19326359000002,80.11,241,7.424767637990184,0.001,39797,-47.84614928563436,,
,,40000,,,,6.925566407541434,0.001,39893,-47.802006800969444,143.66831384301184,87.8
165,600,40328,143.27961148,80.16,243,6.2722189357114395,0.001,40155,-47.68719766306322,,
165,604,40711,142.79853662000002,80.53,246,8.958815546869074,0.001,40521,-48.393739588120404,,
,,41000,,,,9.405369605910913,0.001,40906,-48.20222735934787,152.02723492383956,93.9
165,608,41083,142.15279737999998,80.82,248,,,,,,
165,612,41456,141.41282457,81.09,250,9.242327824234962,0.001,41277,-48.00239864985148,,
165,616,41850,141.39288899,81.74,253,10.214527978215898,0.001,41672,-48.19739453297741,,
,,42000,,,,6.1981690062416925,0.001,41855,-48.492425960964624,167.0823436677456,103.8
164,620,42236,142.18945839,82.56,256,5.043347793533688,0.001,42065,-48.01564488044152,,
164,624,42651,142.24212787,83.35,258,7.235231190624804,0.001,42460,-48.56628088857613,,
,,43000,,,,7.567021217457084,0.001,42864,-49.337658460750134,169.0584757268429,89.9
164,628,43036,142.26307489,83.77,261,,,,,,
164,632,43422,143.07284685000002,84.55,263,5.427143092425364,0.001,43250,-48.7148197821851,,
164,636,43767,143.14095608,84.57,265,8.102215004521748,0.001,43595,-48.52345302493073,,
,,44000,,,,5.748299308987551,0.001,43854,-48.69757239763127,171.39105653762817,85.9
164,640,44110,143.54774179,84.77,268,7.13025488964347,0.001,43940,-48.03307475600132,,
164,644,44455,144.02836211000005,84.98,270,4.58721816123918,0.001,44283,-48.51728439331055,,
164,648,44799,144.42133744,85.16,272,7.162035033282112,0.001,44627,-48.42360705421085,,
,,45000,,,,5.515195086084563,0.001,44887,-48.436181445454444,171.49491333961487,85.9
164,652,45143,145.26529847,85.53,274,5.145483842917851,0.001,44971,-49.05050550188337,,
164,656,45487,145.75033819,85.72,276,8.828540380610976,0.001,45316,-49.02503807600154,,
164,660,45827,145.65479331999998,85.47,278,8.488435452760653,0.001,45656,-48.79312213631563,,
,,46000,,,,5.121583725130836,0.001,45913,-49.431148529052734,169.30482326745988,85.3
164,664,46170,147.23755131,85.23,281,6.325532099535299,0.001,45999,-49.22949804261673,,
164,668,46513,148.90922732,85.37,283,3.8092340549757315,0.001,46342,-49.23495882610942,,
164,672,46855,151.14866049999998,85.66,285,8.65498954408309,0.001,46685,-48.75055104210263,,
,,47000,,,,6.434070427750433,0.001,46856,-48.73901553486669,168.90096442699434,85.5
163,676,47196,153.95913842,86.45,287,6.8213396998012765,0.001,47025,-49.06625575111026,,
163,680,47581,160.22283718,89.4,290,6.186100757010629,0.001,47391,-49.109531618514154,,
,,48000,,,,5.744439221563793,0.001,47814,-49.18076669944907,169.04692464768885,106.4
163,684,48006,162.72516110000004,90.92,293,,,,,,
163,688,48432,164.10999005000002,91.81,295,8.947669638777679,0.001,48240,-49.817259590580775,,
163,692,48839,165.21429920999998,92.47,297,9.47897295073459,0.001,48653,-48.7164175155315,,
,,49000,,,,7.3415697159675455,0.001,48858,-49.41700634589562,166.21403279602526,103.7
163,696,49231,165.42253875999995,92.53,300,5.681906947995176,0.001,49061,-49.11276786804199,,
163,700,49584,165.9095168,92.56,302,5.297769813487927,0.001,49412,-49.24305327733358,,
163,704,49934,165.89961743000003,92.23,304,5.829766965460503,0.001,49763,-48.55662199508312,,
,,50000,,,,7.696364964163581,0.001,49849,-49.30094066886015,153.4692781507969,84.6
163,708,50278,166.22753506000004,91.95,307,5.663041207369636,0.001,50102,-49.49390517833621,,
163,712,50635,166.63928779000003,91.79,309,4.905806563117287,0.001,50459,-49.1653809113936,,
163,716,50982,166.80480458000002,91.32,311,4.769231181253087,0.001,50810,-49.50345455516469,,
,,51000,,,,6.6373410444150025,0.001,50897,-49.28829219729401,169.58541269302367,85.5
163,720,51329,166.76430513,90.93,313,5.6007896065711975,0.001,51158,-49.5969842698839,,
163,724,51672,166.86699417,90.21,315,6.805896509525388,0.001,51502,-49.38178572543832,,
,,52000,,,,4.92727130651474,0.001,51846,-48.75139165479084,171.090497893095,86.1
163,728,52016,166.91257068000002,89.8,318,,,,,,
163,732,52358,166.92716262000002,89.36,319,4.787470510426689,0.001,52188,-49.305344071499135,,
163,736,52704,166.95630776,89.37,321,6.443983366323072,0.001,52533,-49.7169373978016,,
,,53000,,,,8.724569964408875,0.001,52875,-48.83644430977957,170.06993332505226,85.4
163,740,53046,166.98690339999996,89.36,323,,,,,,
163,744,53390,166.92679773,89.35,325,3.9920050335484882,0.001,53219,-49.358286569284836,,
164,748,53733,166.87285608000002,89.34,327,7.794591906458833,0.001,53562,-49.254810067110284,,
,,54000,,,,5.418048449123607,0.001,53902,-48.584365578584894,167.57256197333336,85.4
163,752,54073,166.83335065000003,89.3,329,,,,,,
164,756,54416,166.61557143,89.29,331,5.261542640536664,0.001,54245,-49.467638434433354,,
164,760,54761,166.61150863,89.34,333,6.306312833112829,0.001,54591,-49.07229114714123,,
,,55000,,,,6.758297367268298,0.001,54844,-48.77864492507208,166.07846834659577,85.8
164,764,55097,166.30803350000002,89.27,335,5.510826756787854,0.001,54930,-49.57894471634266,,
164,768,55430,165.93286478,89.17,337,3.337112015836379,0.001,55262,-50.00412830086641,,
164,772,55774,165.73888212999998,89.19,339,9.869892209768295,0.001,55602,-48.896493457612536,,
,,56000,,,,3.2707553408866703,0.001,55860,-49.51573944091797,167.68550729751587,86.1
164,776,56122,165.75854839,89.26,341,6.301244819706136,0.001,55948,-49.51546859741211,,
164,780,56456,165.38796343,88.75,343,5.634441469396863,0.001,56287,-50.01473871866862,,
164,784,56801,165.33807014,87.95,345,4.685190902359184,0.001,56630,-49.56310072812167,,
,,57000,,,,4.234185963534237,0.001,56891,-49.75310134887695,165.56430582404136,85.3
164,788,57146,165.27742959,87.14,347,5.323204784166245,0.001,56975,-49.657280604044594,,
164,792,57493,165.49003439999996,86.54,349,5.129323570565744,0.001,57322,-49.68728646365079,,
164,796,57815,165.12447045000002,85.84,351,4.333879247140349,0.001,57644,-49.502613406711156,,
,,58000,,,,5.1940075100922005,0.001,57898,-49.76283059469083,163.36639495491983,84.6
164,800,58152,165.31695012,85.68,353,5.655157153864941,0.001,57981,-50.36730417391149,,
164,804,58494,165.82083693999996,85.6,355,7.0843725162883135,0.001,58323,-49.7092803245367,,
164,808,58834,166.05901362999998,85.56,357,4.141471056711106,0.001,58662,-49.83023452758789,,
,,59000,,,,6.106024779552637,0.001,58835,-49.75749925125477,169.34586188197136,85.1
164,812,59175,166.22544776999996,85.4,359,7.092049510338727,0.001,59005,-49.57912354242234,,
164,816,59514,166.27553835999998,85.32,361,5.6229996884741436,0.001,59346,-50.32414617771056,,
164,820,59857,166.47639342,85.28,363,4.991010630831999,0.001,59687,-49.518548057192845,,
,,60000,,,,3.572142407629225,0.001,59862,-49.789756774902344,170.4407905817032,84.9
164,824,60207,166.61206855999998,85.35,366,7.779397791691041,0.001,60036,-49.761080000135635,,
164,828,60548,166.54159724999997,85.32,368,4.766699700854545,0.001,60378,-50.56694704987282,,
164,832,60890,166.56791272,85.32,370,4.279443564803102,0.001,60719,-50.621108387791836,,
,,61000,,,,4.729770558020648,0.001,60890,-49.8788702321607,141.23177875876428,73.3
164,836,61232,166.45862614,85.28,373,9.017423256885174,0.001,61061,-49.94238130436387,,
164,840,61535,165.52597378,84.89,374,5.461100081836476,0.001,61366,-49.97675793669944,,
164,844,61865,165.24046566,84.75,376,6.836730986140495,0.001,61695,-50.423979382182274,,
,,62000,,,,3.2387012930477366,0.001,61865,-49.940307889665874,169.83308544158936,85.0
163,848,62161,164.25432818000002,84.28,379,4.652024343434502,0.001,62035,-50.031854811168856,,
163,852,62500,164.15299601999996,84.27,381,5.308084862176762,0.001,62332,-50.55372788185297,,
163,856,62841,164.21038809,84.25,383,6.8094218068344645,0.001,62671,-49.625842427098476,,
,,63000,,,,3.7278144724228803,0.001,62841,-50.35333905901228,169.95048037171364,85.7
163,860,63182,164.30261639,84.21,385,5.371967301649206,0.001,63012,-50.36705300974291,,
163,864,63527,164.62898633999998,84.3,387,3.7422406003716286,0.001,63356,-50.406237538655596,,
163,868,63869,164.87778842,84.39,389,5.896333242004568,0.001,63700,-50.58915407007391,,
,,64000,,,,5.673293709754944,0.001,63869,-50.204887935093474,166.99469910264014,86.0
163,872,64214,164.95451137999996,84.4,392,4.763073130732491,0.001,64040,-49.85359319051107,,
163,876,64568,165.08087532,84.46,394,6.872748834557004,0.001,64394,-50.15266020033095,,
163,880,64911,165.29883072,84.55,396,3.889926821352488,0.001,64737,-50.46948456182712,,
,,65000,,,,7.005347385818576,0.001,64907,-50.556259346008304,168.5003348648548,86.5
163,884,65253,165.28300969,84.52,399,5.510047684232872,0.001,65076,-50.49596768333798,,
163,888,65600,165.44545027,84.54,401,5.733931941144607,0.001,65427,-49.97060321626209,,
163,892,65947,165.58545508,84.54,403,6.047259045743394,0.001,65778,-50.37668020075018,,
,,66000,,,,4.389002405461811,0.001,65862,-50.21445119948614,172.69478625059128,87.0
163,896,66295,166.39178718,84.8,406,5.586884917932398,0.001,66123,-50.46591604323614,,
163,900,66614,165.83625606,84.62,407,6.1931327814343335,0.001,66446,-50.309078216552734,,
163,904,66951,165.58502546,84.57,409,3.4612961856798194,0.001,66783,-51.26728146575218,,
,,67000,,,,3.6467617979968887,0.001,66866,-50.50399707612537,167.64408528208733,85.9
163,908,67290,165.53677679,84.56,412,4.299457626287327,0.001,67121,-50.66298888450445,,
163,912,67639,165.68968195000005,84.64,414,4.8178223912106,0.001,67463,-50.13785011823787,,
163,916,67994,166.09259778999996,84.8,416,6.179090327686733,0.001,67820,-50.191304270426436,,
,,68000,,,,5.754105412558223,0.001,67909,-50.70451337640936,168.58043382167816,85.6
162,920,68336,165.96898489,84.79,419,5.415215653531692,0.001,68164,-50.795239027156384,,
162,924,68684,165.90258548000003,84.77,421,4.5561719929630105,0.001,68514,-51.18803457780318,,
,,69000,,,,5.678805924010002,0.001,68862,-50.75652503967285,176.3696912109852,89.4
162,928,69036,166.05222529,84.88,423,,,,,,
162,932,69395,166.27704379000002,85.05,425,7.263168511809884,0.001,69221,-51.49929343329536,,
163,936,69762,166.6076515,85.3,427,4.070969423982832,0.001,69583,-50.53357840643989,,
,,70000,,,,5.63754434637971,0.001,69861,-50.676629638671876,175.38983892202378,91.5
162,940,70131,167.80361571999998,85.96,430,4.411742385397566,0.001,69955,-50.802234568494434,,
163,944,70499,168.40688745,86.34,432,4.446664619445801,0.001,70322,-51.21359295315213,,
163,948,70863,169.62988898,87.02,434,6.589423710649664,0.001,70684,-51.11928324265914,,
,,71000,,,,5.697257274992011,0.001,70867,-51.39962083643133,171.41007192730905,89.7
163,952,71217,169.75309743999998,87.17,436,5.2685971246524295,0.001,71042,-50.87512076984752,,
163,956,71572,169.8383111,87.31,438,6.2743064178509655,0.001,71398,-50.882452392578124,,
163,960,71931,169.94319093,87.49,440,4.371976873609754,0.001,71755,-51.8549319797092,,
,,72000,,,,4.391733531113509,0.001,71846,-51.322011284206226,170.86099499464035,89.6
163,964,72294,170.05184817,87.67,442,6.6955648570932365,0.001,72119,-51.11027352706246,,
163,968,72656,170.31947666,87.87,444,5.82406164263631,0.001,72481,-51.04598676893446,,
,,73000,,,,4.595283647378285,0.001,72840,-51.10222549438477,174.85383600592613,91.3
163,972,73016,170.51410822999998,88.02,447,,,,,,
163,976,73377,170.61774451000002,88.09,449,6.742153712681362,0.001,73201,-50.984956444634335,,
163,980,73747,171.0467202,88.36,451,3.934643710437028,0.001,73571,-50.86076006682023,,
,,74000,,,,4.588375288121243,0.001,73848,-51.79799384259163,174.7293258368969,90.8
163,984,74113,171.40336958000003,88.6,454,6.884236486120657,0.001,73936,-51.286963809620254,,
163,988,74476,171.63180143999998,88.76,456,4.452498566597066,0.001,74300,-51.08376442117894,,
163,992,74843,171.90533614999995,88.96,458,4.0541941951150475,0.001,74668,-51.68178425664487,,
,,75000,,,,5.506511478320412,0.001,74850,-51.05889361837636,177.50492431521417,91.2
163,996,75209,172.18267967,89.14,461,7.1040733731194825,0.001,75033,-51.13059416684237,,
163,1000,75580,173.41951114,89.66,463,5.144717355137286,0.001,75404,-51.540206162825875,,
163,1004,75947,174.03646868000004,89.96,465,3.642793037789933,0.001,75770,-51.378766567149064,,
,,76000,,,,3.2383556067943573,0.001,75862,-51.344300809113875,178.40105025172232,91.6
163,1008,76311,174.52163887000006,90.21,468,5.311419464729645,0.001,76137,-50.82433158026801,,
163,1012,76677,174.77892109,90.38,470,6.572159286383744,0.001,76503,-51.5295405069987,,
,,77000,,,,4.472383605397266,0.001,76863,-51.522517660389774,179.8417271733284,92.2
162,1016,77039,174.78695968,90.45,472,,,,,,
163,1020,77404,175.22970195,90.68,474,4.126435932905777,0.001,77229,-51.07789023026176,,
163,1024,77770,175.49130246000004,90.86,476,5.21716127216175,0.001,77593,-50.878135681152344,,
,,78000,,,,7.597244466675653,0.001,77865,-51.12095074123806,176.07552919983863,90.8
163,1028,78132,175.57357175999996,90.96,479,2.9807276853951077,0.001,77958,-51.14107205005402,,
163,1032,78492,175.53020119,90.97,481,4.135290420573691,0.001,78318,-51.717150729635485,,
163,1036,78851,175.40645119000004,90.89,483,4.001249764742476,0.001,78678,-51.56624281141493,,
,,79000,,,,4.72234423160553,0.001,78856,-51.54324900309245,179.22817305922507,92.2
163,1040,79217,175.44657870999995,90.86,485,4.375215918459791,0.001,79044,-50.69703609385389,,
163,1044,79568,175.23467955,90.69,487,7.761634030125358,0.001,79394,-51.53965932672674,,
163,1048,79927,175.27119574000005,90.64,489,5.124945762452115,0.001,79752,-51.21028467814128,,
,,80000,,,,5.285581413904826,0.001,79842,-51.36297760009766,178.1201461493969,91.4
162,1052,80291,175.58217370000003,90.74,492,3.7755104687478807,0.001,80117,-50.866287570529515,,
163,1056,80657,175.91316356,90.85,494,5.3187746444474095,0.001,80479,-51.61597790925399,,
,,81000,,,,3.8165665733945238,0.001,80838,-51.20286427373471,177.00726276040078,89.9
162,1060,81013,176.03924531,90.82,497,,,,,,
162,1064,81374,176.19393390999997,90.8,499,6.072633519437578,0.001,81196,-52.06478525797526,,
162,1068,81728,176.30842387000004,90.72,501,5.90976940923267,0.001,81554,-51.32767774793837,,
,,82000,,,,5.766391662990346,0.001,81908,-52.058193827784336,174.99260004758835,87.9
162,1072,82081,176.43582853000004,90.65,504,,,,,,
162,1076,82432,176.33853489000003,90.55,506,5.2097198159195655,0.001,82260,-51.77128432517828,,
162,1080,82780,176.15454176000003,90.33,508,5.643214266440448,0.001,82608,-51.42909311693768,,
,,83000,,,,4.65688382519616,0.001,82872,-51.66833029852973,173.44362233281134,87.6
162,1084,83132,176.09861583999998,90.19,510,5.5499647330670125,0.001,82956,-52.04643403916132,,
162,1088,83498,176.26673867999995,90.22,512,4.357732885627336,0.001,83321,-51.96117981620457,,
162,1092,83851,176.19665991999997,90.08,514,5.167572220618075,0.001,83677,-51.80202709544789,,
,,84000,,,,4.2443952407947805,0.001,83852,-51.77733904816384,175.6200478553772,88.8
162,1096,84206,176.09404615,89.97,517,6.279229575190051,0.001,84031,-51.78010949423147,,
162,1100,84553,175.80238828999998,89.73,519,5.503282857744881,0.001,84382,-51.87440066867404,,
162,1104,84915,175.87582175,89.68,521,7.408674818548289,0.001,84739,-51.82088427110152,,
,,85000,,,,5.009511240236052,0.001,84830,-51.907509928164274,177.1009862959385,89.3
162,1108,85273,175.87954517000003,89.62,523,5.325258966373361,0.001,85099,-51.6279702393905,,
162,1112,85627,175.80734278,89.5,526,4.306389744465168,0.001,85456,-52.12588484390922,,
162,1116,85992,176.03166340000004,89.53,528,3.1245972065443404,0.001,85817,-51.65446870977228,,
,,86000,,,,4.727741841475169,0.001,85907,-52.198622131347655,178.83074153661727,89.9
162,1120,86350,176.02710430000002,89.46,531,4.4348902201110665,0.001,86177,-51.521227143027566,,
162,1124,86711,176.04968642,89.41,533,5.197392711272607,0.001,86533,-51.80122231377496,,
,,87000,,,,4.810457829547965,0.001,86897,-52.2374615876571,179.05286919474602,90.9
162,1128,87074,176.23443518,89.42,535,,,,,,
162,1132,87431,176.27579953,89.39,538,4.972295319641029,0.001,87258,-52.383591444596,,
162,1136,87788,176.32352491000006,89.37,540,4.385276376546084,0.001,87613,-51.96285078260634,,
,,88000,,,,3.5689991983500393,0.001,87884,-52.26083980907094,177.42922145724296,90.2
162,1140,88149,176.29482199000003,89.32,542,4.8144177827206285,0.001,87975,-52.05440741644965,,
162,1144,88517,176.67070823000003,89.49,544,4.056403928332859,0.001,88342,-52.07049374050564,,
162,1148,88880,176.81512640999998,89.53,546,3.659977528486359,0.001,88703,-51.84240653298118,,
,,89000,,,,3.8168031754701035,0.001,88887,-52.338845377383024,176.3716618478298,90.4
162,1152,89245,176.90156419000002,89.54,549,4.8423738890224035,0.001,89069,-52.05372670491536,,
162,1156,89608,176.95216315000002,89.51,551,5.561851049794091,0.001,89430,-51.754524654812286,,
162,1160,89965,176.98844352,89.52,553,5.166326891170459,0.001,89792,-51.705490027533635,,
,,90000,,,,3.7196710285815326,0.001,89880,-52.20953845977783,180.005575299263,91.2
162,1164,90326,177.02476228,89.52,556,3.0619114095514472,0.001,90151,-52.28290228410201,,
162,1168,90689,177.13529764999996,89.61,558,3.1492139837715065,0.001,90515,-52.631952892650254,,
,,91000,,,,6.0787341409259374,0.001,90876,-51.87357728746202,179.56674380898477,91.6
162,1172,91054,177.28088219,89.73,560,,,,,,
162,1176,91416,177.54643541999997,89.84,562,3.293960924943288,0.001,91237,-52.067159949408634,,
162,1180,91786,177.89474102,90.06,565,3.2366397675503507,0.001,91605,-51.92813760584051,,
,,92000,,,,3.9260850393253826,0.001,91886,-52.04889289192531,180.6433813393116,91.1
162,1184,92156,178.23825039000002,90.24,567,5.258880895503024,0.001,91980,-52.04927436341631,,
162,1188,92522,178.25260504999994,90.24,569,3.7071440652176575,0.001,92346,-52.2152154341988,,
162,1192,92890,178.48957937000006,90.39,571,4.199243195851644,0.001,92715,-52.16660715738932,,
,,93000,,,,4.005707000638102,0.001,92896,-52.44806836998981,179.1623564183712,90.7
162,1196,93250,178.55831708000005,90.44,574,4.156693429075261,0.001,93077,-52.047730984895125,,
162,1200,93611,178.79007904000002,90.58,576,4.929367346148337,0.001,93438,-52.21311382537193,,
162,1204,93974,178.73906836000006,90.59,578,4.715799071815576,0.001,93802,-51.68086403740777,,
,,94000,,,,3.3355628320540505,0.001,93889,-52.14601294938908,179.8313012301922,90.9
162,1208,94339,178.82411396000003,90.66,580,4.685809376447097,0.001,94165,-52.16994924130647,,
162,1212,94706,179.00006681,90.79,582,5.525675417332167,0.001,94531,-52.35193001140248,,
,,95000,,,,3.643423854635003,0.001,94886,-52.3369021097819,179.48186519145966,90.8
162,1216,95060,178.76097728000002,90.68,585,,,,,,
162,1220,95423,178.81645676000005,90.73,587,3.335361941655477,0.001,95246,-52.36122012668186,,
162,1224,95783,178.80305081000003,90.72,589,4.670789009781294,0.001,95610,-52.47566921152967,,
,,96000,,,,4.49653608311889,0.001,95884,-52.24996201535489,177.21687000393868,90.0
162,1228,96151,178.83220586000004,90.77,591,2.918575988875495,0.001,95974,-52.097994825575086,,
162,1232,96487,178.21689998999997,90.56,593,4.914161762024494,0.001,96338,-52.597228435759845,,
162,1236,96851,178.34498969000003,90.63,596,4.008388112891804,0.001,96674,-52.99399410594594,,
,,97000,,,,2.809164424275243,0.001,96852,-52.64814483287723,181.2816795825958,91.5
162,1240,97214,178.40644319999996,90.65,598,4.9601681270097435,0.001,97039,-52.447552376605096,,
162,1244,97586,178.46283513999995,90.69,601,3.8470206074416637,0.001,97406,-52.64040883382162,,
162,1248,97950,178.48034401,90.7,603,4.738993629980623,0.001,97774,-52.877820841471355,,
,,98000,,,,3.4745391384585873,0.001,97865,-52.80049319797092,176.6418310701847,89.9
162,1252,98318,178.53000039000003,90.73,606,4.337821575903123,0.001,98142,-52.593577283494014,,
162,1256,98691,178.68000825999997,90.83,608,4.612873823372359,0.001,98515,-53.40036098162333,,
,,99000,,,,3.0201329800390426,0.001,98887,-53.27140542735224,179.2010003566742,90.9
162,1260,99060,178.90444002999993,90.95,611,,,,,,
162,1264,99420,178.90209923999998,90.94,613,4.3990192453969605,0.001,99246,-53.14225942438299,,
162,1268,99786,178.97120416,90.97,615,4.066240319940779,0.001,99610,-52.80077099270291,,
,,100000,,,,3.431968084881815,0.001,99881,-52.63642345775258,179.82524386048317,91.3
162,1272,100150,179.00026880000001,90.96,618,4.8375083645184835,0.001,99971,-53.13629862467448,,
162,1276,100513,179.01671690999999,90.97,620,4.9365244279516505,0.001,100340,-53.0501183043135,,
162,1280,100884,179.08293211999992,90.98,622,4.171015337426612,0.001,100706,-52.86256189549223,,
,,101000,,,,5.3971985424718545,0.001,100892,-52.92576274466008,180.7883278787136,91.3
161,1284,101223,178.27522935000002,90.67,624,7.019692358516512,0.001,101046,-52.96939659118652,,
162,1288,101594,178.32924807999999,90.72,626,4.019232271846972,0.001,101415,-53.09184930679646,,
162,1292,101961,178.21716474000002,90.71,628,3.4651633686489527,0.001,101785,-52.658490329318575,,
,,102000,,,,3.5349276039626574,0.001,101876,-52.78367531817892,180.6611615896225,91.9
162,1296,102334,178.40613366000002,90.84,631,3.2100640125172113,0.001,102154,-52.68316885765562,,
162,1300,102705,178.48271582,90.94,633,2.94312939141926,0.001,102528,-52.615256547927856,,
,,103000,,,,3.9522852517746307,0.001,102898,-52.91197270932405,182.3865461051464,92.7
161,1304,103078,178.65463523,91.04,637,,,,,,
161,1308,103449,178.74784979999995,91.1,639,5.247070933712854,0.001,103266,-53.13889482286241,,
161,1312,103818,178.77550690999996,91.12,641,2.6874594469459687,0.001,103645,-53.46693669533243,,
,,104000,,,,3.247248422015797,0.001,103913,-53.89079614119096,183.22676097750664,92.6
161,1316,104189,179.08177435000002,91.29,643,4.552348015128925,0.001,104006,-53.142059731990734,,
161,1320,104561,179.2403956,91.38,645,4.44804472476244,0.001,104384,-53.051833073298134,,
161,1324,104927,179.37306956,91.44,647,4.406326071075771,0.001,104752,-53.152167693428375,,
,,105000,,,,6.749521101845636,0.001,104842,-53.28374320136176,181.8911845445633,92.4
161,1328,105297,179.46368528000002,91.46,650,4.216110328192352,0.001,105123,-53.1126708984375,,
161,1332,105664,180.26459220000004,91.77,652,4.11191710796985,0.001,105487,-53.88778254191081,,
,,106000,,,,6.927977926128513,0.001,105859,-53.53629625108507,180.95072401165962,91.3
161,1336,106032,180.34576189,91.81,655,,,,,,
161,1340,106395,180.38845836000002,91.81,657,3.690368681825617,0.001,106222,-53.83775345822598,,
161,1344,106764,180.41469175999995,91.78,659,2.931524705886841,0.001,106583,-54.15460654364692,,
,,107000,,,,3.907846208457108,0.001,106859,-53.37771962483724,179.09993514418602,90.4
161,1348,107124,180.41496866999998,91.74,662,4.186508916995742,0.001,106947,-54.01939288052645,,
161,1352,107494,180.51868006,91.76,664,4.816461031356554,0.001,107313,-53.432302474975586,,
161,1356,107835,179.72944797,91.44,666,3.5727588680055407,0.001,107655,-54.24981706407335,,
,,108000,,,,4.4360289806905,0.001,107842,-53.57229008881942,177.77816390395165,90.3
161,1360,108198,179.65270916999995,91.38,669,2.950305109553867,0.001,108024,-53.6868409898546,,
161,1364,108567,179.81065477999996,91.47,671,6.195858274008098,0.001,108391,-53.20353536402926,,
161,1368,108934,179.84810044999998,91.48,673,4.066023284974306,0.001,108756,-53.6362772402556,,
,,109000,,,,3.879711171632172,0.001,108849,-53.67026295869247,180.4842234969139,91.7
161,1372,109295,179.78647827999998,91.45,676,5.712293695867731,0.001,109118,-53.7020866394043,,
161,1376,109666,179.9445048,91.53,678,3.8828426651902253,0.001,109489,-53.925879923502606,,
,,110000,,,,3.3801857258962547,0.001,109855,-53.595938392307445,175.9059385716915,89.7
161,1380,110031,179.80642415999998,91.47,680,,,,,,
161,1384,110398,180.53673679,91.75,682,3.583327041174236,0.001,110225,-53.980179563481755,,
161,1388,110760,180.38036964999995,91.66,684,2.52826324400011,0.001,110584,-54.09555012246837,,
,,111000,,,,3.7160713291168213,0.001,110870,-53.811705627441405,164.39324011206628,86.3
161,1392,111147,180.71574812000003,91.86,686,2.933725507635819,0.001,110965,-54.22734499992208,,
161,1396,111525,180.84650551000001,91.91,688,4.654460435112317,0.001,111343,-54.17850399017334,,
161,1400,111905,181.04683530000003,92.0,690,4.2980596905059,0.001,111723,-54.16768410865297,,
,,112000,,,,4.912225371783542,0.001,111820,-54.094999196578044,186.11975188851358,94.7
161,1404,112286,181.15469316,92.08,693,3.4061170940597854,0.001,112108,-53.694985469182335,,
162,1408,112665,181.25629319,92.16,695,2.5751397635074373,0.001,112487,-53.799353011110995,,
,,113000,,,,3.231367309888204,0.001,112863,-54.085825463999875,187.2722955942154,95.0
161,1412,113039,181.4182782299999,92.21,697,,,,,,
162,1416,113413,181.46960707,92.24,699,4.170843013783091,0.001,113233,-54.08917593955994,,
162,1420,113781,181.41936179,92.2,702,5.819758619951165,0.001,113604,-54.226502791694976,,
,,114000,,,,3.0173496330777803,0.001,113888,-53.460647662480675,185.3140254199505,94.6
161,1424,114160,181.62388908,92.33,704,3.778191150530525,0.001,113980,-53.972943762074344,,
162,1428,114542,181.76004808,92.45,706,3.8323522404748567,0.001,114362,-53.69834105822505,,
162,1432,114933,182.18514416999994,92.69,709,5.165582706229856,0.001,114751,-54.545929655736806,,
,,115000,,,,3.7039132917050233,0.001,114848,-54.59136853899275,188.51904848217964,96.6
161,1436,115311,182.36799166999998,92.79,712,5.983900655870852,0.001,115131,-54.99745866526728,,
161,1440,115681,182.44934713000004,92.86,714,5.9768814245859785,0.001,115505,-54.73251827557882,,
,,116000,,,,3.7074397645815456,0.001,115877,-53.64671785004285,188.58746613264083,95.8
161,1444,116057,182.51140909000003,92.93,716,,,,,,
161,1448,116446,182.97295895,93.22,719,5.534718485222649,0.001,116264,-54.61529774568519,,
162,1452,116830,183.18231176999996,93.36,721,5.001014430912173,0.001,116651,-54.3927820166763,,
,,117000,,,,4.8688359034061435,0.001,116845,-55.02670654296875,188.71434492468833,95.7
161,1456,117212,184.19596077000003,93.77,723,3.9022313736854715,0.001,117036,-54.714862498831245,,
161,1460,117597,184.61981102999994,93.99,726,3.6625907381812293,0.001,117413,-54.25015089246962,,
162,1464,117986,185.04407434999996,94.19,728,4.673307007799546,0.001,117801,-54.71659723917643,,
,,118000,,,,4.155093573331833,0.001,117901,-54.69943244934082,52.363061940670015,30.1
162,1468,118268,183.19451629000002,93.34,729,3.8769179066022237,0.001,118102,-54.037801361083986,,
162,1472,118502,180.40681850000004,92.07,731,4.350996609391837,0.001,118319,-54.90641757420131,,
162,1476,118835,179.46834025,91.69,733,3.5363002140310744,0.001,118668,-54.468928241729735,,
,,119000,,,,3.2366308136990196,0.001,118845,-54.70055827688664,179.89642625451089,90.2
161,1480,119206,179.6456026,91.75,735,5.217467741651849,0.001,119030,-54.846523616624914,,
162,1484,119589,179.94534062,91.91,737,4.0794541307331365,0.001,119411,-56.01741178830465,,
162,1488,119973,180.34454472000002,92.13,740,3.3523448600873844,0.001,119790,-54.331285642540976,,
,,120000,,,,5.7531412353321,0.001,119888,-55.39885750595404,187.91291036605836,96.1
161,1492,120348,180.21735898000003,92.01,742,3.1870028210669448,0.001,120173,-55.057687520980835,,
162,1496,120733,180.33206316000005,92.08,744,4.53170771258218,0.001,120551,-54.93278386641522,,
,,121000,,,,4.2584316781772085,0.001,120839,-55.329860604327656,187.46969522833825,95.3
162,1500,121112,180.38569789000005,92.07,747,4.062386696643018,0.001,120933,-54.37912303843397,,
162,1504,121487,180.28862243999995,92.01,749,3.8823902568918593,0.001,121306,-54.97776697037068,,
162,1508,121873,180.4535752,92.08,751,4.628456583957083,0.001,121693,-55.677810986836754,,
,,122000,,,,3.01672159259518,0.001,121884,-55.078591664632164,183.98923035860062,94.1
162,1512,122262,180.63960640000005,92.23,754,3.4859739005565644,0.001,122078,-55.75340438842773,,
162,1516,122644,180.69431995,92.31,756,3.7291698314810313,0.001,122463,-55.44075343919837,,
,,123000,,,,3.6272978282743886,0.001,122840,-54.43665078345766,184.82187760472297,94.1
161,1520,123020,180.79981765,92.39,759,,,,,,
161,1524,123394,180.70777375999998,92.34,762,3.8015827286627983,0.001,123214,-54.29880255841194,,
161,1528,123773,180.70255672000002,92.31,764,3.0369113068831592,0.001,123592,-55.90456501642863,,
,,124000,,,,3.0896511741520203,0.001,123880,-55.76153439891581,184.85685783028603,94.1
161,1532,124152,180.50713737,92.19,767,4.553152557383192,0.001,123974,-55.85338884718875,,
161,1536,124523,180.42438611999998,92.12,769,5.631795442506169,0.001,124347,-55.33558056571267,,
161,1540,124903,180.62080518000002,92.22,771,5.298787673737141,0.001,124722,-54.949686659143325,,
,,125000,,,,3.4568426509698233,0.001,124818,-55.15179443359375,185.05145289301873,93.8
161,1544,125278,180.59680115000003,92.21,773,6.002222216257485,0.001,125101,-55.746834796407946,,
161,1548,125656,180.42719555000008,92.1,776,4.2434517055429435,0.001,125475,-55.14476892222529,,
161,1552,125983,179.18979719000004,91.53,777,2.600524756643507,0.001,125803,-54.742346330122515,,
,,126000,,,,4.9751445230684785,0.001,125898,-55.491605838139854,187.07053964734078,95.8
161,1556,126366,179.15249289,91.54,780,5.018091158200336,0.001,126185,-55.61023065318232,,
161,1560,126746,179.03884914,91.49,782,4.75792727910954,0.001,126564,-56.047960613084875,,
,,127000,,,,4.556495343645413,0.001,126855,-55.16501800219218,190.6637592434883,96.4
161,1564,127127,178.89512321,91.41,785,3.0308720873248194,0.001,126948,-56.10517079779442,,
161,1568,127510,180.99168518000002,92.42,787,5.895391924040658,0.001,127329,-55.80549847349829,,
161,1572,127894,184.13800775999997,93.92,790,3.873734733710686,0.001,127712,-55.22905397415161,,
,,128000,,,,3.6005508833461337,0.001,127899,-56.082475111219615,186.60813788771628,95.6
161,1576,128269,185.16230726,94.34,792,4.834781402035763,0.001,128091,-55.37002295636116,,
161,1580,128653,185.27782256999998,94.47,795,4.660640226602554,0.001,128475,-55.7691234588623,,
,,129000,,,,4.078132277848769,0.001,128856,-55.4507678284937,191.79956731200218,98.4
161,1584,129042,185.32620924,94.53,798,,,,,,
161,1588,129423,185.19302117000004,94.5,800,4.471766370598988,0.001,129242,-55.874345089526884,,
161,1592,129804,185.18937841,94.56,802,4.010436027928402,0.001,129627,-57.00770455218376,,
,,130000,,,,3.5759981420575357,0.001,129817,-55.857060490822306,188.90709986686707,96.3
161,1596,130193,185.23450070999996,94.6,805,3.567106216832211,0.001,130010,-56.276333808898926,,
161,1600,130582,185.39665487000002,94.7,807,3.4165733113433374,0.001,130404,-56.161855697631836,,
161,1604,130971,185.62898190999996,94.84,810,4.059247782736113,0.001,130786,-56.453055953979494,,
,,131000,,,,3.3746512365341186,0.001,130886,-55.596627197265626,192.50469544529915,97.9
161,1608,131362,185.70708485,94.89,813,3.708461836441276,0.001,131178,-55.8141788560517,,
161,1612,131756,185.79544904000002,94.94,815,4.447616477602536,0.001,131573,-56.14075128237406,,
,,132000,,,,2.5874759034106605,0.001,131864,-55.74079728126526,187.40007165074348,95.6
161,1616,132139,185.90106088999997,94.95,818,3.1279385165164344,0.001,131959,-56.43369601635223,,
161,1620,132532,186.26307151999998,95.12,820,4.638814872189572,0.001,132346,-55.944466749827065,,
161,1624,132928,186.72280009000002,95.34,822,2.791834771633148,0.001,132743,-55.7658878401214,,
,,133000,,,,3.6848442924022673,0.001,132843,-56.18666770935059,193.3894618153572,97.8
161,1628,133315,186.90354554000004,95.42,825,4.711330895571365,0.001,133136,-56.284538736148754,,
161,1632,133700,187.0133213,95.48,827,4.351706401588991,0.001,133516,-56.29130164944396,,
,,134000,,,,3.559229295304481,0.001,133895,-55.89191022832343,190.01250006556512,97.1
161,1636,134073,186.97456393000004,95.5,830,,,,,,
161,1640,134457,186.96455293,95.54,832,3.507584442149152,0.001,134274,-55.96537681247877,,
161,1644,134830,186.88767411999999,95.52,835,3.3719983813688925,0.001,134654,-56.323351879509126,,
,,135000,,,,3.3277141509517545,0.001,134838,-56.71995787924909,185.30305539369584,94.5
161,1648,135204,186.75049779,95.48,837,2.70081855999796,0.001,135028,-56.750684340794884,,
161,1652,135577,187.65192075000002,95.94,840,4.024001639767697,0.001,135395,-56.44540251062271,,
161,1656,135950,187.49758891999997,95.84,842,2.989600515613953,0.001,135770,-56.80130330721537,,
,,136000,,,,2.3106064001719155,0.001,135904,-57.242544937133786,114.25775954127312,61.7
161,1660,136226,185.15489300000004,94.8,844,3.67333243538936,0.001,136043,-56.424227794011436,,
161,1664,136555,183.94521048000001,94.28,846,3.3356538433017153,0.001,136374,-56.73148727416992,,
161,1668,136885,182.82405395000006,93.75,847,4.824517969003658,0.001,136705,-56.45178349812826,,
,,137000,,,,5.519205602945066,0.001,136902,-56.73423191145355,190.8656447827816,96.0
161,1672,137265,182.83798674,93.71,850,3.742420382397149,0.001,137089,-56.25388526916504,,
161,1676,137656,183.01859417000003,93.87,852,5.814501881599426,0.001,137471,-56.89912187292221,,
,,138000,,,,2.942490186742557,0.001,137855,-57.43225620103919,185.75030970573425,94.0
161,1680,138034,182.9809155,93.81,855,,,,,,
161,1684,138355,181.5864794,93.13,857,2.6106170328954854,0.001,138236,-56.45578376452128,,
161,1688,138733,181.64712732999996,93.1,859,3.724036647627751,0.001,138552,-56.79271697998047,,
161,1692,138988,179.09569621000003,91.84,861,5.059249303557656,0.001,138870,-56.70020541022806,,
,,139000,,,,2.582050388509577,0.001,138903,-56.260552167892456,109.44745717644692,58.0
161,1696,139371,179.07041026,91.78,863,2.284367238632356,0.001,139190,-56.92575378417969,,
161,1700,139690,177.60263867,91.08,865,4.333630160409577,0.001,139574,-57.27107620239258,,
,,140000,,,,3.2493968046817585,0.001,139829,-57.48180270195007,186.26825395822524,94.6
161,1704,140006,176.16701328,90.35,867,,,,,,
161,1708,140328,174.77858130000004,89.66,869,5.772929545676354,0.001,140211,-57.574795150756835,,
161,1712,140682,173.81668148,89.26,870,3.948367353528738,0.001,140532,-57.270837942759194,,
,,141000,,,,4.999187801033258,0.001,140884,-57.96472318967184,189.45138559937476,96.6
161,1716,141061,173.72576107000003,89.22,873,,,,,,
161,1720,141440,173.29250553000003,89.08,875,7.213624984025955,0.001,141260,-58.041563749313354,,
161,1724,141825,173.07331168000002,88.97,877,4.192465937765021,0.001,141645,-57.811836567330865,,
,,142000,,,,4.903187990188599,0.001,141833,-58.332775198895,184.38447365760803,94.2
161,1728,142197,172.79626254000001,88.82,879,3.387950543434389,0.001,142021,-58.76380174056344,,
161,1732,142575,172.63089029000002,88.75,882,5.415688198931674,0.001,142396,-58.94789983871135,,
161,1736,142952,172.77616884000003,88.79,884,4.2150922895787835,0.001,142774,-58.31219241930091,,
,,143000,,,,2.881156354822138,0.001,142867,-58.66324963776962,181.83356394767762,92.7
161,1740,143278,171.61320672999997,88.21,887,6.074134717816892,0.001,143143,-58.536388148432195,,
161,1744,143648,171.62059752999997,88.18,888,2.5969176135565104,0.001,143473,-58.63065443647669,,
,,144000,,,,3.585570896825483,0.001,143844,-58.05483189034969,183.3236028790474,93.0
161,1748,144023,171.64856432999994,88.19,891,,,,,,
161,1752,144402,171.91834026999996,88.25,893,3.4970530536439686,0.001,144224,-58.84171844482422,,
161,1756,144736,171.04683658000002,87.86,895,5.04756086744288,0.001,144555,-58.74934685748556,,
,,145000,,,,5.22152498960495,0.001,144841,-58.46414979975274,184.3735787987709,93.4
161,1760,145118,173.41712469,88.92,897,5.655883635612244,0.001,144935,-58.942306193899604,,
161,1764,145494,174.45084719000005,89.39,899,3.6458066892116627,0.001,145316,-59.158434117094,,
161,1768,145877,175.58218241999998,89.92,902,3.3242029657169265,0.001,145697,-59.53831279521086,,
,,146000,,,,3.420007724915781,0.001,145885,-59.782240743222445,187.82713261842727,95.4
161,1772,146254,175.50407078,89.89,905,3.4618579214745826,0.001,146072,-59.389089086781375,,
161,1776,146631,175.33107509999994,89.75,907,3.644673641609109,0.001,146452,-58.916126997574516,,
,,147000,,,,2.2201775767139553,0.001,146833,-59.69526267051697,187.13824070096015,95.7
161,1780,147016,175.44777242,89.82,910,,,,,,
161,1784,147402,176.79335422,90.47,912,4.850555119362284,0.001,147218,-59.38552353229929,,
161,1788,147791,176.89786145,90.58,914,2.5430346059799196,0.001,147612,-59.74551567077637,,
,,148000,,,,3.4120449429934787,0.001,147904,-59.236740735112406,188.12889567017555,96.0
161,1792,148179,179.64259545000002,91.91,917,3.709194301329937,0.001,148001,-59.9718279838562,,
161,1796,148565,179.65512073999997,91.94,919,5.626171149705586,0.001,148383,-59.81394934146962,,
161,1800,148951,181.07652921999997,92.61,921,4.799524527235129,0.001,148769,-59.2790941397349,,
,,149000,,,,4.328639789954903,0.001,148866,-59.84025410243443,187.26123365163804,95.1
161,1804,149336,182.51982092999995,93.3,924,4.500150804567819,0.001,149155,-59.74463077467315,,
161,1808,149732,184.0952736,94.04,927,3.5728830807279834,0.001,149548,-59.783476885627294,,
,,150000,,,,4.682549018640907,0.001,149838,-59.45291620371293,187.58530858159065,95.0
161,1812,150115,184.94800084,94.33,930,3.5183127212027707,0.001,149934,-59.99355705579122,,
161,1816,150496,185.01754937000004,94.35,932,4.539313909742567,0.001,150313,-60.1524412367079,,
161,1820,150876,185.14709233000002,94.36,934,3.517181022192842,0.001,150694,-60.13752843978557,,
,,151000,,,,2.3556960436205068,0.001,150887,-59.998604695002236,182.17069565057756,93.9
161,1824,151260,185.04657659999998,94.35,937,3.3229250500396805,0.001,151076,-60.457499834955954,,
161,1828,151644,185.21778354000003,94.47,939,4.0339255283788304,0.001,151461,-60.033313274383545,,
,,152000,,,,2.8010916772641634,0.001,151851,-59.474692811357215,184.2991390168667,94.3
161,1832,152029,185.30200651999996,94.54,942,,,,,,
161,1836,152315,183.11435952000002,93.63,943,4.402321355465131,0.001,152208,-60.328226725260414,,
161,1840,152606,182.19127970000002,93.28,945,5.124963580320279,0.001,152445,-60.62601868311564,,
161,1844,152930,181.02023065,92.82,946,4.734279612460768,0.001,152765,-60.35747974674876,,
,,153000,,,,4.661923205852508,0.001,152845,-60.45033311843872,164.06961195468904,83.5
161,1848,153261,180.16518957,92.38,948,4.059621984700122,0.001,153096,-60.17656871250698,,
161,1852,153530,177.69388668000002,91.28,950,3.766101380428636,0.001,153422,-60.15087636311849,,
161,1856,153857,177.52955838999998,91.21,952,2.604992638869458,0.001,153692,-59.91088631039574,,
,,154000,,,,4.692179410230546,0.001,153885,-60.36059806460426,146.95671702623366,75.8
161,1860,154079,174.11293125,89.61,953,4.111242820576924,0.001,153967,-60.36551898863257,,
161,1864,154240,169.51076986,87.46,954,4.050557661056518,0.001,154072,-60.96598874605619,,
161,1868,154457,165.89743544,85.8,955,8.089461236824224,0.001,154291,-60.753694248199466,,
161,1872,154778,164.63431780000002,85.24,957,4.810739623010159,0.001,154612,-60.51214265823364,,
,,155000,,,,7.334704159236535,0.001,154855,-60.772523275235805,147.14472309350967,79.3
161,1876,155100,163.35659536,84.69,959,6.562743310630322,0.001,154935,-60.03107061386108,,
161,1880,155451,162.73280404,84.35,961,3.6006187026699386,0.001,155282,-60.51904161771139,,
161,1884,155807,162.27487707999998,84.05,963,5.518151577400125,0.001,155624,-60.42733018294625,,
,,156000,,,,6.924437631149681,0.001,155820,-60.651326471445515,194.75295525193215,98.0
161,1888,156205,162.58025237,84.14,965,2.953467841100211,0.001,156019,-60.838888752217194,,
161,1892,156599,162.87062547,84.2,967,4.8823505799794935,0.001,156415,-61.23727027575175,,
161,1896,156995,163.12929578,84.3,969,4.199819831215605,0.001,156811,-60.88396492782904,,
,,157000,,,,5.278155390662376,0.001,156910,-60.756707992553714,194.9437825024128,99.2
161,1900,157390,163.33685064,84.39,972,3.927231974899769,0.001,157205,-60.99304986000061,,
161,1904,157780,163.47986308,84.44,974,5.701356519634525,0.001,157599,-60.685297886530556,,
,,158000,,,,5.917387560490639,0.001,157882,-61.634433502846576,191.15990733504296,96.2
161,1908,158162,163.30931731999996,84.3,977,7.132319762534702,0.001,157979,-61.03985587755839,,
161,1912,158550,163.50598433000002,84.35,979,3.5648296234583614,0.001,158370,-61.03436279296875,,
161,1916,158945,163.90521005000002,84.49,981,7.7033096868164685,0.001,158764,-61.795834599709025,,
,,159000,,,,5.437347610791524,0.001,158860,-61.00052539507548,193.48709632754327,97.0
161,1920,159339,164.30599601000003,84.63,983,3.945050141641072,0.001,159155,-61.25749315534319,,
162,1924,159727,164.69933686000002,84.67,985,5.20552167600515,0.001,159547,-60.71675475762815,,
,,160000,,,,5.662992959119836,0.001,159839,-61.81828806351642,194.66882001757622,96.8
161,1928,160116,164.98272946,84.72,988,4.069048549447741,0.001,159937,-60.932481026162904,,
162,1932,160507,165.25766238,84.78,990,5.526742607963328,0.001,160324,-61.19199052148936,,
162,1936,160894,167.61777949000003,85.79,992,4.746321595342535,0.001,160711,-61.74452452963971,,
,,161000,,,,3.988642854349954,0.001,160907,-61.89604194796815,190.04703186750413,96.3
161,1940,161285,169.94525364999998,86.79,995,6.594029610254327,0.001,161105,-61.99386939223932,,
161,1944,161673,171.49442115000002,87.43,998,3.7457072243248066,0.001,161491,-61.57942374547323,,
,,162000,,,,6.359609120962571,0.001,161877,-61.78123902301399,194.30481398701667,96.9
161,1948,162057,172.64985511999998,87.96,1001,,,,,,
161,1952,162442,175.30772910000005,89.12,1003,5.995662437751889,0.001,162260,-61.46037189165751,,
161,1956,162832,176.68751704,89.75,1005,2.223482003017348,0.001,162652,-61.50206997929787,,
,,163000,,,,3.302456050652724,0.001,162904,-61.663772005023375,185.44623884558678,94.3
161,1960,163178,179.25841099000004,90.99,1008,4.330763037006061,0.001,163000,-62.35833501815796,,
161,1964,163562,184.06305429000003,93.22,1010,4.45090188930944,0.001,163382,-61.69567287211515,,
161,1968,163947,187.79771004000003,94.9,1012,3.0471376758260824,0.001,163767,-61.869251092274986,,
,,164000,,,,2.7116236900028428,0.001,163862,-61.8431932926178,188.378331720829,95.2
161,1972,164337,189.33080654000005,95.59,1015,3.0537610618691695,0.001,164153,-61.98464089251579,,
161,1976,164683,189.90107734000006,95.83,1017,4.254319514365906,0.001,164504,-62.30335803742104,,
,,165000,,,,5.090934668089214,0.001,164882,-61.74575241406759,186.6611566543579,94.8
161,1980,165066,190.54821732999997,96.15,1020,,,,,,
161,1984,165411,190.10584596999993,96.04,1022,6.768495844677091,0.001,165231,-62.37400949001312,,
161,1988,165792,189.74063065,95.87,1024,5.425463607436733,0.001,165614,-61.39022731781006,,
,,166000,,,,3.711752830013152,0.001,165894,-62.37176359460709,185.4600501358509,94.1
161,1992,166169,189.30856368000005,95.7,1026,4.192577700865896,0.001,165989,-62.04614054903071,,
161,1996,166539,188.88485296000002,95.44,1028,4.0820696040203694,0.001,166361,-62.280993116662856,,
161,2000,166915,188.54983292,95.25,1030,3.346939208025628,0.001,166734,-62.358695821559174,,
,,167000,,,,6.672016341239214,0.001,166830,-62.2767805258433,190.29058104753494,96.3
161,2004,167305,188.51376382,95.25,1033,4.177830934524536,0.001,167121,-61.60373377799988,,
161,2008,167690,188.60117164,95.28,1036,5.2073566256737225,0.001,167510,-62.11063945536711,,
,,168000,,,,5.330756624121415,0.001,167890,-62.12032119433085,192.59442380070686,94.1
161,2012,168070,188.53564884000002,95.2,1038,,,,,,
161,2016,168444,188.39111007,94.99,1041,5.891776958678631,0.001,168265,-62.319084005152924,,
161,2020,168832,188.53476961999996,94.93,1043,4.606546625494957,0.001,168648,-62.41729338963827,,
,,169000,,,,4.763328256029071,0.001,168846,-62.66960433959961,197.10781180262566,94.6
161,2024,169218,188.52625436000002,94.91,1046,2.80133909990913,0.001,169036,-62.124184449513756,,
161,2028,169601,188.65363472000004,94.85,1048,3.5522594865999726,0.001,169420,-61.905400355656944,,
161,2032,169990,188.66262386,94.83,1050,7.026245519989415,0.001,169806,-62.051453510920204,,
,,170000,,,,6.185100764939279,0.001,169905,-62.02791019361846,188.3474301636219,94.9
161,2036,170371,188.66634981000004,94.77,1053,3.9696755879803707,0.001,170190,-61.56158105532328,,
161,2040,170758,188.62111073,94.73,1055,4.066519178525366,0.001,170580,-63.03558326721191,,
,,171000,,,,3.778329723624773,0.001,170864,-62.70324155117603,188.47707703113556,95.2
161,2044,171133,188.41398481,94.6,1058,5.126103246605004,0.001,170955,-61.32737062242296,,
161,2048,171512,188.26621452,94.55,1060,3.483335692435503,0.001,171334,-62.24505170186361,,
161,2052,171893,188.12424873,94.51,1062,7.9334653702874975,0.001,171712,-62.03194387753805,,
,,172000,,,,4.361314993543723,0.001,171905,-62.03589018185934,189.66300910115243,95.0
161,2056,172277,188.07348665,94.45,1065,7.182311215748389,0.001,172097,-62.85809373855591,,
161,2060,172654,188.87900396,94.76,1067,3.2341418743133543,0.001,172476,-62.07050657272339,,
,,173000,,,,4.639472830680109,0.001,172848,-61.755341793628446,188.65848590731622,94.6
161,2064,173030,188.79222177000003,94.68,1070,,,,,,
161,2068,173414,188.80836169999998,94.67,1072,6.314530725228159,0.001,173233,-62.2033154102082,,
161,2072,173796,188.79527197,94.59,1074,6.313717576417517,0.001,173618,-62.094165315019325,,
,,174000,,,,3.2720532697074267,0.001,173906,-62.50663578267,190.6447620511055,96.4
161,2076,174188,189.80470778999995,95.05,1077,3.3096379559449476,0.001,174005,-62.488671049779775,,
161,2080,174576,190.21265451000002,95.1,1079,6.056428136874218,0.001,174394,-62.45262885580257,,
161,2084,174963,191.24294234999996,95.52,1081,5.099864469499004,0.001,174779,-62.19870711346062,,
,,175000,,,,6.463934934500492,0.001,174878,-63.07879905700683,198.42950733304025,95.5
161,2088,175344,191.68349224999997,95.52,1084,2.582177396102618,0.001,175163,-63.440025578374446,,
161,2092,175722,192.0167896,95.53,1086,4.510759001082563,0.001,175542,-63.00674941691946,,
,,176000,,,,4.053502358888325,0.001,175828,-62.93169077237447,201.11191580295562,95.0
161,2096,176106,192.61616123000007,95.67,1088,6.337246330742984,0.001,175925,-63.195869286855064,,
161,2100,176481,192.88199011,95.66,1090,6.587071388325793,0.001,176304,-63.47164170285489,,
161,2104,176849,192.71255094,95.44,1092,4.283224262131585,0.001,176673,-63.31490622626411,,
,,177000,,,,4.2249022033479475,0.001,176854,-63.097781626383465,182.70037919282913,91.4
161,2108,177216,192.42534387,95.26,1095,4.60490540095738,0.001,177037,-62.88230268690321,,
161,2112,177597,192.47633625000003,95.27,1097,3.285255365073681,0.001,177415,-63.39301403363546,,
161,2116,177982,192.46567631999994,95.38,1098,5.856941706126499,0.001,177801,-63.39764817555746,,
,,178000,,,,5.697416453311841,0.001,177897,-63.096654415130615,188.412553781271,96.2
161,2120,178365,192.04544424000002,95.33,1101,5.3314791779769095,0.001,178184,-63.76812481880188,,
161,2124,178741,191.66495198000004,95.23,1103,4.064058915428493,0.001,178562,-63.495116192361586,,
,,179000,,,,3.8710101621667135,0.001,178849,-63.210898081461586,190.27380176186563,94.9
161,2128,179119,191.34440149999998,95.18,1106,4.029199805310977,0.001,178942,-63.21039394622154,,
161,2132,179500,191.04281789,95.1,1108,3.017038251672472,0.001,179320,-62.98386998079261,,
161,2136,179879,190.92975812,95.08,1110,5.563150082496887,0.001,179697,-63.83021155824053,,
,,180000,,,,3.757030940824939,0.001,179887,-64.00437794560972,188.22633038759233,93.7
161,2140,180258,190.86050385000007,95.0,1114,5.2443737336929805,0.001,180077,-64.13788669667345,,
161,2144,180634,190.95016440999999,95.01,1116,5.793049742266075,0.001,180457,-63.66433024406433,,
,,181000,,,,4.771176306491203,0.001,180831,-63.80926059154754,185.06748295426368,93.7
161,2148,181012,190.89428589999997,95.0,1119,,,,,,
161,2152,181385,190.86467459999997,94.92,1121,3.275680564019991,0.001,181207,-64.31231208469556,,
161,2156,181748,190.72742361000005,94.71,1123,5.480987795283285,0.001,181570,-63.600575595431856,,
,,182000,,,,5.830545466024797,0.001,181846,-64.58209261686906,187.0074539542198,90.5
161,2160,182116,190.72713183000005,94.62,1126,3.631605158795367,0.001,181937,-64.56388422648112,,
161,2164,182491,190.76413584999995,94.61,1128,4.728784884544129,0.001,182311,-64.46751282062937,,
161,2168,182861,190.64064677000002,94.47,1130,5.588133970896403,0.001,182686,-63.80826316995824,,
,,183000,,,,2.6975387930870056,0.001,182866,-63.3193359375,188.05419839024543,93.7
161,2172,183236,190.60488626999998,94.4,1132,5.156924622754256,0.001,183057,-64.54237564404805,,
161,2176,183612,190.51724965000005,94.24,1134,7.810520219278859,0.001,183434,-64.20029208971107,,
161,2180,183985,190.18367809000003,94.09,1136,4.9664321971196,0.001,183807,-64.26690308944039,,
,,184000,,,,4.6402441634926745,0.001,183900,-63.330624844165555,193.972099173069,94.3
161,2184,184363,190.30008235000003,94.0,1139,3.807888037414961,0.001,184185,-64.27589615531589,,
161,2188,184747,190.15682273000002,94.03,1141,5.581423152238131,0.001,184568,-64.7013606230418,,
,,185000,,,,5.929970472737362,0.001,184849,-64.33479917810318,194.98987879157067,93.7
161,2192,185125,190.29750875000002,94.03,1143,4.606259360755842,0.001,184946,-65.21410938185089,,
161,2196,185504,190.18508003,93.98,1145,3.152916928555103,0.001,185325,-64.16902339204829,,
161,2200,185882,190.33406656999995,94.01,1147,4.789387658886287,0.001,185700,-64.34758244390073,,
,,186000,,,,5.231712561781689,0.001,185890,-64.3714725413221,196.993945145607,95.2
161,2204,186259,190.75211450999998,94.1,1150,4.005124281061456,0.001,186079,-64.40279769897461,,
161,2208,186633,191.09868115999998,94.17,1152,4.3380134364833,0.001,186452,-65.1971957994544,,
,,187000,,,,3.2178395076464583,0.001,186832,-64.24299386207093,199.64260014295579,96.7
161,2212,187013,191.24662895999998,94.16,1154,,,,,,
161,2216,187387,191.41792193,94.05,1157,5.254952376767209,0.001,187207,-64.63362438120741,,
161,2220,187761,191.52702382999996,93.96,1159,3.718345525364081,0.001,187582,-64.21265109380086,,
,,188000,,,,5.627849391528538,0.001,187863,-64.17307815551757,198.6551608324051,95.7
161,2224,188137,191.97966068000002,93.96,1161,6.811560703578748,0.001,187958,-64.12014738718669,,
161,2228,188521,192.23367043000002,94.02,1163,4.563313648104668,0.001,188342,-64.09943540891011,,
162,2232,188898,192.60239952000003,93.98,1165,5.791096606980199,0.001,188718,-64.44208128555961,,
,,189000,,,,3.8963236212730408,0.001,188909,-64.61632084846497,200.46926140785217,96.8
161,2236,189286,193.11654825000002,94.07,1168,5.551764427446852,0.001,189107,-63.939567416322,,
161,2240,189665,193.46124704,94.07,1170,2.7439157938219836,0.001,189486,-64.18451075651208,,
,,190000,,,,5.12213330840071,0.001,189864,-64.89640967051189,197.15987532138826,96.7
161,2244,190047,193.85943655000003,94.13,1173,,,,,,
161,2248,190433,194.34709037000002,94.21,1175,4.675978616664284,0.001,190249,-65.8236773064796,,
161,2252,190813,194.7746394,94.28,1178,5.788527880945513,0.001,190634,-64.28536305529006,,
,,191000,,,,2.549844443170648,0.001,190823,-65.44418221331657,199.32213976979256,98.7
161,2256,191193,195.21606604000002,94.45,1180,2.9585753362229528,0.001,191014,-64.60416217560464,,
161,2260,191569,195.61800401,94.53,1183,4.065743726688427,0.001,191392,-65.11942365895148,,
161,2264,191937,195.88213486000004,94.46,1185,6.799593781376933,0.001,191761,-64.09533250596789,,
,,192000,,,,4.552804708480835,0.001,191852,-65.10141911713973,196.53310069441795,94.5
161,2268,192314,196.2584857,94.53,1188,5.986720699135975,0.001,192137,-64.70369844851287,,
161,2272,192702,196.44649033999997,94.66,1190,5.150567116196623,0.001,192521,-64.333070119222,,
,,193000,,,,6.071732893730831,0.001,192912,-64.97733541635367,197.0943834245205,98.1
161,2276,193096,196.79529714,94.84,1193,,,,,,
161,2280,193489,197.16723462000002,95.04,1195,5.193310645020124,0.001,193310,-64.89296370286208,,
161,2284,193877,197.18831948,95.14,1197,5.307747267186642,0.001,193692,-64.74494020144145,,
,,194000,,,,6.255139989852905,0.001,193892,-64.89764129638672,199.23560614585875,95.9
161,2288,194269,197.36433144999998,95.22,1200,6.152137117810769,0.001,194086,-64.92080740835152,,
161,2292,194652,197.36971184,95.27,1202,4.09483417597684,0.001,194472,-64.39683418273925,,
,,195000,,,,2.952121163151928,0.001,194856,-64.88272764244859,194.70151218771935,98.0
161,2296,195035,197.25683770000003,95.31,1205,,,,,,
161,2300,195429,197.19372875000002,95.47,1206,5.569687586081655,0.001,195242,-64.60631306966145,,
161,2304,195815,197.10061992,95.56,1208,4.488021429138954,0.001,195638,-64.29155632019042,,
,,196000,,,,3.735911294978152,0.001,195823,-64.82049560546875,195.04500338435173,93.9
161,2308,196192,197.12049238000003,95.59,1211,3.770553252199194,0.001,196009,-64.33269593980577,,
162,2312,196567,197.13371579,95.54,1213,4.576399385288197,0.001,196387,-64.50805498206097,,
162,2316,196948,197.08471768999996,95.61,1215,5.53473114060319,0.001,196767,-64.15035380487856,,
,,197000,,,,3.5909469226996102,0.001,196863,-64.58010212580363,194.4892535328865,93.3
161,2320,197321,197.22964474,95.6,1218,6.371555910162304,0.001,197143,-64.33890674425209,,
161,2324,197701,197.1947395,95.64,1220,4.356036721418302,0.001,197521,-64.09911163647969,,
,,198000,,,,4.841780749234286,0.001,197905,-64.7464010277573,199.60477762818337,94.4
161,2328,198086,197.31641652,95.65,1223,,,,,,
161,2332,198456,197.40576000999997,95.58,1225,3.6337192109836045,0.001,198279,-63.71322092802628,,
161,2336,198830,197.22906202999994,95.44,1227,4.211035713707049,0.001,198653,-64.1539347966512,,
,,199000,,,,4.082740761900461,0.001,198838,-64.32875190897191,200.71796265244484,95.2
161,2340,199208,197.33209033,95.43,1230,4.219492444428065,0.001,199026,-64.69053422643783,,
161,2344,199582,197.53961436,95.35,1232,2.5468878252531892,0.001,199405,-64.17061731089716,,
161,2348,199957,197.48920836000002,95.24,1234,2.8195591919200935,0.001,199780,-64.4064107622419,,
,,200000,,,,3.8143990182358287,0.001,199872,-64.91460128452466,196.8973579466343,95.0
